{"type":"FeatureCollection","features":[{"type":"Feature","geometry":{"type":"Polygon","coordinates":[[[-0.518,39.35167544783983],[-0.5184000000000001,39.35167544783983],[-0.5184000000000001,39.35147523709168],[-0.5192,39.35127502634352],[-0.5192,39.35007376185458],[-0.5194000000000001,39.35007376185458],[-0.5194000000000001,39.3504741833509],[-0.5196000000000001,39.3504741833509],[-0.5196000000000001,39.35067439409905],[-0.5198,39.35067439409905],[-0.52,39.35107481559536],[-0.5202,39.35107481559536],[-0.5202,39.35127502634352],[-0.52,39.35127502634352],[-0.52,39.35167544783983],[-0.5198,39.35167544783983],[-0.5198,39.351875658587986],[-0.52,39.351875658587986],[-0.52,39.3522760800843],[-0.5196000000000001,39.3522760800843],[-0.5196000000000001,39.352476290832456],[-0.5192,39.3522760800843],[-0.519,39.35267650158061],[-0.5186000000000001,39.35267650158061],[-0.5184000000000001,39.3522760800843],[-0.5174000000000001,39.3522760800843],[-0.5174000000000001,39.35147523709168],[-0.5172,39.35147523709168],[-0.5172,39.35127502634352],[-0.518,39.35127502634352],[-0.518,39.35167544783983]],[[-0.5192,39.351875658587986],[-0.519,39.351875658587986],[-0.519,39.3522760800843],[-0.5192,39.3522760800843],[-0.5192,39.351875658587986]]]},"properties":{"area_sqm":30579.4,"area_ha":3.06,"area_km2":0.0306,"backscatter_change_db":-5.05,"flood_confidence":0.228,"pixel_count":80,"source":"Sentinel-1 RTC COG log-ratio \u0394\u03c3\u00b0 < \u22123 dB"}},{"type":"Feature","geometry":{"type":"Polygon","coordinates":[[[-0.48980000000000007,39.34486828240253],[-0.48980000000000007,39.34446786090622],[-0.4902,39.34446786090622],[-0.4902,39.34426765015806],[-0.49000000000000005,39.34426765015806],[-0.49000000000000005,39.343667017913596],[-0.4902,39.343667017913596],[-0.4902,39.34326659641728],[-0.49000000000000005,39.34326659641728],[-0.49000000000000005,39.343466807165434],[-0.48980000000000007,39.343466807165434],[-0.48980000000000007,39.34326659641728],[-0.48940000000000006,39.34326659641728],[-0.48940000000000006,39.343466807165434],[-0.4892,39.343466807165434],[-0.4892,39.343066385669125],[-0.48960000000000004,39.34286617492097],[-0.48960000000000004,39.342465753424655],[-0.48940000000000006,39.342465753424655],[-0.48960000000000004,39.342065331928346],[-0.49000000000000005,39.342065331928346],[-0.4902,39.342465753424655],[-0.49100000000000005,39.342465753424655],[-0.49100000000000005,39.34326659641728],[-0.4908,39.34326659641728],[-0.4908,39.343667017913596],[-0.49060000000000004,39.343667017913596],[-0.49040000000000006,39.34486828240253],[-0.49000000000000005,39.345068493150684],[-0.49000000000000005,39.345669125395155],[-0.4902,39.345669125395155],[-0.4902,39.34586933614331],[-0.48980000000000007,39.346069546891464],[-0.48980000000000007,39.346670179135934],[-0.48940000000000006,39.34687038988409],[-0.48940000000000006,39.346670179135934],[-0.4892,39.346670179135934],[-0.4892,39.346069546891464],[-0.48940000000000006,39.346069546891464],[-0.48940000000000006,39.345468914647],[-0.48960000000000004,39.345468914647],[-0.48940000000000006,39.345068493150684],[-0.48980000000000007,39.34486828240253]],[[-0.49000000000000005,39.342465753424655],[-0.48980000000000007,39.342465753424655],[-0.48980000000000007,39.34266596417282],[-0.49000000000000005,39.34266596417282],[-0.49000000000000005,39.342465753424655]]]},"properties":{"area_sqm":33637.3,"area_ha":3.36,"area_km2":0.0336,"backscatter_change_db":-8.45,"flood_confidence":0.606,"pixel_count":88,"source":"Sentinel-1 RTC COG log-ratio \u0394\u03c3\u00b0 < \u22123 dB"}},{"type":"Feature","geometry":{"type":"Polygon","coordinates":[[[-0.45720000000000005,39.352476290832456],[-0.45720000000000005,39.35207586933614],[-0.45740000000000003,39.35207586933614],[-0.45740000000000003,39.351875658587986],[-0.45820000000000005,39.351875658587986],[-0.45840000000000003,39.35147523709168],[-0.45880000000000004,39.35127502634352],[-0.45880000000000004,39.350874604847206],[-0.459,39.350874604847206],[-0.459,39.35067439409905],[-0.45920000000000005,39.35067439409905],[-0.45920000000000005,39.35127502634352],[-0.45960000000000006,39.35127502634352],[-0.45960000000000006,39.35147523709168],[-0.45980000000000004,39.35147523709168],[-0.45980000000000004,39.35167544783983],[-0.45920000000000005,39.35167544783983],[-0.45920000000000005,39.35207586933614],[-0.45880000000000004,39.351875658587986],[-0.45880000000000004,39.352476290832456],[-0.45840000000000003,39.352476290832456],[-0.45840000000000003,39.35307692307693],[-0.45860000000000006,39.35307692307693],[-0.45860000000000006,39.352876712328765],[-0.45920000000000005,39.352876712328765],[-0.45920000000000005,39.35327713382508],[-0.459,39.35327713382508],[-0.459,39.35307692307693],[-0.45880000000000004,39.35307692307693],[-0.45880000000000004,39.35327713382508],[-0.45840000000000003,39.35327713382508],[-0.45840000000000003,39.353877766069544],[-0.45820000000000005,39.353877766069544],[-0.45820000000000005,39.353477344573236],[-0.45780000000000004,39.353477344573236],[-0.45780000000000004,39.35267650158061],[-0.458,39.35267650158061],[-0.458,39.35207586933614],[-0.45760000000000006,39.35207586933614],[-0.45760000000000006,39.3522760800843],[-0.45740000000000003,39.3522760800843],[-0.45740000000000003,39.352876712328765],[-0.45660000000000006,39.35327713382508],[-0.45660000000000006,39.35367755532139],[-0.45620000000000005,39.35367755532139],[-0.45620000000000005,39.35427818756586],[-0.456,39.35427818756586],[-0.456,39.35327713382508],[-0.45620000000000005,39.35327713382508],[-0.45620000000000005,39.352876712328765],[-0.456,39.352876712328765],[-0.456,39.3522760800843],[-0.45640000000000003,39.35207586933614],[-0.45640000000000003,39.352876712328765],[-0.45680000000000004,39.352876712328765],[-0.45680000000000004,39.352476290832456],[-0.45720000000000005,39.352476290832456]]]},"properties":{"area_sqm":35548.5,"area_ha":3.55,"area_km2":0.0355,"backscatter_change_db":-6.64,"flood_confidence":0.404,"pixel_count":93,"source":"Sentinel-1 RTC COG log-ratio \u0394\u03c3\u00b0 < \u22123 dB"}},{"type":"Feature","geometry":{"type":"Polygon","coordinates":[[[-0.44960000000000006,39.323645943098],[-0.44960000000000006,39.323846153846155],[-0.45000000000000007,39.323846153846155],[-0.45000000000000007,39.324246575342464],[-0.44980000000000003,39.324246575342464],[-0.44980000000000003,39.324446786090625],[-0.4494,39.324246575342464],[-0.4494,39.324446786090625],[-0.44880000000000003,39.324446786090625],[-0.44880000000000003,39.32464699683878],[-0.44760000000000005,39.32464699683878],[-0.44800000000000006,39.325447839831405],[-0.44860000000000005,39.325447839831405],[-0.44860000000000005,39.32524762908324],[-0.44900000000000007,39.32504741833509],[-0.44920000000000004,39.32464699683878],[-0.44960000000000006,39.32464699683878],[-0.4494,39.32504741833509],[-0.44980000000000003,39.32504741833509],[-0.44980000000000003,39.32524762908324],[-0.44960000000000006,39.32524762908324],[-0.44960000000000006,39.32564805057956],[-0.44980000000000003,39.32564805057956],[-0.44980000000000003,39.325848261327714],[-0.44920000000000004,39.325848261327714],[-0.44920000000000004,39.32564805057956],[-0.44880000000000003,39.32564805057956],[-0.44880000000000003,39.325848261327714],[-0.44900000000000007,39.325848261327714],[-0.44880000000000003,39.32624868282402],[-0.4484,39.32624868282402],[-0.4484,39.32564805057956],[-0.44800000000000006,39.32564805057956],[-0.44780000000000003,39.32604847207587],[-0.4474,39.32604847207587],[-0.4474,39.32624868282402],[-0.44700000000000006,39.32604847207587],[-0.44700000000000006,39.325848261327714],[-0.44760000000000005,39.325848261327714],[-0.44760000000000005,39.32564805057956],[-0.4474,39.32564805057956],[-0.4474,39.32524762908324],[-0.44760000000000005,39.32524762908324],[-0.44760000000000005,39.32504741833509],[-0.44720000000000004,39.324847207586934],[-0.4474,39.324446786090625],[-0.44700000000000006,39.324446786090625],[-0.44700000000000006,39.32464699683878],[-0.44680000000000003,39.32464699683878],[-0.44680000000000003,39.32504741833509],[-0.44720000000000004,39.32524762908324],[-0.44700000000000006,39.32564805057956],[-0.44680000000000003,39.32564805057956],[-0.44680000000000003,39.325447839831405],[-0.44620000000000004,39.325447839831405],[-0.44620000000000004,39.32524762908324],[-0.44660000000000005,39.32524762908324],[-0.4464,39.324847207586934],[-0.44580000000000003,39.324847207586934],[-0.44580000000000003,39.32464699683878],[-0.44560000000000005,39.32464699683878],[-0.44560000000000005,39.324847207586934],[-0.4444,39.32464699683878],[-0.4444,39.324446786090625],[-0.44460000000000005,39.324446786090625],[-0.44460000000000005,39.32404636459431],[-0.44500000000000006,39.32404636459431],[-0.44500000000000006,39.323846153846155],[-0.44520000000000004,39.323846153846155],[-0.44520000000000004,39.32404636459431],[-0.44560000000000005,39.32404636459431],[-0.44560000000000005,39.323645943098],[-0.44580000000000003,39.323645943098],[-0.44580000000000003,39.323846153846155],[-0.44620000000000004,39.323846153846155],[-0.44620000000000004,39.323645943098],[-0.4464,39.323645943098],[-0.4464,39.32264488935722],[-0.44700000000000006,39.32264488935722],[-0.44700000000000006,39.322845100105376],[-0.44660000000000005,39.32304531085353],[-0.44680000000000003,39.323445732349846],[-0.44720000000000004,39.323445732349846],[-0.44720000000000004,39.322845100105376],[-0.4474,39.322845100105376],[-0.4474,39.32304531085353],[-0.44760000000000005,39.32304531085353],[-0.44760000000000005,39.323445732349846],[-0.44800000000000006,39.323445732349846],[-0.44800000000000006,39.323245521601685],[-0.4484,39.323245521601685],[-0.4484,39.323445732349846],[-0.44920000000000004,39.323445732349846],[-0.44920000000000004,39.323245521601685],[-0.4494,39.323245521601685],[-0.4494,39.323645943098],[-0.44960000000000006,39.323645943098]],[[-0.44720000000000004,39.323846153846155],[-0.4474,39.323846153846155],[-0.4474,39.323445732349846],[-0.44720000000000004,39.323445732349846],[-0.44720000000000004,39.323846153846155]],[[-0.44680000000000003,39.323846153846155],[-0.44680000000000003,39.32404636459431],[-0.44720000000000004,39.32404636459431],[-0.44720000000000004,39.323846153846155],[-0.44680000000000003,39.323846153846155]],[[-0.44620000000000004,39.32404636459431],[-0.44620000000000004,39.324246575342464],[-0.44600000000000006,39.324246575342464],[-0.44620000000000004,39.32464699683878],[-0.4464,39.32464699683878],[-0.4464,39.324446786090625],[-0.44680000000000003,39.324446786090625],[-0.44680000000000003,39.32404636459431],[-0.44620000000000004,39.32404636459431]],[[-0.4474,39.32404636459431],[-0.44760000000000005,39.32404636459431],[-0.44760000000000005,39.323846153846155],[-0.4474,39.323846153846155],[-0.4474,39.32404636459431]],[[-0.44860000000000005,39.324446786090625],[-0.44860000000000005,39.324246575342464],[-0.44900000000000007,39.324246575342464],[-0.44900000000000007,39.32404636459431],[-0.44820000000000004,39.323645943098],[-0.44820000000000004,39.32404636459431],[-0.44800000000000006,39.32404636459431],[-0.44800000000000006,39.324246575342464],[-0.44820000000000004,39.324246575342464],[-0.44820000000000004,39.324446786090625],[-0.44860000000000005,39.324446786090625]]]},"properties":{"area_sqm":71861.6,"area_ha":7.19,"area_km2":0.0719,"backscatter_change_db":-4.5,"flood_confidence":0.167,"pixel_count":188,"source":"Sentinel-1 RTC COG log-ratio \u0394\u03c3\u00b0 < \u22123 dB"}},{"type":"Feature","geometry":{"type":"Polygon","coordinates":[[[-0.44100000000000006,39.33926238145416],[-0.44100000000000006,39.33906217070601],[-0.44120000000000004,39.33906217070601],[-0.44120000000000004,39.33866174920969],[-0.4408,39.33846153846154],[-0.4408,39.33826132771338],[-0.4404,39.33846153846154],[-0.4404,39.33866174920969],[-0.44000000000000006,39.33866174920969],[-0.44000000000000006,39.33846153846154],[-0.4398,39.33846153846154],[-0.4398,39.33806111696523],[-0.4394,39.33806111696523],[-0.43920000000000003,39.33766069546891],[-0.43960000000000005,39.33746048472076],[-0.43960000000000005,39.337860906217074],[-0.44060000000000005,39.337860906217074],[-0.44060000000000005,39.33766069546891],[-0.4414,39.33766069546891],[-0.4414,39.33746048472076],[-0.44160000000000005,39.33746048472076],[-0.44160000000000005,39.33706006322445],[-0.44200000000000006,39.33706006322445],[-0.44200000000000006,39.33846153846154],[-0.4418,39.33846153846154],[-0.44160000000000005,39.34006322444679],[-0.4414,39.34006322444679],[-0.4414,39.34086406743941],[-0.44120000000000004,39.34086406743941],[-0.44120000000000004,39.34066385669126],[-0.4404,39.34066385669126],[-0.4404,39.340463645943096],[-0.44100000000000006,39.340463645943096],[-0.44100000000000006,39.34026343519494],[-0.44120000000000004,39.34026343519494],[-0.44120000000000004,39.34006322444679],[-0.44100000000000006,39.34006322444679],[-0.44100000000000006,39.33986301369863],[-0.44120000000000004,39.33986301369863],[-0.44120000000000004,39.33926238145416],[-0.44100000000000006,39.33926238145416]]]},"properties":{"area_sqm":32490.6,"area_ha":3.25,"area_km2":0.0325,"backscatter_change_db":-7.95,"flood_confidence":0.55,"pixel_count":85,"source":"Sentinel-1 RTC COG log-ratio \u0394\u03c3\u00b0 < \u22123 dB"}},{"type":"Feature","geometry":{"type":"Polygon","coordinates":[[[-0.4292,39.34186512118019],[-0.4292,39.34126448893572],[-0.43000000000000005,39.34086406743941],[-0.43000000000000005,39.34126448893572],[-0.43040000000000006,39.34106427818757],[-0.43040000000000006,39.341464699683875],[-0.4298,39.341464699683875],[-0.4298,39.34166491043204],[-0.43060000000000004,39.34166491043204],[-0.43060000000000004,39.34186512118019],[-0.43100000000000005,39.34186512118019],[-0.4312,39.3422655426765],[-0.4308,39.3422655426765],[-0.4308,39.342465753424655],[-0.42960000000000004,39.3422655426765],[-0.42960000000000004,39.342465753424655],[-0.42940000000000006,39.342465753424655],[-0.42940000000000006,39.34286617492097],[-0.4292,39.34286617492097],[-0.4292,39.343066385669125],[-0.4288,39.343066385669125],[-0.4288,39.343466807165434],[-0.42840000000000006,39.343667017913596],[-0.42840000000000006,39.34426765015806],[-0.42800000000000005,39.34426765015806],[-0.42800000000000005,39.344067439409905],[-0.4282,39.344067439409905],[-0.4282,39.343066385669125],[-0.42840000000000006,39.343066385669125],[-0.42840000000000006,39.34266596417282],[-0.4292,39.342465753424655],[-0.4292,39.3422655426765],[-0.42900000000000005,39.3422655426765],[-0.42900000000000005,39.34186512118019],[-0.4292,39.34186512118019]]]},"properties":{"area_sqm":27139.2,"area_ha":2.71,"area_km2":0.0271,"backscatter_change_db":-7.64,"flood_confidence":0.515,"pixel_count":71,"source":"Sentinel-1 RTC COG log-ratio \u0394\u03c3\u00b0 < \u22123 dB"}},{"type":"Feature","geometry":{"type":"Polygon","coordinates":[[[-0.41080000000000005,39.32624868282402],[-0.41080000000000005,39.32604847207587],[-0.41020000000000006,39.32604847207587],[-0.41020000000000006,39.325848261327714],[-0.40980000000000005,39.325848261327714],[-0.40980000000000005,39.325447839831405],[-0.40940000000000004,39.325447839831405],[-0.40940000000000004,39.32504741833509],[-0.41140000000000004,39.32524762908324],[-0.41140000000000004,39.325447839831405],[-0.41180000000000005,39.325447839831405],[-0.41200000000000003,39.32504741833509],[-0.41280000000000006,39.32504741833509],[-0.41280000000000006,39.325447839831405],[-0.4126,39.325447839831405],[-0.4126,39.32564805057956],[-0.41280000000000006,39.32564805057956],[-0.41280000000000006,39.325848261327714],[-0.4132,39.325848261327714],[-0.4132,39.326448893572184],[-0.41300000000000003,39.326448893572184],[-0.41300000000000003,39.32664910432034],[-0.4126,39.326448893572184],[-0.4126,39.32624868282402],[-0.41200000000000003,39.32624868282402],[-0.41200000000000003,39.32604847207587],[-0.4116,39.32604847207587],[-0.4116,39.32564805057956],[-0.41140000000000004,39.32564805057956],[-0.41140000000000004,39.32604847207587],[-0.41120000000000007,39.32604847207587],[-0.41120000000000007,39.32624868282402],[-0.41080000000000005,39.32624868282402]]]},"properties":{"area_sqm":29814.9,"area_ha":2.98,"area_km2":0.0298,"backscatter_change_db":-7.64,"flood_confidence":0.515,"pixel_count":78,"source":"Sentinel-1 RTC COG log-ratio \u0394\u03c3\u00b0 < \u22123 dB"}},{"type":"Feature","geometry":{"type":"Polygon","coordinates":[[[-0.38360000000000005,39.335858798735515],[-0.38360000000000005,39.33565858798735],[-0.38380000000000003,39.33565858798735],[-0.38380000000000003,39.335258166491045],[-0.38400000000000006,39.335258166491045],[-0.38400000000000006,39.33565858798735],[-0.3844,39.3354583772392],[-0.3844,39.33485774499473],[-0.38460000000000005,39.33485774499473],[-0.38460000000000005,39.334657534246574],[-0.3844,39.334657534246574],[-0.3844,39.33445732349842],[-0.38380000000000003,39.33445732349842],[-0.38380000000000003,39.334657534246574],[-0.38420000000000004,39.334657534246574],[-0.38420000000000004,39.33485774499473],[-0.38360000000000005,39.33485774499473],[-0.38360000000000005,39.334657534246574],[-0.38300000000000006,39.334657534246574],[-0.38300000000000006,39.33485774499473],[-0.38260000000000005,39.33485774499473],[-0.38260000000000005,39.334657534246574],[-0.38280000000000003,39.334657534246574],[-0.38280000000000003,39.33445732349842],[-0.38360000000000005,39.33445732349842],[-0.38360000000000005,39.334257112750265],[-0.38380000000000003,39.334257112750265],[-0.38380000000000003,39.333656480505795],[-0.38460000000000005,39.333656480505795],[-0.38460000000000005,39.33345626975764],[-0.38480000000000003,39.33345626975764],[-0.385,39.33305584826133],[-0.3854,39.33305584826133],[-0.3854,39.333256059009486],[-0.38560000000000005,39.333256059009486],[-0.38560000000000005,39.33345626975764],[-0.38520000000000004,39.33345626975764],[-0.38520000000000004,39.333656480505795],[-0.3854,39.333656480505795],[-0.3854,39.334257112750265],[-0.385,39.334257112750265],[-0.385,39.33505795574289],[-0.38480000000000003,39.33505795574289],[-0.38480000000000003,39.33565858798735],[-0.38460000000000005,39.33565858798735],[-0.3844,39.33645943097998],[-0.38480000000000003,39.336259220231824],[-0.38480000000000003,39.335858798735515],[-0.38520000000000004,39.335858798735515],[-0.38520000000000004,39.33605900948367],[-0.38580000000000003,39.33605900948367],[-0.38580000000000003,39.336259220231824],[-0.38520000000000004,39.336259220231824],[-0.38520000000000004,39.33645943097998],[-0.38560000000000005,39.33645943097998],[-0.38560000000000005,39.33665964172813],[-0.3854,39.33665964172813],[-0.38520000000000004,39.33706006322445],[-0.38420000000000004,39.33706006322445],[-0.38420000000000004,39.336859852476294],[-0.38400000000000006,39.336859852476294],[-0.38400000000000006,39.33665964172813],[-0.38420000000000004,39.33665964172813],[-0.38420000000000004,39.335858798735515],[-0.38380000000000003,39.335858798735515],[-0.38360000000000005,39.336259220231824],[-0.3834,39.336259220231824],[-0.3834,39.335858798735515],[-0.38360000000000005,39.335858798735515]]]},"properties":{"area_sqm":41282.2,"area_ha":4.13,"area_km2":0.0413,"backscatter_change_db":-4.24,"flood_confidence":0.138,"pixel_count":108,"source":"Sentinel-1 RTC COG log-ratio \u0394\u03c3\u00b0 < \u22123 dB"}},{"type":"Feature","geometry":{"type":"Polygon","coordinates":[[[-0.39440000000000003,39.356480505795574],[-0.39480000000000004,39.35668071654373],[-0.39480000000000004,39.35628029504742],[-0.39580000000000004,39.35628029504742],[-0.39560000000000006,39.357081138040044],[-0.395,39.357081138040044],[-0.395,39.35748155953635],[-0.39520000000000005,39.35748155953635],[-0.39520000000000005,39.3572813487882],[-0.39560000000000006,39.3572813487882],[-0.39560000000000006,39.35748155953635],[-0.39580000000000004,39.35748155953635],[-0.39580000000000004,39.358082191780824],[-0.39560000000000006,39.358082191780824],[-0.39560000000000006,39.35848261327713],[-0.39480000000000004,39.35848261327713],[-0.39480000000000004,39.35888303477345],[-0.395,39.35888303477345],[-0.395,39.3590832455216],[-0.39460000000000006,39.3590832455216],[-0.39440000000000003,39.35868282402529],[-0.39380000000000004,39.35868282402529],[-0.39380000000000004,39.35848261327713],[-0.39360000000000006,39.35848261327713],[-0.39360000000000006,39.358082191780824],[-0.39320000000000005,39.358082191780824],[-0.39320000000000005,39.35828240252898],[-0.393,39.35828240252898],[-0.393,39.35848261327713],[-0.39260000000000006,39.35868282402529],[-0.39260000000000006,39.3590832455216],[-0.39220000000000005,39.35928345626976],[-0.39220000000000005,39.35948366701791],[-0.39280000000000004,39.35948366701791],[-0.39260000000000006,39.36028451001054],[-0.39220000000000005,39.36028451001054],[-0.39220000000000005,39.36048472075869],[-0.39160000000000006,39.36048472075869],[-0.39160000000000006,39.36028451001054],[-0.39,39.36028451001054],[-0.38980000000000004,39.35988408851423],[-0.3894,39.35988408851423],[-0.3894,39.36008429926238],[-0.38880000000000003,39.36008429926238],[-0.38880000000000003,39.35988408851423],[-0.38720000000000004,39.35988408851423],[-0.38720000000000004,39.35968387776607],[-0.3854,39.35968387776607],[-0.3854,39.35948366701791],[-0.38420000000000004,39.35948366701791],[-0.38420000000000004,39.35928345626976],[-0.38320000000000004,39.35928345626976],[-0.38320000000000004,39.3590832455216],[-0.3824,39.3590832455216],[-0.3824,39.35888303477345],[-0.38220000000000004,39.35888303477345],[-0.38220000000000004,39.35828240252898],[-0.38260000000000005,39.35828240252898],[-0.38280000000000003,39.35868282402529],[-0.38360000000000005,39.35868282402529],[-0.38360000000000005,39.35848261327713],[-0.38380000000000003,39.35848261327713],[-0.38380000000000003,39.358082191780824],[-0.38360000000000005,39.358082191780824],[-0.38360000000000005,39.35788198103267],[-0.38400000000000006,39.35788198103267],[-0.38400000000000006,39.35768177028451],[-0.38480000000000003,39.35748155953635],[-0.38480000000000003,39.35668071654373],[-0.385,39.35668071654373],[-0.385,39.357081138040044],[-0.386,39.357081138040044],[-0.386,39.35688092729189],[-0.38580000000000003,39.35688092729189],[-0.38580000000000003,39.356080084299265],[-0.38560000000000005,39.356080084299265],[-0.38560000000000005,39.35567966280295],[-0.38620000000000004,39.35567966280295],[-0.38620000000000004,39.3558798735511],[-0.3864,39.3558798735511],[-0.3864,39.355479452054794],[-0.38660000000000005,39.355479452054794],[-0.3864,39.355079030558485],[-0.38660000000000005,39.355079030558485],[-0.38680000000000003,39.35467860906217],[-0.3874,39.35467860906217],[-0.3874,39.354878819810324],[-0.38780000000000003,39.354878819810324],[-0.38780000000000003,39.355079030558485],[-0.38820000000000005,39.355079030558485],[-0.38820000000000005,39.354878819810324],[-0.3884,39.354878819810324],[-0.38820000000000005,39.354478398314015],[-0.388,39.354478398314015],[-0.388,39.354077976817706],[-0.38760000000000006,39.354077976817706],[-0.38760000000000006,39.35427818756586],[-0.38720000000000004,39.354077976817706],[-0.38720000000000004,39.35367755532139],[-0.38760000000000006,39.353477344573236],[-0.38760000000000006,39.35327713382508],[-0.3884,39.35327713382508],[-0.3884,39.352876712328765],[-0.38820000000000005,39.352876712328765],[-0.38820000000000005,39.351875658587986],[-0.3884,39.351875658587986],[-0.3884,39.35167544783983],[-0.38880000000000003,39.35147523709168],[-0.38860000000000006,39.35107481559536],[-0.388,39.35107481559536],[-0.388,39.350874604847206],[-0.38820000000000005,39.350874604847206],[-0.38820000000000005,39.3504741833509],[-0.388,39.3504741833509],[-0.388,39.35027397260274],[-0.38820000000000005,39.35027397260274],[-0.38820000000000005,39.34987355110643],[-0.3884,39.34987355110643],[-0.3884,39.34967334035827],[-0.38860000000000006,39.34967334035827],[-0.38860000000000006,39.3504741833509],[-0.38880000000000003,39.3504741833509],[-0.38880000000000003,39.35067439409905],[-0.38920000000000005,39.3504741833509],[-0.38920000000000005,39.35027397260274],[-0.389,39.35027397260274],[-0.389,39.34987355110643],[-0.38980000000000004,39.34987355110643],[-0.38980000000000004,39.35007376185458],[-0.3904,39.35007376185458],[-0.3904,39.35027397260274],[-0.39080000000000004,39.35027397260274],[-0.39080000000000004,39.34987355110643],[-0.3904,39.34987355110643],[-0.3904,39.34947312961012],[-0.39080000000000004,39.34947312961012],[-0.391,39.34867228661749],[-0.39060000000000006,39.34867228661749],[-0.39060000000000006,39.3490727081138],[-0.3904,39.3490727081138],[-0.39020000000000005,39.34947312961012],[-0.38980000000000004,39.34947312961012],[-0.38980000000000004,39.34927291886196],[-0.39,39.34927291886196],[-0.39020000000000005,39.34847207586934],[-0.3904,39.34847207586934],[-0.3904,39.348271865121184],[-0.39080000000000004,39.348271865121184],[-0.39080000000000004,39.34787144362487],[-0.39160000000000006,39.34767123287671],[-0.39160000000000006,39.34747102212856],[-0.391,39.34747102212856],[-0.391,39.3472708113804],[-0.3904,39.3472708113804],[-0.3904,39.34707060063224],[-0.39,39.34707060063224],[-0.38980000000000004,39.34747102212856],[-0.38960000000000006,39.34747102212856],[-0.38960000000000006,39.34707060063224],[-0.38920000000000005,39.34707060063224],[-0.38920000000000005,39.346670179135934],[-0.38960000000000006,39.346670179135934],[-0.38960000000000006,39.34687038988409],[-0.39020000000000005,39.34687038988409],[-0.39020000000000005,39.346670179135934],[-0.39080000000000004,39.346670179135934],[-0.391,39.34626975763962],[-0.3914,39.34626975763962],[-0.3914,39.34646996838778],[-0.39180000000000004,39.34646996838778],[-0.392,39.346069546891464],[-0.39220000000000005,39.346069546891464],[-0.39220000000000005,39.34626975763962],[-0.393,39.34626975763962],[-0.393,39.346069546891464],[-0.39220000000000005,39.34586933614331],[-0.39220000000000005,39.345669125395155],[-0.39280000000000004,39.345669125395155],[-0.39280000000000004,39.34586933614331],[-0.39320000000000005,39.34586933614331],[-0.39320000000000005,39.345669125395155],[-0.3934,39.345669125395155],[-0.39320000000000005,39.34526870389884],[-0.39360000000000006,39.34526870389884],[-0.39360000000000006,39.345068493150684],[-0.39320000000000005,39.34486828240253],[-0.39320000000000005,39.34446786090622],[-0.39260000000000006,39.34446786090622],[-0.39260000000000006,39.34426765015806],[-0.3924,39.34426765015806],[-0.3924,39.34446786090622],[-0.392,39.34446786090622],[-0.392,39.34426765015806],[-0.39220000000000005,39.34426765015806],[-0.3924,39.34386722866175],[-0.39260000000000006,39.34386722866175],[-0.39260000000000006,39.343667017913596],[-0.3924,39.343667017913596],[-0.39260000000000006,39.34326659641728],[-0.39180000000000004,39.34326659641728],[-0.39160000000000006,39.343667017913596],[-0.39120000000000005,39.343667017913596],[-0.39120000000000005,39.343466807165434],[-0.3914,39.343466807165434],[-0.39120000000000005,39.343066385669125],[-0.3914,39.343066385669125],[-0.3914,39.34266596417282],[-0.39160000000000006,39.34266596417282],[-0.39160000000000006,39.342465753424655],[-0.39120000000000005,39.342465753424655],[-0.39120000000000005,39.3422655426765],[-0.3914,39.3422655426765],[-0.3914,39.342065331928346],[-0.392,39.342065331928346],[-0.392,39.34186512118019],[-0.39280000000000004,39.34186512118019],[-0.39260000000000006,39.341464699683875],[-0.3934,39.341464699683875],[-0.3934,39.34126448893572],[-0.39320000000000005,39.34126448893572],[-0.39320000000000005,39.34086406743941],[-0.39280000000000004,39.34086406743941],[-0.39280000000000004,39.34066385669126],[-0.3934,39.34066385669126],[-0.3934,39.34086406743941],[-0.39380000000000004,39.34106427818757],[-0.39380000000000004,39.340463645943096],[-0.3934,39.340463645943096],[-0.3934,39.34026343519494],[-0.393,39.34026343519494],[-0.393,39.34006322444679],[-0.39220000000000005,39.34006322444679],[-0.39220000000000005,39.33986301369863],[-0.39180000000000004,39.33986301369863],[-0.39180000000000004,39.33946259220232],[-0.39280000000000004,39.33946259220232],[-0.393,39.33906217070601],[-0.39220000000000005,39.33906217070601],[-0.39220000000000005,39.33886195995785],[-0.39320000000000005,39.33886195995785],[-0.3934,39.33926238145416],[-0.39380000000000004,39.33926238145416],[-0.394,39.33966280295047],[-0.39480000000000004,39.33966280295047],[-0.39480000000000004,39.33986301369863],[-0.39520000000000005,39.33986301369863],[-0.39520000000000005,39.33966280295047],[-0.39540000000000003,39.33966280295047],[-0.39540000000000003,39.33926238145416],[-0.39520000000000005,39.33926238145416],[-0.39520000000000005,39.33906217070601],[-0.39380000000000004,39.33906217070601],[-0.39380000000000004,39.33886195995785],[-0.3934,39.33886195995785],[-0.3934,39.33866174920969],[-0.393,39.33866174920969],[-0.393,39.33846153846154],[-0.39220000000000005,39.33846153846154],[-0.39220000000000005,39.33826132771338],[-0.39280000000000004,39.33826132771338],[-0.39280000000000004,39.33806111696523],[-0.393,39.33806111696523],[-0.393,39.33826132771338],[-0.39360000000000006,39.33826132771338],[-0.39360000000000006,39.33766069546891],[-0.39420000000000005,39.33766069546891],[-0.39420000000000005,39.33746048472076],[-0.39380000000000004,39.33746048472076],[-0.39380000000000004,39.3372602739726],[-0.393,39.3372602739726],[-0.39320000000000005,39.336859852476294],[-0.39440000000000003,39.33706006322445],[-0.39440000000000003,39.33746048472076],[-0.39460000000000006,39.33746048472076],[-0.39460000000000006,39.33766069546891],[-0.39480000000000004,39.33766069546891],[-0.395,39.3372602739726],[-0.39540000000000003,39.3372602739726],[-0.39560000000000006,39.336859852476294],[-0.396,39.336859852476294],[-0.396,39.33645943097998],[-0.39560000000000006,39.33645943097998],[-0.39540000000000003,39.336859852476294],[-0.395,39.33665964172813],[-0.395,39.33605900948367],[-0.39520000000000005,39.33605900948367],[-0.39520000000000005,39.336259220231824],[-0.39580000000000004,39.336259220231824],[-0.39560000000000006,39.335858798735515],[-0.39620000000000005,39.335858798735515],[-0.39620000000000005,39.33605900948367],[-0.39640000000000003,39.33605900948367],[-0.39640000000000003,39.33645943097998],[-0.397,39.33645943097998],[-0.397,39.33605900948367],[-0.39720000000000005,39.33605900948367],[-0.39720000000000005,39.336259220231824],[-0.39740000000000003,39.336259220231824],[-0.39740000000000003,39.33605900948367],[-0.39780000000000004,39.33605900948367],[-0.39780000000000004,39.33645943097998],[-0.39840000000000003,39.33645943097998],[-0.39840000000000003,39.336259220231824],[-0.3986,39.336259220231824],[-0.3986,39.335858798735515],[-0.39840000000000003,39.335858798735515],[-0.39840000000000003,39.33565858798735],[-0.39780000000000004,39.33565858798735],[-0.39780000000000004,39.335858798735515],[-0.39760000000000006,39.335858798735515],[-0.39760000000000006,39.33565858798735],[-0.397,39.33565858798735],[-0.397,39.3354583772392],[-0.39680000000000004,39.3354583772392],[-0.39680000000000004,39.335258166491045],[-0.397,39.335258166491045],[-0.397,39.33485774499473],[-0.39640000000000003,39.33485774499473],[-0.39640000000000003,39.334657534246574],[-0.39660000000000006,39.334657534246574],[-0.39660000000000006,39.334257112750265],[-0.39620000000000005,39.334257112750265],[-0.39620000000000005,39.33385669125395],[-0.39520000000000005,39.33385669125395],[-0.39520000000000005,39.333656480505795],[-0.39560000000000006,39.33345626975764],[-0.39560000000000006,39.333656480505795],[-0.39640000000000003,39.333656480505795],[-0.39640000000000003,39.33385669125395],[-0.39660000000000006,39.33385669125395],[-0.39660000000000006,39.33345626975764],[-0.39680000000000004,39.33345626975764],[-0.39680000000000004,39.333256059009486],[-0.39720000000000005,39.333256059009486],[-0.39720000000000005,39.33385669125395],[-0.397,39.33385669125395],[-0.397,39.33405690200211],[-0.39780000000000004,39.334257112750265],[-0.39780000000000004,39.33385669125395],[-0.398,39.33385669125395],[-0.398,39.333656480505795],[-0.39840000000000003,39.333656480505795],[-0.39840000000000003,39.33305584826133],[-0.3986,39.33305584826133],[-0.3986,39.33285563751317],[-0.399,39.33285563751317],[-0.399,39.332655426765015],[-0.39940000000000003,39.33285563751317],[-0.39940000000000003,39.33245521601686],[-0.39840000000000003,39.33245521601686],[-0.39840000000000003,39.332655426765015],[-0.39780000000000004,39.332655426765015],[-0.39780000000000004,39.33205479452055],[-0.39820000000000005,39.33205479452055],[-0.39820000000000005,39.33185458377239],[-0.39840000000000003,39.33185458377239],[-0.39840000000000003,39.33205479452055],[-0.399,39.33205479452055],[-0.399,39.332255005268706],[-0.39980000000000004,39.332255005268706],[-0.39980000000000004,39.331654373024236],[-0.399,39.331654373024236],[-0.399,39.33145416227608],[-0.39880000000000004,39.33145416227608],[-0.399,39.331053740779765],[-0.3986,39.331053740779765],[-0.39820000000000005,39.33025289778715],[-0.39780000000000004,39.33025289778715],[-0.39780000000000004,39.330653319283456],[-0.397,39.330653319283456],[-0.397,39.3304531085353],[-0.39680000000000004,39.3304531085353],[-0.39680000000000004,39.32985247629083],[-0.39660000000000006,39.32985247629083],[-0.39660000000000006,39.32965226554268],[-0.39640000000000003,39.32965226554268],[-0.39640000000000003,39.32985247629083],[-0.396,39.32985247629083],[-0.396,39.32925184404637],[-0.39640000000000003,39.32925184404637],[-0.39640000000000003,39.32905163329821],[-0.39660000000000006,39.32905163329821],[-0.39640000000000003,39.3286512118019],[-0.39620000000000005,39.3286512118019],[-0.39620000000000005,39.32885142255005],[-0.39540000000000003,39.32885142255005],[-0.39520000000000005,39.32925184404637],[-0.395,39.32925184404637],[-0.395,39.32885142255005],[-0.39480000000000004,39.32885142255005],[-0.39480000000000004,39.32905163329821],[-0.39420000000000005,39.32905163329821],[-0.39420000000000005,39.3286512118019],[-0.39540000000000003,39.3286512118019],[-0.39540000000000003,39.32805057955743],[-0.39560000000000006,39.32805057955743],[-0.39560000000000006,39.32785036880927],[-0.39620000000000005,39.32785036880927],[-0.39620000000000005,39.32805057955743],[-0.39640000000000003,39.32805057955743],[-0.39640000000000003,39.32785036880927],[-0.39660000000000006,39.32785036880927],[-0.39680000000000004,39.327449947312964],[-0.397,39.327449947312964],[-0.397,39.32765015806112],[-0.39780000000000004,39.32765015806112],[-0.39760000000000006,39.326448893572184],[-0.39720000000000005,39.326448893572184],[-0.39720000000000005,39.32624868282402],[-0.39680000000000004,39.32624868282402],[-0.39680000000000004,39.326448893572184],[-0.39620000000000005,39.326448893572184],[-0.39620000000000005,39.32664910432034],[-0.39560000000000006,39.32664910432034],[-0.39560000000000006,39.326448893572184],[-0.395,39.326448893572184],[-0.395,39.32664910432034],[-0.39460000000000006,39.32664910432034],[-0.39460000000000006,39.326448893572184],[-0.39440000000000003,39.326448893572184],[-0.39440000000000003,39.32664910432034],[-0.39380000000000004,39.32664910432034],[-0.39380000000000004,39.326448893572184],[-0.39320000000000005,39.326448893572184],[-0.39320000000000005,39.32624868282402],[-0.393,39.32624868282402],[-0.393,39.32564805057956],[-0.39280000000000004,39.32564805057956],[-0.39260000000000006,39.324847207586934],[-0.39460000000000006,39.324847207586934],[-0.39460000000000006,39.32504741833509],[-0.395,39.32524762908324],[-0.395,39.324847207586934],[-0.39480000000000004,39.324847207586934],[-0.39480000000000004,39.32464699683878],[-0.395,39.32464699683878],[-0.395,39.324246575342464],[-0.39480000000000004,39.324246575342464],[-0.39480000000000004,39.324446786090625],[-0.39360000000000006,39.324446786090625],[-0.39360000000000006,39.32464699683878],[-0.3934,39.32464699683878],[-0.3934,39.324246575342464],[-0.393,39.324246575342464],[-0.393,39.324446786090625],[-0.392,39.324446786090625],[-0.392,39.324246575342464],[-0.39160000000000006,39.324246575342464],[-0.39160000000000006,39.324446786090625],[-0.39120000000000005,39.324446786090625],[-0.39120000000000005,39.32464699683878],[-0.391,39.32464699683878],[-0.391,39.324246575342464],[-0.3904,39.324246575342464],[-0.3904,39.32404636459431],[-0.39120000000000005,39.32404636459431],[-0.39120000000000005,39.323846153846155],[-0.39160000000000006,39.323846153846155],[-0.39160000000000006,39.323445732349846],[-0.391,39.323445732349846],[-0.39120000000000005,39.32264488935722],[-0.39160000000000006,39.32264488935722],[-0.39160000000000006,39.32204425711275],[-0.39120000000000005,39.32204425711275],[-0.39120000000000005,39.321844046364596],[-0.391,39.321844046364596],[-0.391,39.32144362486828],[-0.39120000000000005,39.32144362486828],[-0.39120000000000005,39.32164383561644],[-0.39160000000000006,39.32164383561644],[-0.39160000000000006,39.321243414120126],[-0.39180000000000004,39.321243414120126],[-0.39180000000000004,39.32104320337197],[-0.39160000000000006,39.32104320337197],[-0.39160000000000006,39.32064278187566],[-0.3914,39.32064278187566],[-0.3914,39.3204425711275],[-0.39160000000000006,39.3204425711275],[-0.39160000000000006,39.320242360379346],[-0.392,39.320242360379346],[-0.392,39.32004214963119],[-0.39180000000000004,39.32004214963119],[-0.39180000000000004,39.31984193888304],[-0.3914,39.31984193888304],[-0.39120000000000005,39.31944151738672],[-0.392,39.31944151738672],[-0.392,39.31964172813488],[-0.39220000000000005,39.31964172813488],[-0.3924,39.32004214963119],[-0.39280000000000004,39.32004214963119],[-0.39260000000000006,39.3204425711275],[-0.392,39.3204425711275],[-0.392,39.32084299262382],[-0.39280000000000004,39.32084299262382],[-0.393,39.321243414120126],[-0.39320000000000005,39.321243414120126],[-0.39320000000000005,39.32164383561644],[-0.39360000000000006,39.32164383561644],[-0.39360000000000006,39.32144362486828],[-0.39380000000000004,39.32144362486828],[-0.39380000000000004,39.32104320337197],[-0.39420000000000005,39.32104320337197],[-0.39420000000000005,39.3204425711275],[-0.394,39.3204425711275],[-0.394,39.320242360379346],[-0.39440000000000003,39.32004214963119],[-0.39440000000000003,39.31984193888304],[-0.394,39.31984193888304],[-0.39420000000000005,39.31944151738672],[-0.39320000000000005,39.31944151738672],[-0.39320000000000005,39.31964172813488],[-0.3924,39.31964172813488],[-0.3924,39.31884088514226],[-0.39220000000000005,39.31884088514226],[-0.39220000000000005,39.318640674394096],[-0.39260000000000006,39.318640674394096],[-0.39260000000000006,39.31824025289779],[-0.39220000000000005,39.31824025289779],[-0.39220000000000005,39.31844046364594],[-0.392,39.31844046364594],[-0.392,39.31824025289779],[-0.39180000000000004,39.31824025289779],[-0.39180000000000004,39.31844046364594],[-0.3914,39.31824025289779],[-0.3914,39.31763962065332],[-0.39180000000000004,39.31763962065332],[-0.39180000000000004,39.31723919915701],[-0.3914,39.317038988408854],[-0.3914,39.3168387776607],[-0.39160000000000006,39.3168387776607],[-0.39180000000000004,39.31643835616438],[-0.391,39.316037934668074],[-0.39120000000000005,39.31563751317176],[-0.39060000000000006,39.31563751317176],[-0.39060000000000006,39.315437302423604],[-0.38980000000000004,39.315437302423604],[-0.38980000000000004,39.31563751317176],[-0.38960000000000006,39.31563751317176],[-0.38960000000000006,39.316037934668074],[-0.38920000000000005,39.316037934668074],[-0.38920000000000005,39.31623814541623],[-0.38880000000000003,39.31623814541623],[-0.38880000000000003,39.31643835616438],[-0.388,39.31643835616438],[-0.388,39.31663856691254],[-0.387,39.31663856691254],[-0.387,39.3168387776607],[-0.38680000000000003,39.3168387776607],[-0.38660000000000005,39.31723919915701],[-0.38580000000000003,39.31723919915701],[-0.38580000000000003,39.31743940990516],[-0.38520000000000004,39.31743940990516],[-0.38520000000000004,39.31763962065332],[-0.38480000000000003,39.31763962065332],[-0.38480000000000003,39.31783983140148],[-0.38460000000000005,39.31783983140148],[-0.38460000000000005,39.31743940990516],[-0.3844,39.31743940990516],[-0.3844,39.31763962065332],[-0.38400000000000006,39.31763962065332],[-0.38380000000000003,39.31804004214963],[-0.38300000000000006,39.31804004214963],[-0.38300000000000006,39.31783983140148],[-0.38280000000000003,39.31783983140148],[-0.38280000000000003,39.31763962065332],[-0.38300000000000006,39.31763962065332],[-0.38300000000000006,39.31723919915701],[-0.38260000000000005,39.31723919915701],[-0.38260000000000005,39.31743940990516],[-0.38220000000000004,39.31763962065332],[-0.38220000000000004,39.31743940990516],[-0.38200000000000006,39.31743940990516],[-0.38200000000000006,39.317038988408854],[-0.38220000000000004,39.317038988408854],[-0.3824,39.31663856691254],[-0.38280000000000003,39.31643835616438],[-0.38260000000000005,39.316037934668074],[-0.38320000000000004,39.316037934668074],[-0.38320000000000004,39.31583772391992],[-0.3834,39.31583772391992],[-0.3834,39.31563751317176],[-0.38360000000000005,39.31563751317176],[-0.38360000000000005,39.315437302423604],[-0.38400000000000006,39.31523709167545],[-0.38400000000000006,39.315036880927295],[-0.3844,39.315036880927295],[-0.3844,39.314436248682824],[-0.38420000000000004,39.314436248682824],[-0.38420000000000004,39.31423603793467],[-0.38380000000000003,39.314436248682824],[-0.38380000000000003,39.313835616438354],[-0.38360000000000005,39.313835616438354],[-0.38360000000000005,39.31423603793467],[-0.38260000000000005,39.31423603793467],[-0.38260000000000005,39.313835616438354],[-0.38300000000000006,39.314035827186515],[-0.38300000000000006,39.3136354056902],[-0.38280000000000003,39.3136354056902],[-0.38260000000000005,39.31323498419389],[-0.3824,39.31323498419389],[-0.3824,39.312834562697574],[-0.38220000000000004,39.312834562697574],[-0.38220000000000004,39.313034773445736],[-0.38180000000000003,39.313034773445736],[-0.38180000000000003,39.31223393045311],[-0.38120000000000004,39.31223393045311],[-0.38120000000000004,39.31203371970496],[-0.38020000000000004,39.31203371970496],[-0.38020000000000004,39.311833508956795],[-0.3814,39.311833508956795],[-0.3814,39.31203371970496],[-0.38200000000000006,39.31203371970496],[-0.38200000000000006,39.31223393045311],[-0.38220000000000004,39.31223393045311],[-0.38220000000000004,39.31203371970496],[-0.38300000000000006,39.31203371970496],[-0.38300000000000006,39.31223393045311],[-0.38420000000000004,39.31223393045311],[-0.38420000000000004,39.312434141201265],[-0.385,39.312434141201265],[-0.385,39.31263435194942],[-0.38660000000000005,39.31263435194942],[-0.38660000000000005,39.312834562697574],[-0.388,39.312834562697574],[-0.388,39.313034773445736],[-0.3894,39.313034773445736],[-0.3894,39.31323498419389],[-0.391,39.31323498419389],[-0.391,39.313435194942045],[-0.3924,39.313435194942045],[-0.3924,39.3136354056902],[-0.394,39.3136354056902],[-0.394,39.313835616438354],[-0.39480000000000004,39.313835616438354],[-0.395,39.31423603793467],[-0.39580000000000004,39.314436248682824],[-0.39580000000000004,39.31483667017913],[-0.396,39.31483667017913],[-0.396,39.315036880927295],[-0.39680000000000004,39.315036880927295],[-0.39660000000000006,39.315437302423604],[-0.397,39.31563751317176],[-0.397,39.31583772391992],[-0.39760000000000006,39.31583772391992],[-0.39780000000000004,39.31623814541623],[-0.398,39.31623814541623],[-0.398,39.316037934668074],[-0.3986,39.316037934668074],[-0.3986,39.31623814541623],[-0.399,39.316037934668074],[-0.399,39.31623814541623],[-0.39920000000000005,39.31623814541623],[-0.39920000000000005,39.31643835616438],[-0.3996,39.31663856691254],[-0.3996,39.317038988408854],[-0.39940000000000003,39.317038988408854],[-0.39940000000000003,39.31723919915701],[-0.39880000000000004,39.31723919915701],[-0.39880000000000004,39.31743940990516],[-0.3986,39.31743940990516],[-0.3986,39.31783983140148],[-0.39940000000000003,39.31824025289779],[-0.39940000000000003,39.31844046364594],[-0.39920000000000005,39.31844046364594],[-0.39920000000000005,39.31884088514226],[-0.39940000000000003,39.31884088514226],[-0.39940000000000003,39.31904109589041],[-0.39980000000000004,39.31904109589041],[-0.39980000000000004,39.31944151738672],[-0.40020000000000006,39.31964172813488],[-0.40020000000000006,39.320242360379346],[-0.4006,39.3204425711275],[-0.4006,39.32084299262382],[-0.40020000000000006,39.32064278187566],[-0.4,39.32104320337197],[-0.40020000000000006,39.32104320337197],[-0.40020000000000006,39.321243414120126],[-0.40040000000000003,39.321243414120126],[-0.40040000000000003,39.32104320337197],[-0.40080000000000005,39.32104320337197],[-0.40080000000000005,39.321243414120126],[-0.401,39.321243414120126],[-0.401,39.32164383561644],[-0.40120000000000006,39.32164383561644],[-0.40120000000000006,39.32204425711275],[-0.4016,39.32204425711275],[-0.4016,39.322244467860905],[-0.402,39.32244467860906],[-0.402,39.32264488935722],[-0.40180000000000005,39.32264488935722],[-0.40180000000000005,39.32304531085353],[-0.40220000000000006,39.323245521601685],[-0.40220000000000006,39.32404636459431],[-0.40240000000000004,39.32404636459431],[-0.40240000000000004,39.324847207586934],[-0.4026,39.324847207586934],[-0.4026,39.32504741833509],[-0.40240000000000004,39.32504741833509],[-0.40240000000000004,39.32564805057956],[-0.40320000000000006,39.32564805057956],[-0.403,39.32604847207587],[-0.40340000000000004,39.32624868282402],[-0.40340000000000004,39.32704952581665],[-0.40320000000000006,39.32704952581665],[-0.40320000000000006,39.327449947312964],[-0.403,39.327449947312964],[-0.403,39.32785036880927],[-0.40280000000000005,39.32785036880927],[-0.40280000000000005,39.32805057955743],[-0.40240000000000004,39.32805057955743],[-0.40240000000000004,39.32825079030559],[-0.4016,39.32805057955743],[-0.4016,39.32825079030559],[-0.401,39.32825079030559],[-0.401,39.32845100105374],[-0.40120000000000006,39.32845100105374],[-0.40120000000000006,39.32925184404637],[-0.4016,39.32925184404637],[-0.4016,39.32905163329821],[-0.402,39.32905163329821],[-0.402,39.32885142255005],[-0.40220000000000006,39.32885142255005],[-0.40220000000000006,39.32925184404637],[-0.40240000000000004,39.32925184404637],[-0.4026,39.330052687038986],[-0.403,39.33025289778715],[-0.403,39.33125395152793],[-0.40320000000000006,39.33125395152793],[-0.40320000000000006,39.33185458377239],[-0.4036,39.33185458377239],[-0.4036,39.33205479452055],[-0.40380000000000005,39.33205479452055],[-0.40380000000000005,39.332255005268706],[-0.40340000000000004,39.33245521601686],[-0.40340000000000004,39.33305584826133],[-0.40320000000000006,39.33305584826133],[-0.40320000000000006,39.33385669125395],[-0.40340000000000004,39.33385669125395],[-0.40340000000000004,39.33445732349842],[-0.40320000000000006,39.33445732349842],[-0.40320000000000006,39.334657534246574],[-0.40340000000000004,39.334657534246574],[-0.40340000000000004,39.33485774499473],[-0.403,39.33505795574289],[-0.403,39.33565858798735],[-0.40340000000000004,39.33565858798735],[-0.40340000000000004,39.33605900948367],[-0.4036,39.33605900948367],[-0.4036,39.335858798735515],[-0.40440000000000004,39.335858798735515],[-0.40440000000000004,39.33605900948367],[-0.404,39.33605900948367],[-0.404,39.336259220231824],[-0.40340000000000004,39.336259220231824],[-0.40340000000000004,39.33645943097998],[-0.403,39.33645943097998],[-0.403,39.33766069546891],[-0.40340000000000004,39.33766069546891],[-0.40340000000000004,39.33826132771338],[-0.403,39.33826132771338],[-0.403,39.33906217070601],[-0.4026,39.33906217070601],[-0.4026,39.33966280295047],[-0.40320000000000006,39.33966280295047],[-0.40340000000000004,39.34006322444679],[-0.403,39.34006322444679],[-0.403,39.34026343519494],[-0.40240000000000004,39.34026343519494],[-0.40240000000000004,39.34006322444679],[-0.40080000000000005,39.34006322444679],[-0.40080000000000005,39.340463645943096],[-0.4006,39.340463645943096],[-0.4006,39.341464699683875],[-0.40120000000000006,39.341464699683875],[-0.40120000000000006,39.34166491043204],[-0.40140000000000003,39.34166491043204],[-0.40140000000000003,39.34186512118019],[-0.40120000000000006,39.34186512118019],[-0.40120000000000006,39.342065331928346],[-0.40140000000000003,39.342065331928346],[-0.40140000000000003,39.342465753424655],[-0.40220000000000006,39.342465753424655],[-0.40220000000000006,39.34266596417282],[-0.403,39.34286617492097],[-0.403,39.343066385669125],[-0.4036,39.343066385669125],[-0.40340000000000004,39.343466807165434],[-0.403,39.343466807165434],[-0.403,39.343667017913596],[-0.40240000000000004,39.343667017913596],[-0.40240000000000004,39.343466807165434],[-0.402,39.34326659641728],[-0.402,39.344067439409905],[-0.403,39.344067439409905],[-0.403,39.34446786090622],[-0.4026,39.34446786090622],[-0.4026,39.345468914647],[-0.40280000000000005,39.345468914647],[-0.40280000000000005,39.345669125395155],[-0.40320000000000006,39.345669125395155],[-0.40320000000000006,39.345468914647],[-0.40340000000000004,39.345468914647],[-0.40340000000000004,39.34586933614331],[-0.403,39.346069546891464],[-0.403,39.34646996838778],[-0.40340000000000004,39.34646996838778],[-0.40340000000000004,39.34687038988409],[-0.404,39.34687038988409],[-0.404,39.34707060063224],[-0.40380000000000005,39.34707060063224],[-0.40380000000000005,39.34847207586934],[-0.4036,39.34847207586934],[-0.4036,39.34887249736565],[-0.40340000000000004,39.34887249736565],[-0.40340000000000004,39.34927291886196],[-0.403,39.34927291886196],[-0.403,39.3490727081138],[-0.4026,39.34927291886196],[-0.4026,39.3490727081138],[-0.40220000000000006,39.3490727081138],[-0.40220000000000006,39.34947312961012],[-0.40240000000000004,39.34947312961012],[-0.40240000000000004,39.34967334035827],[-0.402,39.34987355110643],[-0.402,39.35007376185458],[-0.4006,39.35007376185458],[-0.4006,39.3504741833509],[-0.401,39.3504741833509],[-0.401,39.35067439409905],[-0.40080000000000005,39.35067439409905],[-0.40080000000000005,39.350874604847206],[-0.401,39.350874604847206],[-0.401,39.35127502634352],[-0.4006,39.35147523709168],[-0.4006,39.35167544783983],[-0.401,39.351875658587986],[-0.401,39.35267650158061],[-0.39980000000000004,39.35267650158061],[-0.39980000000000004,39.352476290832456],[-0.399,39.352476290832456],[-0.399,39.35207586933614],[-0.3986,39.35207586933614],[-0.3986,39.3522760800843],[-0.39740000000000003,39.3522760800843],[-0.39760000000000006,39.35267650158061],[-0.39820000000000005,39.35267650158061],[-0.39820000000000005,39.352476290832456],[-0.39840000000000003,39.352476290832456],[-0.39840000000000003,39.35307692307693],[-0.39880000000000004,39.35307692307693],[-0.399,39.35267650158061],[-0.39940000000000003,39.35267650158061],[-0.39940000000000003,39.352876712328765],[-0.39920000000000005,39.352876712328765],[-0.39940000000000003,39.35327713382508],[-0.39980000000000004,39.35327713382508],[-0.39980000000000004,39.353477344573236],[-0.40020000000000006,39.35327713382508],[-0.40020000000000006,39.353477344573236],[-0.40040000000000003,39.353477344573236],[-0.40040000000000003,39.353877766069544],[-0.4,39.353877766069544],[-0.4,39.354077976817706],[-0.39980000000000004,39.354077976817706],[-0.39980000000000004,39.354478398314015],[-0.40020000000000006,39.354478398314015],[-0.40020000000000006,39.354878819810324],[-0.4,39.354878819810324],[-0.4,39.355079030558485],[-0.3996,39.355079030558485],[-0.39940000000000003,39.355479452054794],[-0.39880000000000004,39.355479452054794],[-0.39880000000000004,39.356080084299265],[-0.39820000000000005,39.356080084299265],[-0.39820000000000005,39.3558798735511],[-0.39780000000000004,39.3558798735511],[-0.39780000000000004,39.35567966280295],[-0.39680000000000004,39.35567966280295],[-0.39680000000000004,39.355479452054794],[-0.396,39.35567966280295],[-0.396,39.355479452054794],[-0.39520000000000005,39.355479452054794],[-0.39520000000000005,39.35527924130664],[-0.39460000000000006,39.35527924130664],[-0.39460000000000006,39.355479452054794],[-0.39420000000000005,39.355479452054794],[-0.39420000000000005,39.35567966280295],[-0.394,39.35567966280295],[-0.39420000000000005,39.356080084299265],[-0.39380000000000004,39.356080084299265],[-0.39380000000000004,39.35668071654373],[-0.394,39.35668071654373],[-0.394,39.357081138040044],[-0.39440000000000003,39.357081138040044],[-0.39440000000000003,39.356480505795574]],[[-0.38680000000000003,39.355079030558485],[-0.38720000000000004,39.355079030558485],[-0.38720000000000004,39.354878819810324],[-0.38680000000000003,39.354878819810324],[-0.38680000000000003,39.355079030558485]],[[-0.3884,39.355079030558485],[-0.38860000000000006,39.355079030558485],[-0.38860000000000006,39.354878819810324],[-0.3884,39.354878819810324],[-0.3884,39.355079030558485]],[[-0.38860000000000006,39.35527924130664],[-0.38880000000000003,39.35527924130664],[-0.38880000000000003,39.355079030558485],[-0.38860000000000006,39.355079030558485],[-0.38860000000000006,39.35527924130664]],[[-0.39080000000000004,39.3504741833509],[-0.39120000000000005,39.35067439409905],[-0.39120000000000005,39.350874604847206],[-0.392,39.35107481559536],[-0.392,39.35067439409905],[-0.39180000000000004,39.35067439409905],[-0.39160000000000006,39.35027397260274],[-0.39080000000000004,39.35027397260274],[-0.39080000000000004,39.3504741833509]],[[-0.393,39.34646996838778],[-0.3934,39.34646996838778],[-0.3934,39.34626975763962],[-0.393,39.34626975763962],[-0.393,39.34646996838778]],[[-0.39360000000000006,39.33846153846154],[-0.39380000000000004,39.33846153846154],[-0.39380000000000004,39.33826132771338],[-0.39360000000000006,39.33826132771338],[-0.39360000000000006,39.33846153846154]],[[-0.39720000000000005,39.33485774499473],[-0.39720000000000005,39.33445732349842],[-0.397,39.33445732349842],[-0.397,39.33485774499473],[-0.39720000000000005,39.33485774499473]],[[-0.39920000000000005,39.331053740779765],[-0.39920000000000005,39.33085353003161],[-0.399,39.33085353003161],[-0.399,39.331053740779765],[-0.39920000000000005,39.331053740779765]],[[-0.39920000000000005,39.33125395152793],[-0.39940000000000003,39.33125395152793],[-0.39940000000000003,39.331053740779765],[-0.39920000000000005,39.331053740779765],[-0.39920000000000005,39.33125395152793]],[[-0.39680000000000004,39.32885142255005],[-0.39680000000000004,39.3286512118019],[-0.39660000000000006,39.3286512118019],[-0.39660000000000006,39.32885142255005],[-0.39680000000000004,39.32885142255005]],[[-0.38360000000000005,39.3136354056902],[-0.38320000000000004,39.3136354056902],[-0.38320000000000004,39.313835616438354],[-0.38360000000000005,39.313835616438354],[-0.38360000000000005,39.3136354056902]],[[-0.39460000000000006,39.355079030558485],[-0.39420000000000005,39.355079030558485],[-0.39420000000000005,39.354878819810324],[-0.39360000000000006,39.354878819810324],[-0.39360000000000006,39.35467860906217],[-0.39320000000000005,39.35467860906217],[-0.39320000000000005,39.354478398314015],[-0.39260000000000006,39.354478398314015],[-0.39280000000000004,39.354878819810324],[-0.39320000000000005,39.354878819810324],[-0.3934,39.35527924130664],[-0.39460000000000006,39.35527924130664],[-0.39460000000000006,39.355079030558485]],[[-0.388,39.35928345626976],[-0.38780000000000003,39.35928345626976],[-0.38780000000000003,39.35948366701791],[-0.388,39.35948366701791],[-0.388,39.35928345626976]],[[-0.387,39.3590832455216],[-0.38660000000000005,39.3590832455216],[-0.38660000000000005,39.35928345626976],[-0.387,39.35928345626976],[-0.387,39.3590832455216]],[[-0.385,39.35888303477345],[-0.38520000000000004,39.35888303477345],[-0.38520000000000004,39.3590832455216],[-0.38580000000000003,39.3590832455216],[-0.38580000000000003,39.35868282402529],[-0.38560000000000005,39.35868282402529],[-0.38560000000000005,39.35848261327713],[-0.38520000000000004,39.35848261327713],[-0.385,39.35888303477345]],[[-0.38520000000000004,39.35828240252898],[-0.38480000000000003,39.35828240252898],[-0.38480000000000003,39.358082191780824],[-0.38460000000000005,39.358082191780824],[-0.38460000000000005,39.35828240252898],[-0.38420000000000004,39.35828240252898],[-0.38420000000000004,39.35888303477345],[-0.38460000000000005,39.35888303477345],[-0.38460000000000005,39.35868282402529],[-0.38480000000000003,39.35868282402529],[-0.38480000000000003,39.35848261327713],[-0.38520000000000004,39.35848261327713],[-0.38520000000000004,39.35828240252898]],[[-0.39380000000000004,39.35768177028451],[-0.39360000000000006,39.35768177028451],[-0.39360000000000006,39.35788198103267],[-0.39380000000000004,39.35788198103267],[-0.39380000000000004,39.35768177028451]],[[-0.392,39.356080084299265],[-0.39220000000000005,39.356080084299265],[-0.39220000000000005,39.35628029504742],[-0.39260000000000006,39.35628029504742],[-0.39260000000000006,39.35567966280295],[-0.39220000000000005,39.35567966280295],[-0.392,39.356080084299265]],[[-0.39020000000000005,39.3558798735511],[-0.39,39.3558798735511],[-0.39,39.356080084299265],[-0.39020000000000005,39.356080084299265],[-0.39020000000000005,39.3558798735511]],[[-0.39820000000000005,39.355079030558485],[-0.398,39.355079030558485],[-0.398,39.35527924130664],[-0.39820000000000005,39.35527924130664],[-0.39820000000000005,39.355079030558485]],[[-0.39880000000000004,39.35467860906217],[-0.3986,39.35467860906217],[-0.3986,39.354878819810324],[-0.39880000000000004,39.354878819810324],[-0.39880000000000004,39.35467860906217]],[[-0.39180000000000004,39.354478398314015],[-0.39220000000000005,39.354478398314015],[-0.39220000000000005,39.35427818756586],[-0.39180000000000004,39.35427818756586],[-0.39180000000000004,39.354478398314015]],[[-0.39180000000000004,39.354077976817706],[-0.39160000000000006,39.354077976817706],[-0.39160000000000006,39.353877766069544],[-0.3914,39.353877766069544],[-0.3914,39.35427818756586],[-0.39180000000000004,39.35427818756586],[-0.39180000000000004,39.354077976817706]],[[-0.3904,39.353877766069544],[-0.39060000000000006,39.353877766069544],[-0.39060000000000006,39.354077976817706],[-0.391,39.354077976817706],[-0.39080000000000004,39.35367755532139],[-0.3904,39.35367755532139],[-0.3904,39.353877766069544]],[[-0.38960000000000006,39.353477344573236],[-0.3894,39.353477344573236],[-0.3894,39.35367755532139],[-0.38960000000000006,39.35367755532139],[-0.38960000000000006,39.353477344573236]],[[-0.39560000000000006,39.352476290832456],[-0.39540000000000003,39.352476290832456],[-0.39540000000000003,39.3522760800843],[-0.395,39.3522760800843],[-0.395,39.35307692307693],[-0.39560000000000006,39.35307692307693],[-0.39560000000000006,39.352476290832456]],[[-0.39440000000000003,39.351875658587986],[-0.394,39.351875658587986],[-0.39420000000000005,39.3522760800843],[-0.39440000000000003,39.3522760800843],[-0.39440000000000003,39.351875658587986]],[[-0.39580000000000004,39.35167544783983],[-0.39560000000000006,39.35167544783983],[-0.39560000000000006,39.351875658587986],[-0.39580000000000004,39.351875658587986],[-0.39580000000000004,39.35167544783983]],[[-0.39380000000000004,39.35147523709168],[-0.39440000000000003,39.35147523709168],[-0.39440000000000003,39.35167544783983],[-0.39480000000000004,39.35167544783983],[-0.39460000000000006,39.35127502634352],[-0.39380000000000004,39.35127502634352],[-0.39380000000000004,39.35147523709168]],[[-0.40040000000000003,39.34987355110643],[-0.4,39.34987355110643],[-0.4,39.34967334035827],[-0.39980000000000004,39.34967334035827],[-0.39980000000000004,39.35007376185458],[-0.40040000000000003,39.35007376185458],[-0.40040000000000003,39.34987355110643]],[[-0.399,39.34967334035827],[-0.39920000000000005,39.34967334035827],[-0.39920000000000005,39.34987355110643],[-0.3996,39.34987355110643],[-0.39940000000000003,39.34947312961012],[-0.399,39.34947312961012],[-0.399,39.34967334035827]],[[-0.39880000000000004,39.34927291886196],[-0.39840000000000003,39.34927291886196],[-0.39840000000000003,39.34947312961012],[-0.39880000000000004,39.34947312961012],[-0.39880000000000004,39.34927291886196]],[[-0.398,39.34887249736565],[-0.39780000000000004,39.34887249736565],[-0.39780000000000004,39.34867228661749],[-0.39740000000000003,39.34867228661749],[-0.39740000000000003,39.34927291886196],[-0.398,39.34927291886196],[-0.398,39.34887249736565]],[[-0.40180000000000005,39.34887249736565],[-0.4016,39.34887249736565],[-0.4016,39.3490727081138],[-0.40180000000000005,39.3490727081138],[-0.40180000000000005,39.34887249736565]],[[-0.397,39.34887249736565],[-0.39680000000000004,39.34887249736565],[-0.39680000000000004,39.3490727081138],[-0.397,39.3490727081138],[-0.397,39.34887249736565]],[[-0.39640000000000003,39.34867228661749],[-0.396,39.34867228661749],[-0.396,39.34887249736565],[-0.39640000000000003,39.34887249736565],[-0.39640000000000003,39.34867228661749]],[[-0.39460000000000006,39.34807165437302],[-0.39420000000000005,39.34807165437302],[-0.39420000000000005,39.348271865121184],[-0.39460000000000006,39.348271865121184],[-0.39460000000000006,39.34807165437302]],[[-0.3986,39.34767123287671],[-0.39820000000000005,39.34767123287671],[-0.39820000000000005,39.34787144362487],[-0.3986,39.34787144362487],[-0.3986,39.34767123287671]],[[-0.40080000000000005,39.34707060063224],[-0.4006,39.34707060063224],[-0.4006,39.3472708113804],[-0.40080000000000005,39.3472708113804],[-0.40080000000000005,39.34707060063224]],[[-0.39460000000000006,39.34646996838778],[-0.39440000000000003,39.34646996838778],[-0.39440000000000003,39.346670179135934],[-0.39460000000000006,39.346670179135934],[-0.39460000000000006,39.34646996838778]],[[-0.40280000000000005,39.34586933614331],[-0.4026,39.34586933614331],[-0.4026,39.346069546891464],[-0.40280000000000005,39.346069546891464],[-0.40280000000000005,39.34586933614331]],[[-0.40140000000000003,39.34526870389884],[-0.401,39.34526870389884],[-0.401,39.345468914647],[-0.40140000000000003,39.345468914647],[-0.40140000000000003,39.34526870389884]],[[-0.3934,39.34386722866175],[-0.39360000000000006,39.34386722866175],[-0.39360000000000006,39.34446786090622],[-0.39380000000000004,39.34446786090622],[-0.39380000000000004,39.34386722866175],[-0.394,39.34386722866175],[-0.394,39.343667017913596],[-0.3934,39.343667017913596],[-0.3934,39.34386722866175]],[[-0.39660000000000006,39.344067439409905],[-0.39640000000000003,39.344067439409905],[-0.39640000000000003,39.34426765015806],[-0.39660000000000006,39.34426765015806],[-0.39660000000000006,39.344067439409905]],[[-0.39320000000000005,39.343066385669125],[-0.39280000000000004,39.343066385669125],[-0.39280000000000004,39.343466807165434],[-0.39320000000000005,39.343466807165434],[-0.39320000000000005,39.343066385669125]],[[-0.39980000000000004,39.34286617492097],[-0.39940000000000003,39.34286617492097],[-0.39940000000000003,39.343066385669125],[-0.39980000000000004,39.343066385669125],[-0.39980000000000004,39.34286617492097]],[[-0.39780000000000004,39.342465753424655],[-0.39740000000000003,39.342465753424655],[-0.39740000000000003,39.34286617492097],[-0.39780000000000004,39.34286617492097],[-0.39780000000000004,39.342465753424655]],[[-0.39220000000000005,39.34266596417282],[-0.39180000000000004,39.34266596417282],[-0.39180000000000004,39.34286617492097],[-0.39220000000000005,39.34286617492097],[-0.39220000000000005,39.34266596417282]],[[-0.40080000000000005,39.3422655426765],[-0.4006,39.3422655426765],[-0.4006,39.342465753424655],[-0.40080000000000005,39.342465753424655],[-0.40080000000000005,39.3422655426765]],[[-0.40020000000000006,39.3422655426765],[-0.39980000000000004,39.3422655426765],[-0.39980000000000004,39.342465753424655],[-0.40020000000000006,39.342465753424655],[-0.40020000000000006,39.3422655426765]],[[-0.39560000000000006,39.3422655426765],[-0.39520000000000005,39.3422655426765],[-0.39520000000000005,39.342465753424655],[-0.39560000000000006,39.342465753424655],[-0.39560000000000006,39.3422655426765]],[[-0.39420000000000005,39.341464699683875],[-0.39420000000000005,39.34186512118019],[-0.3934,39.34186512118019],[-0.3934,39.342065331928346],[-0.39380000000000004,39.342065331928346],[-0.39380000000000004,39.3422655426765],[-0.39440000000000003,39.3422655426765],[-0.39460000000000006,39.34186512118019],[-0.39440000000000003,39.34186512118019],[-0.39440000000000003,39.341464699683875],[-0.39420000000000005,39.341464699683875]],[[-0.39520000000000005,39.341464699683875],[-0.39520000000000005,39.34186512118019],[-0.39560000000000006,39.34186512118019],[-0.39560000000000006,39.34106427818757],[-0.395,39.34106427818757],[-0.395,39.34086406743941],[-0.39460000000000006,39.34086406743941],[-0.39480000000000004,39.34126448893572],[-0.39440000000000003,39.34126448893572],[-0.39440000000000003,39.341464699683875],[-0.39520000000000005,39.341464699683875]],[[-0.39440000000000003,39.34106427818757],[-0.39420000000000005,39.34106427818757],[-0.39420000000000005,39.34126448893572],[-0.39440000000000003,39.34126448893572],[-0.39440000000000003,39.34106427818757]],[[-0.39660000000000006,39.34166491043204],[-0.39620000000000005,39.34166491043204],[-0.39620000000000005,39.34186512118019],[-0.39660000000000006,39.34186512118019],[-0.39660000000000006,39.34166491043204]],[[-0.40180000000000005,39.33886195995785],[-0.40120000000000006,39.33886195995785],[-0.40120000000000006,39.33926238145416],[-0.40140000000000003,39.33926238145416],[-0.40140000000000003,39.33946259220232],[-0.40180000000000005,39.33946259220232],[-0.40180000000000005,39.33886195995785]],[[-0.40020000000000006,39.33866174920969],[-0.39940000000000003,39.33866174920969],[-0.39940000000000003,39.33926238145416],[-0.4,39.33926238145416],[-0.4,39.33906217070601],[-0.40040000000000003,39.33906217070601],[-0.40020000000000006,39.33866174920969]],[[-0.398,39.33846153846154],[-0.39780000000000004,39.33846153846154],[-0.39780000000000004,39.33866174920969],[-0.398,39.33866174920969],[-0.398,39.33846153846154]],[[-0.39640000000000003,39.33806111696523],[-0.39580000000000004,39.33806111696523],[-0.39580000000000004,39.33866174920969],[-0.39640000000000003,39.33866174920969],[-0.39640000000000003,39.33806111696523]],[[-0.39440000000000003,39.33846153846154],[-0.394,39.33846153846154],[-0.394,39.33866174920969],[-0.39440000000000003,39.33866174920969],[-0.39440000000000003,39.33846153846154]],[[-0.40180000000000005,39.336259220231824],[-0.4016,39.336259220231824],[-0.4016,39.33645943097998],[-0.40180000000000005,39.33645943097998],[-0.40180000000000005,39.336259220231824]],[[-0.39740000000000003,39.330052687038986],[-0.39760000000000006,39.330052687038986],[-0.39760000000000006,39.32985247629083],[-0.39720000000000005,39.32985247629083],[-0.39720000000000005,39.33025289778715],[-0.39740000000000003,39.33025289778715],[-0.39740000000000003,39.330052687038986]],[[-0.39820000000000005,39.32965226554268],[-0.39780000000000004,39.32965226554268],[-0.39780000000000004,39.32985247629083],[-0.39820000000000005,39.32985247629083],[-0.39820000000000005,39.32965226554268]],[[-0.39940000000000003,39.32945205479452],[-0.399,39.32945205479452],[-0.399,39.32965226554268],[-0.39940000000000003,39.32965226554268],[-0.39940000000000003,39.32945205479452]],[[-0.39580000000000004,39.32825079030559],[-0.39560000000000006,39.32825079030559],[-0.39560000000000006,39.32845100105374],[-0.39580000000000004,39.32845100105374],[-0.39580000000000004,39.32825079030559]],[[-0.40140000000000003,39.325447839831405],[-0.40120000000000006,39.325447839831405],[-0.40120000000000006,39.32564805057956],[-0.40140000000000003,39.32564805057956],[-0.40140000000000003,39.325447839831405]],[[-0.39320000000000005,39.32524762908324],[-0.39320000000000005,39.325447839831405],[-0.39420000000000005,39.325447839831405],[-0.394,39.32504741833509],[-0.393,39.32504741833509],[-0.393,39.32524762908324],[-0.39320000000000005,39.32524762908324]],[[-0.39440000000000003,39.32524762908324],[-0.39440000000000003,39.32504741833509],[-0.39420000000000005,39.32504741833509],[-0.39420000000000005,39.32524762908324],[-0.39440000000000003,39.32524762908324]],[[-0.397,39.32504741833509],[-0.39680000000000004,39.32504741833509],[-0.39680000000000004,39.32524762908324],[-0.39720000000000005,39.32524762908324],[-0.39740000000000003,39.324847207586934],[-0.397,39.324847207586934],[-0.397,39.32504741833509]],[[-0.39580000000000004,39.32504741833509],[-0.39520000000000005,39.32504741833509],[-0.39520000000000005,39.32524762908324],[-0.39580000000000004,39.32524762908324],[-0.39580000000000004,39.32504741833509]],[[-0.40120000000000006,39.324847207586934],[-0.401,39.324847207586934],[-0.401,39.32504741833509],[-0.40120000000000006,39.32504741833509],[-0.40120000000000006,39.324847207586934]],[[-0.39620000000000005,39.32404636459431],[-0.396,39.32404636459431],[-0.396,39.324246575342464],[-0.39620000000000005,39.324246575342464],[-0.39620000000000005,39.32404636459431]],[[-0.402,39.323645943098],[-0.40180000000000005,39.323645943098],[-0.40180000000000005,39.323846153846155],[-0.402,39.323846153846155],[-0.402,39.323645943098]],[[-0.39320000000000005,39.32304531085353],[-0.39280000000000004,39.32304531085353],[-0.39280000000000004,39.323445732349846],[-0.39320000000000005,39.323445732349846],[-0.39320000000000005,39.32304531085353]],[[-0.39540000000000003,39.322845100105376],[-0.395,39.322845100105376],[-0.395,39.32304531085353],[-0.39540000000000003,39.32304531085353],[-0.39540000000000003,39.322845100105376]],[[-0.39460000000000006,39.31924130663857],[-0.39440000000000003,39.31924130663857],[-0.39440000000000003,39.31944151738672],[-0.39460000000000006,39.31944151738672],[-0.39460000000000006,39.31924130663857]],[[-0.39740000000000003,39.31743940990516],[-0.39720000000000005,39.31743940990516],[-0.39720000000000005,39.31763962065332],[-0.39740000000000003,39.31763962065332],[-0.39740000000000003,39.31743940990516]],[[-0.393,39.317038988408854],[-0.39280000000000004,39.317038988408854],[-0.39280000000000004,39.31723919915701],[-0.393,39.31723919915701],[-0.393,39.317038988408854]],[[-0.39360000000000006,39.3168387776607],[-0.3934,39.3168387776607],[-0.3934,39.317038988408854],[-0.39360000000000006,39.317038988408854],[-0.39360000000000006,39.3168387776607]],[[-0.386,39.31663856691254],[-0.38580000000000003,39.31663856691254],[-0.38580000000000003,39.3168387776607],[-0.386,39.3168387776607],[-0.386,39.31663856691254]],[[-0.39320000000000005,39.316037934668074],[-0.393,39.316037934668074],[-0.393,39.31643835616438],[-0.39320000000000005,39.31643835616438],[-0.39320000000000005,39.316037934668074]],[[-0.38760000000000006,39.31623814541623],[-0.3874,39.31623814541623],[-0.3874,39.31643835616438],[-0.38760000000000006,39.31643835616438],[-0.38760000000000006,39.31623814541623]],[[-0.388,39.315437302423604],[-0.38760000000000006,39.315437302423604],[-0.38760000000000006,39.31563751317176],[-0.388,39.31563751317176],[-0.388,39.315437302423604]],[[-0.38580000000000003,39.315437302423604],[-0.386,39.315437302423604],[-0.386,39.31523709167545],[-0.38580000000000003,39.31523709167545],[-0.38580000000000003,39.31483667017913],[-0.38560000000000005,39.31483667017913],[-0.38560000000000005,39.315036880927295],[-0.38520000000000004,39.315036880927295],[-0.38520000000000004,39.31523709167545],[-0.3854,39.31523709167545],[-0.3854,39.31563751317176],[-0.38580000000000003,39.31563751317176],[-0.38580000000000003,39.315437302423604]],[[-0.387,39.31483667017913],[-0.38660000000000005,39.31483667017913],[-0.38660000000000005,39.315036880927295],[-0.3864,39.315036880927295],[-0.38660000000000005,39.315437302423604],[-0.38680000000000003,39.315437302423604],[-0.38680000000000003,39.315036880927295],[-0.387,39.315036880927295],[-0.387,39.31483667017913]],[[-0.38460000000000005,39.31423603793467],[-0.38460000000000005,39.314436248682824],[-0.38480000000000003,39.314436248682824],[-0.38480000000000003,39.31423603793467],[-0.38460000000000005,39.31423603793467]],[[-0.385,39.31423603793467],[-0.385,39.314035827186515],[-0.38480000000000003,39.314035827186515],[-0.38480000000000003,39.31423603793467],[-0.385,39.31423603793467]],[[-0.3854,39.313435194942045],[-0.38560000000000005,39.313435194942045],[-0.38560000000000005,39.31323498419389],[-0.38520000000000004,39.31323498419389],[-0.38520000000000004,39.3136354056902],[-0.3854,39.3136354056902],[-0.3854,39.313435194942045]]]},"properties":{"area_sqm":4127070.8,"area_ha":412.71,"area_km2":4.1271,"backscatter_change_db":-9.98,"flood_confidence":0.776,"pixel_count":10797,"source":"Sentinel-1 RTC COG log-ratio \u0394\u03c3\u00b0 < \u22123 dB"}},{"type":"Feature","geometry":{"type":"Polygon","coordinates":[[[-0.3804,39.31623814541623],[-0.3804,39.31643835616438],[-0.38000000000000006,39.31643835616438],[-0.38000000000000006,39.316037934668074],[-0.38020000000000004,39.316037934668074],[-0.38020000000000004,39.315437302423604],[-0.38000000000000006,39.315437302423604],[-0.38000000000000006,39.31523709167545],[-0.38020000000000004,39.31523709167545],[-0.38020000000000004,39.31483667017913],[-0.3794,39.31483667017913],[-0.3794,39.315036880927295],[-0.37920000000000004,39.315036880927295],[-0.37920000000000004,39.31423603793467],[-0.37900000000000006,39.31423603793467],[-0.37900000000000006,39.313835616438354],[-0.37920000000000004,39.313835616438354],[-0.37920000000000004,39.314035827186515],[-0.37960000000000005,39.314035827186515],[-0.37960000000000005,39.313835616438354],[-0.3794,39.313835616438354],[-0.3794,39.313435194942045],[-0.37860000000000005,39.31323498419389],[-0.37860000000000005,39.312834562697574],[-0.37800000000000006,39.312834562697574],[-0.37800000000000006,39.31263435194942],[-0.37760000000000005,39.31263435194942],[-0.3774,39.313034773445736],[-0.37720000000000004,39.313034773445736],[-0.37720000000000004,39.31263435194942],[-0.3774,39.31263435194942],[-0.3774,39.312434141201265],[-0.37720000000000004,39.312434141201265],[-0.37720000000000004,39.311833508956795],[-0.37760000000000005,39.311833508956795],[-0.37760000000000005,39.312434141201265],[-0.37800000000000006,39.31223393045311],[-0.37800000000000006,39.311833508956795],[-0.37820000000000004,39.311833508956795],[-0.37820000000000004,39.31203371970496],[-0.3794,39.31203371970496],[-0.3794,39.31263435194942],[-0.37900000000000006,39.312434141201265],[-0.37900000000000006,39.313034773445736],[-0.3794,39.313034773445736],[-0.3794,39.31323498419389],[-0.3798,39.31323498419389],[-0.3798,39.313034773445736],[-0.38000000000000006,39.313034773445736],[-0.38000000000000006,39.31323498419389],[-0.38020000000000004,39.31323498419389],[-0.38020000000000004,39.313435194942045],[-0.3798,39.313435194942045],[-0.3798,39.313835616438354],[-0.38020000000000004,39.313835616438354],[-0.38020000000000004,39.314035827186515],[-0.3798,39.31423603793467],[-0.3798,39.31463645943098],[-0.38020000000000004,39.31463645943098],[-0.3804,39.31423603793467],[-0.3808,39.314436248682824],[-0.3808,39.314035827186515],[-0.38120000000000004,39.314035827186515],[-0.38120000000000004,39.31483667017913],[-0.38160000000000005,39.31483667017913],[-0.38160000000000005,39.315036880927295],[-0.3814,39.315036880927295],[-0.3814,39.31563751317176],[-0.38160000000000005,39.31563751317176],[-0.38160000000000005,39.31583772391992],[-0.3814,39.31583772391992],[-0.3814,39.31643835616438],[-0.38100000000000006,39.31643835616438],[-0.38100000000000006,39.31663856691254],[-0.3808,39.31663856691254],[-0.3808,39.31623814541623],[-0.3804,39.31623814541623]],[[-0.38100000000000006,39.31483667017913],[-0.38100000000000006,39.315036880927295],[-0.38120000000000004,39.315036880927295],[-0.38120000000000004,39.31483667017913],[-0.38100000000000006,39.31483667017913]],[[-0.38060000000000005,39.31583772391992],[-0.3804,39.31583772391992],[-0.3804,39.316037934668074],[-0.38060000000000005,39.316037934668074],[-0.38060000000000005,39.31583772391992]],[[-0.38060000000000005,39.31563751317176],[-0.3808,39.31563751317176],[-0.3808,39.31583772391992],[-0.38100000000000006,39.31583772391992],[-0.38100000000000006,39.315437302423604],[-0.38060000000000005,39.315437302423604],[-0.38060000000000005,39.31563751317176]],[[-0.38060000000000005,39.31523709167545],[-0.3804,39.31523709167545],[-0.3804,39.315437302423604],[-0.38060000000000005,39.315437302423604],[-0.38060000000000005,39.31523709167545]]]},"properties":{"area_sqm":52749.4,"area_ha":5.27,"area_km2":0.0527,"backscatter_change_db":-4.51,"flood_confidence":0.168,"pixel_count":138,"source":"Sentinel-1 RTC COG log-ratio \u0394\u03c3\u00b0 < \u22123 dB"}},{"type":"Feature","geometry":{"type":"Polygon","coordinates":[[[-0.37920000000000004,39.32004214963119],[-0.37860000000000005,39.32004214963119],[-0.37860000000000005,39.31984193888304],[-0.3784,39.31984193888304],[-0.3784,39.32004214963119],[-0.37800000000000006,39.32004214963119],[-0.37800000000000006,39.3204425711275],[-0.3788,39.3204425711275],[-0.3788,39.320242360379346],[-0.37920000000000004,39.320242360379346],[-0.37920000000000004,39.3204425711275],[-0.3794,39.3204425711275],[-0.3794,39.32064278187566],[-0.37920000000000004,39.32064278187566],[-0.3794,39.32104320337197],[-0.37920000000000004,39.32104320337197],[-0.37900000000000006,39.32144362486828],[-0.3788,39.32144362486828],[-0.3788,39.32164383561644],[-0.3784,39.32164383561644],[-0.3784,39.32104320337197],[-0.37820000000000004,39.32104320337197],[-0.37820000000000004,39.321243414120126],[-0.37800000000000006,39.321243414120126],[-0.37800000000000006,39.32164383561644],[-0.3774,39.32164383561644],[-0.3774,39.321844046364596],[-0.3768,39.321844046364596],[-0.3768,39.32164383561644],[-0.37700000000000006,39.32164383561644],[-0.37700000000000006,39.32144362486828],[-0.37760000000000005,39.32144362486828],[-0.3778,39.32064278187566],[-0.3774,39.32064278187566],[-0.3774,39.3204425711275],[-0.3778,39.320242360379346],[-0.3778,39.31984193888304],[-0.37760000000000005,39.31984193888304],[-0.37760000000000005,39.32004214963119],[-0.37700000000000006,39.32004214963119],[-0.3768,39.31964172813488],[-0.3764,39.31964172813488],[-0.3764,39.320242360379346],[-0.37620000000000003,39.320242360379346],[-0.37620000000000003,39.31944151738672],[-0.37600000000000006,39.31944151738672],[-0.3758,39.31984193888304],[-0.37520000000000003,39.31984193888304],[-0.37520000000000003,39.32004214963119],[-0.3748,39.32004214963119],[-0.3748,39.3204425711275],[-0.37420000000000003,39.3204425711275],[-0.37400000000000005,39.31964172813488],[-0.37420000000000003,39.31964172813488],[-0.3744,39.32004214963119],[-0.37460000000000004,39.32004214963119],[-0.37460000000000004,39.31964172813488],[-0.37520000000000003,39.31964172813488],[-0.37520000000000003,39.31944151738672],[-0.37500000000000006,39.31944151738672],[-0.37520000000000003,39.31904109589041],[-0.3748,39.31904109589041],[-0.3748,39.318640674394096],[-0.37500000000000006,39.318640674394096],[-0.37500000000000006,39.31884088514226],[-0.3754,39.31884088514226],[-0.3754,39.31844046364594],[-0.37560000000000004,39.31844046364594],[-0.37560000000000004,39.31884088514226],[-0.37600000000000006,39.31904109589041],[-0.37600000000000006,39.31924130663857],[-0.37620000000000003,39.31924130663857],[-0.37620000000000003,39.31884088514226],[-0.3764,39.31884088514226],[-0.3764,39.318640674394096],[-0.37620000000000003,39.318640674394096],[-0.37620000000000003,39.31844046364594],[-0.3764,39.31844046364594],[-0.3764,39.31783983140148],[-0.37600000000000006,39.31783983140148],[-0.37600000000000006,39.31743940990516],[-0.37660000000000005,39.31743940990516],[-0.37660000000000005,39.31723919915701],[-0.3764,39.31723919915701],[-0.3764,39.3168387776607],[-0.37620000000000003,39.3168387776607],[-0.37620000000000003,39.31663856691254],[-0.37560000000000004,39.31663856691254],[-0.37560000000000004,39.3168387776607],[-0.3754,39.3168387776607],[-0.3754,39.31643835616438],[-0.37500000000000006,39.31623814541623],[-0.37500000000000006,39.316037934668074],[-0.3754,39.316037934668074],[-0.3754,39.315437302423604],[-0.3758,39.315437302423604],[-0.3758,39.31583772391992],[-0.37660000000000005,39.31583772391992],[-0.37660000000000005,39.316037934668074],[-0.37700000000000006,39.316037934668074],[-0.37700000000000006,39.31643835616438],[-0.3774,39.31643835616438],[-0.3774,39.31583772391992],[-0.37760000000000005,39.31583772391992],[-0.37760000000000005,39.31643835616438],[-0.37820000000000004,39.31643835616438],[-0.37820000000000004,39.31783983140148],[-0.3788,39.31783983140148],[-0.3788,39.31844046364594],[-0.37900000000000006,39.31844046364594],[-0.37900000000000006,39.31884088514226],[-0.37920000000000004,39.31884088514226],[-0.37920000000000004,39.31904109589041],[-0.37900000000000006,39.31904109589041],[-0.37900000000000006,39.31944151738672],[-0.3794,39.31944151738672],[-0.3794,39.31924130663857],[-0.37960000000000005,39.31924130663857],[-0.3798,39.31884088514226],[-0.38020000000000004,39.31884088514226],[-0.38020000000000004,39.318640674394096],[-0.3798,39.318640674394096],[-0.3798,39.31844046364594],[-0.37960000000000005,39.31844046364594],[-0.37960000000000005,39.318640674394096],[-0.37920000000000004,39.31844046364594],[-0.37920000000000004,39.31763962065332],[-0.3794,39.31763962065332],[-0.3794,39.31783983140148],[-0.38020000000000004,39.31783983140148],[-0.38020000000000004,39.31824025289779],[-0.38000000000000006,39.31824025289779],[-0.38000000000000006,39.31844046364594],[-0.38120000000000004,39.31844046364594],[-0.38120000000000004,39.31824025289779],[-0.3814,39.31824025289779],[-0.3814,39.318640674394096],[-0.38160000000000005,39.318640674394096],[-0.38160000000000005,39.31824025289779],[-0.38220000000000004,39.31824025289779],[-0.38220000000000004,39.31844046364594],[-0.3824,39.31844046364594],[-0.3824,39.31884088514226],[-0.38160000000000005,39.31884088514226],[-0.38160000000000005,39.31904109589041],[-0.38200000000000006,39.31904109589041],[-0.38200000000000006,39.31924130663857],[-0.38180000000000003,39.31924130663857],[-0.38180000000000003,39.31964172813488],[-0.38160000000000005,39.31964172813488],[-0.3814,39.31924130663857],[-0.38120000000000004,39.31924130663857],[-0.38120000000000004,39.318640674394096],[-0.3808,39.318640674394096],[-0.3808,39.31904109589041],[-0.38060000000000005,39.31904109589041],[-0.38060000000000005,39.31964172813488],[-0.38000000000000006,39.31964172813488],[-0.38000000000000006,39.31924130663857],[-0.3798,39.31924130663857],[-0.37960000000000005,39.31964172813488],[-0.37920000000000004,39.31964172813488],[-0.37920000000000004,39.32004214963119]],[[-0.37560000000000004,39.31583772391992],[-0.37560000000000004,39.316037934668074],[-0.3758,39.316037934668074],[-0.3758,39.31583772391992],[-0.37560000000000004,39.31583772391992]],[[-0.37860000000000005,39.32064278187566],[-0.37820000000000004,39.32064278187566],[-0.37820000000000004,39.32084299262382],[-0.37860000000000005,39.32084299262382],[-0.37860000000000005,39.32064278187566]],[[-0.37720000000000004,39.31944151738672],[-0.37700000000000006,39.31944151738672],[-0.37700000000000006,39.31964172813488],[-0.37720000000000004,39.31964172813488],[-0.37720000000000004,39.31944151738672]],[[-0.3774,39.31904109589041],[-0.37700000000000006,39.31904109589041],[-0.37700000000000006,39.31924130663857],[-0.3774,39.31924130663857],[-0.3774,39.31904109589041]],[[-0.3768,39.31904109589041],[-0.37660000000000005,39.31904109589041],[-0.37660000000000005,39.31924130663857],[-0.3768,39.31924130663857],[-0.3768,39.31904109589041]],[[-0.37820000000000004,39.31884088514226],[-0.37800000000000006,39.31884088514226],[-0.37800000000000006,39.31904109589041],[-0.37820000000000004,39.31904109589041],[-0.37820000000000004,39.31884088514226]],[[-0.3778,39.31844046364594],[-0.3774,39.31844046364594],[-0.3774,39.31884088514226],[-0.37760000000000005,39.31884088514226],[-0.37760000000000005,39.31904109589041],[-0.3778,39.31904109589041],[-0.3778,39.31844046364594]],[[-0.37720000000000004,39.31824025289779],[-0.3768,39.31824025289779],[-0.3768,39.318640674394096],[-0.37720000000000004,39.318640674394096],[-0.37720000000000004,39.31824025289779]],[[-0.37760000000000005,39.31763962065332],[-0.37760000000000005,39.31783983140148],[-0.3778,39.31783983140148],[-0.3778,39.31763962065332],[-0.37760000000000005,39.31763962065332]],[[-0.37800000000000006,39.31763962065332],[-0.37800000000000006,39.31743940990516],[-0.3778,39.31743940990516],[-0.3778,39.31763962065332],[-0.37800000000000006,39.31763962065332]],[[-0.37760000000000005,39.31663856691254],[-0.3774,39.31663856691254],[-0.3774,39.3168387776607],[-0.37760000000000005,39.3168387776607],[-0.37760000000000005,39.31663856691254]],[[-0.3768,39.31663856691254],[-0.37660000000000005,39.31663856691254],[-0.37660000000000005,39.3168387776607],[-0.3768,39.3168387776607],[-0.3768,39.31663856691254]]]},"properties":{"area_sqm":149456.8,"area_ha":14.95,"area_km2":0.1495,"backscatter_change_db":-4.59,"flood_confidence":0.176,"pixel_count":391,"source":"Sentinel-1 RTC COG log-ratio \u0394\u03c3\u00b0 < \u22123 dB"}},{"type":"Feature","geometry":{"type":"Polygon","coordinates":[[[-0.37460000000000004,39.32244467860906],[-0.3744,39.32244467860906],[-0.3744,39.32204425711275],[-0.3748,39.32204425711275],[-0.3748,39.321844046364596],[-0.3744,39.32164383561644],[-0.3744,39.321243414120126],[-0.37500000000000006,39.321243414120126],[-0.37500000000000006,39.32144362486828],[-0.3754,39.32144362486828],[-0.3754,39.32164383561644],[-0.37560000000000004,39.32164383561644],[-0.37560000000000004,39.32144362486828],[-0.37600000000000006,39.32144362486828],[-0.37600000000000006,39.32164383561644],[-0.3758,39.32164383561644],[-0.3758,39.321844046364596],[-0.3754,39.321844046364596],[-0.3754,39.32204425711275],[-0.37600000000000006,39.32204425711275],[-0.37600000000000006,39.322244467860905],[-0.3764,39.32244467860906],[-0.3764,39.32264488935722],[-0.37620000000000003,39.32264488935722],[-0.37620000000000003,39.32304531085353],[-0.37600000000000006,39.32304531085353],[-0.37600000000000006,39.322845100105376],[-0.3758,39.322845100105376],[-0.3758,39.32304531085353],[-0.37560000000000004,39.32304531085353],[-0.37560000000000004,39.322845100105376],[-0.37520000000000003,39.322845100105376],[-0.3754,39.323245521601685],[-0.37500000000000006,39.323245521601685],[-0.37500000000000006,39.323645943098],[-0.3748,39.323645943098],[-0.3748,39.32304531085353],[-0.37460000000000004,39.32304531085353],[-0.3748,39.32264488935722],[-0.37460000000000004,39.32264488935722],[-0.37460000000000004,39.32244467860906]],[[-0.37520000000000003,39.32204425711275],[-0.3748,39.322244467860905],[-0.3748,39.32244467860906],[-0.37500000000000006,39.32244467860906],[-0.37500000000000006,39.322845100105376],[-0.37520000000000003,39.322845100105376],[-0.37520000000000003,39.32204425711275]],[[-0.3758,39.32244467860906],[-0.37560000000000004,39.32244467860906],[-0.37560000000000004,39.32264488935722],[-0.3758,39.32264488935722],[-0.3758,39.32244467860906]]]},"properties":{"area_sqm":21405.6,"area_ha":2.14,"area_km2":0.0214,"backscatter_change_db":-4.05,"flood_confidence":0.116,"pixel_count":56,"source":"Sentinel-1 RTC COG log-ratio \u0394\u03c3\u00b0 < \u22123 dB"}},{"type":"Feature","geometry":{"type":"Polygon","coordinates":[[[-0.3754,39.33245521601686],[-0.3754,39.33205479452055],[-0.37560000000000004,39.33205479452055],[-0.3758,39.331654373024236],[-0.37560000000000004,39.331654373024236],[-0.37560000000000004,39.33145416227608],[-0.37520000000000003,39.33145416227608],[-0.37500000000000006,39.331053740779765],[-0.3738,39.331053740779765],[-0.3738,39.3304531085353],[-0.37400000000000005,39.3304531085353],[-0.37400000000000005,39.330653319283456],[-0.3744,39.33085353003161],[-0.3744,39.3304531085353],[-0.37460000000000004,39.3304531085353],[-0.37460000000000004,39.330052687038986],[-0.3748,39.330052687038986],[-0.3748,39.32985247629083],[-0.37500000000000006,39.32985247629083],[-0.37500000000000006,39.330052687038986],[-0.37560000000000004,39.330052687038986],[-0.3754,39.32965226554268],[-0.37560000000000004,39.32965226554268],[-0.37560000000000004,39.32945205479452],[-0.37620000000000003,39.32945205479452],[-0.37620000000000003,39.32885142255005],[-0.37660000000000005,39.32885142255005],[-0.37660000000000005,39.3286512118019],[-0.37760000000000005,39.3286512118019],[-0.37760000000000005,39.32825079030559],[-0.3778,39.32825079030559],[-0.3778,39.32845100105374],[-0.37800000000000006,39.32845100105374],[-0.37800000000000006,39.32905163329821],[-0.37860000000000005,39.32905163329821],[-0.3784,39.32945205479452],[-0.37820000000000004,39.32945205479452],[-0.37820000000000004,39.32925184404637],[-0.3778,39.32945205479452],[-0.3778,39.3304531085353],[-0.37760000000000005,39.3304531085353],[-0.37760000000000005,39.330653319283456],[-0.37800000000000006,39.33085353003161],[-0.37800000000000006,39.33145416227608],[-0.37760000000000005,39.33145416227608],[-0.37760000000000005,39.33085353003161],[-0.37720000000000004,39.33085353003161],[-0.37720000000000004,39.33025289778715],[-0.37660000000000005,39.33025289778715],[-0.3768,39.331053740779765],[-0.37700000000000006,39.331053740779765],[-0.37700000000000006,39.33185458377239],[-0.3768,39.33185458377239],[-0.3768,39.332255005268706],[-0.37620000000000003,39.332255005268706],[-0.37620000000000003,39.33285563751317],[-0.37560000000000004,39.33285563751317],[-0.37560000000000004,39.33245521601686],[-0.3754,39.33245521601686]],[[-0.3774,39.33025289778715],[-0.3774,39.330052687038986],[-0.37760000000000005,39.330052687038986],[-0.37760000000000005,39.32985247629083],[-0.37720000000000004,39.32985247629083],[-0.37720000000000004,39.33025289778715],[-0.3774,39.33025289778715]],[[-0.37720000000000004,39.32925184404637],[-0.37700000000000006,39.32925184404637],[-0.37700000000000006,39.32965226554268],[-0.3764,39.32965226554268],[-0.37620000000000003,39.330052687038986],[-0.37700000000000006,39.330052687038986],[-0.37700000000000006,39.32985247629083],[-0.37720000000000004,39.32985247629083],[-0.37720000000000004,39.32925184404637]],[[-0.37620000000000003,39.33185458377239],[-0.37600000000000006,39.33185458377239],[-0.37600000000000006,39.33205479452055],[-0.37620000000000003,39.33205479452055],[-0.37620000000000003,39.33185458377239]],[[-0.37660000000000005,39.33085353003161],[-0.3764,39.33085353003161],[-0.3764,39.330653319283456],[-0.37600000000000006,39.330653319283456],[-0.3758,39.33145416227608],[-0.37660000000000005,39.33125395152793],[-0.37660000000000005,39.33085353003161]],[[-0.37560000000000004,39.330653319283456],[-0.37520000000000003,39.330653319283456],[-0.37520000000000003,39.33085353003161],[-0.37560000000000004,39.33085353003161],[-0.37560000000000004,39.330653319283456]],[[-0.37520000000000003,39.33025289778715],[-0.37500000000000006,39.33025289778715],[-0.37500000000000006,39.3304531085353],[-0.37520000000000003,39.3304531085353],[-0.37520000000000003,39.33025289778715]]]},"properties":{"area_sqm":70332.6,"area_ha":7.03,"area_km2":0.0703,"backscatter_change_db":-4.65,"flood_confidence":0.183,"pixel_count":184,"source":"Sentinel-1 RTC COG log-ratio \u0394\u03c3\u00b0 < \u22123 dB"}},{"type":"Feature","geometry":{"type":"Polygon","coordinates":[[[-0.37700000000000006,39.34106427818757],[-0.37700000000000006,39.34126448893572],[-0.37720000000000004,39.34126448893572],[-0.37720000000000004,39.34106427818757],[-0.37760000000000005,39.34106427818757],[-0.37760000000000005,39.34086406743941],[-0.37860000000000005,39.34086406743941],[-0.37860000000000005,39.34066385669126],[-0.3794,39.34066385669126],[-0.37920000000000004,39.341464699683875],[-0.3784,39.34186512118019],[-0.3784,39.342065331928346],[-0.3788,39.342065331928346],[-0.37860000000000005,39.342465753424655],[-0.3784,39.342465753424655],[-0.3784,39.3422655426765],[-0.37800000000000006,39.3422655426765],[-0.37800000000000006,39.342065331928346],[-0.3768,39.342065331928346],[-0.3768,39.34166491043204],[-0.37660000000000005,39.34166491043204],[-0.37660000000000005,39.34186512118019],[-0.37620000000000003,39.34186512118019],[-0.37620000000000003,39.342065331928346],[-0.37560000000000004,39.342065331928346],[-0.37560000000000004,39.34186512118019],[-0.37600000000000006,39.34186512118019],[-0.37600000000000006,39.341464699683875],[-0.3768,39.341464699683875],[-0.3768,39.34106427818757],[-0.37700000000000006,39.34106427818757]],[[-0.37820000000000004,39.342065331928346],[-0.37820000000000004,39.34166491043204],[-0.37800000000000006,39.34166491043204],[-0.37800000000000006,39.342065331928346],[-0.37820000000000004,39.342065331928346]],[[-0.37760000000000005,39.341464699683875],[-0.3774,39.341464699683875],[-0.3774,39.34166491043204],[-0.37700000000000006,39.34166491043204],[-0.37700000000000006,39.34186512118019],[-0.37760000000000005,39.34186512118019],[-0.37760000000000005,39.341464699683875]],[[-0.37820000000000004,39.34126448893572],[-0.37860000000000005,39.341464699683875],[-0.3788,39.34106427818757],[-0.37820000000000004,39.34106427818757],[-0.37820000000000004,39.34126448893572]]]},"properties":{"area_sqm":26374.7,"area_ha":2.64,"area_km2":0.0264,"backscatter_change_db":-4.32,"flood_confidence":0.147,"pixel_count":69,"source":"Sentinel-1 RTC COG log-ratio \u0394\u03c3\u00b0 < \u22123 dB"}},{"type":"Feature","geometry":{"type":"Polygon","coordinates":[[[-0.37320000000000003,39.34707060063224],[-0.37300000000000005,39.34747102212856],[-0.3734,39.34747102212856],[-0.3734,39.34707060063224],[-0.37360000000000004,39.34707060063224],[-0.37360000000000004,39.3472708113804],[-0.37400000000000005,39.3472708113804],[-0.37400000000000005,39.34707060063224],[-0.37420000000000003,39.34707060063224],[-0.37420000000000003,39.346670179135934],[-0.37400000000000005,39.346670179135934],[-0.37400000000000005,39.34646996838778],[-0.37360000000000004,39.34646996838778],[-0.37360000000000004,39.346670179135934],[-0.3734,39.346670179135934],[-0.37320000000000003,39.34626975763962],[-0.37360000000000004,39.34626975763962],[-0.3738,39.34586933614331],[-0.3744,39.34586933614331],[-0.3744,39.346069546891464],[-0.37400000000000005,39.346069546891464],[-0.37400000000000005,39.34626975763962],[-0.37420000000000003,39.34626975763962],[-0.37420000000000003,39.34646996838778],[-0.37460000000000004,39.34646996838778],[-0.37460000000000004,39.34687038988409],[-0.3748,39.34687038988409],[-0.3748,39.34707060063224],[-0.37500000000000006,39.34707060063224],[-0.37500000000000006,39.34687038988409],[-0.37560000000000004,39.34687038988409],[-0.37560000000000004,39.3472708113804],[-0.37620000000000003,39.3472708113804],[-0.37620000000000003,39.34707060063224],[-0.37600000000000006,39.34707060063224],[-0.37600000000000006,39.34687038988409],[-0.3764,39.346670179135934],[-0.37620000000000003,39.34626975763962],[-0.3764,39.34626975763962],[-0.3764,39.346069546891464],[-0.37660000000000005,39.346069546891464],[-0.37660000000000005,39.34626975763962],[-0.3774,39.34626975763962],[-0.3774,39.34586933614331],[-0.3778,39.34586933614331],[-0.3778,39.345468914647],[-0.37760000000000005,39.345468914647],[-0.37760000000000005,39.34526870389884],[-0.3784,39.345068493150684],[-0.3784,39.344668071654375],[-0.37860000000000005,39.344668071654375],[-0.37860000000000005,39.34486828240253],[-0.37900000000000006,39.345068493150684],[-0.37900000000000006,39.34526870389884],[-0.3798,39.34526870389884],[-0.3798,39.345468914647],[-0.38020000000000004,39.345669125395155],[-0.38020000000000004,39.34586933614331],[-0.3798,39.34586933614331],[-0.3798,39.346069546891464],[-0.38000000000000006,39.346069546891464],[-0.38000000000000006,39.34626975763962],[-0.3798,39.34626975763962],[-0.3798,39.346670179135934],[-0.37960000000000005,39.346670179135934],[-0.37960000000000005,39.34646996838778],[-0.37920000000000004,39.34646996838778],[-0.37920000000000004,39.34687038988409],[-0.3788,39.34687038988409],[-0.3788,39.34707060063224],[-0.37860000000000005,39.34707060063224],[-0.37860000000000005,39.34687038988409],[-0.37820000000000004,39.34687038988409],[-0.37820000000000004,39.3472708113804],[-0.37900000000000006,39.3472708113804],[-0.3788,39.34807165437302],[-0.37900000000000006,39.34807165437302],[-0.37900000000000006,39.348271865121184],[-0.3794,39.34807165437302],[-0.3794,39.348271865121184],[-0.37960000000000005,39.348271865121184],[-0.3798,39.34867228661749],[-0.38000000000000006,39.34867228661749],[-0.38000000000000006,39.34927291886196],[-0.37960000000000005,39.34927291886196],[-0.37960000000000005,39.3490727081138],[-0.37920000000000004,39.3490727081138],[-0.37920000000000004,39.34887249736565],[-0.3784,39.3490727081138],[-0.37860000000000005,39.34867228661749],[-0.37820000000000004,39.34867228661749],[-0.37820000000000004,39.34887249736565],[-0.37760000000000005,39.34887249736565],[-0.37760000000000005,39.34947312961012],[-0.37720000000000004,39.34947312961012],[-0.37720000000000004,39.34927291886196],[-0.3768,39.34927291886196],[-0.3768,39.34947312961012],[-0.37660000000000005,39.34947312961012],[-0.37660000000000005,39.34927291886196],[-0.37620000000000003,39.34927291886196],[-0.37620000000000003,39.3490727081138],[-0.37560000000000004,39.3490727081138],[-0.3758,39.34867228661749],[-0.37600000000000006,39.34867228661749],[-0.37600000000000006,39.34847207586934],[-0.37560000000000004,39.34847207586934],[-0.3758,39.34807165437302],[-0.37600000000000006,39.34807165437302],[-0.37600000000000006,39.34767123287671],[-0.3754,39.34767123287671],[-0.3754,39.34787144362487],[-0.37520000000000003,39.34787144362487],[-0.37520000000000003,39.348271865121184],[-0.3744,39.348271865121184],[-0.3744,39.34787144362487],[-0.37400000000000005,39.34787144362487],[-0.37400000000000005,39.34767123287671],[-0.37320000000000003,39.34767123287671],[-0.37300000000000005,39.34807165437302],[-0.3728,39.34807165437302],[-0.3728,39.34787144362487],[-0.3724,39.34787144362487],[-0.3724,39.34767123287671],[-0.37260000000000004,39.34767123287671],[-0.37260000000000004,39.34707060063224],[-0.37320000000000003,39.34707060063224]],[[-0.37460000000000004,39.34787144362487],[-0.37460000000000004,39.34767123287671],[-0.3744,39.34767123287671],[-0.3744,39.34787144362487],[-0.37460000000000004,39.34787144362487]],[[-0.3744,39.34747102212856],[-0.37420000000000003,39.34747102212856],[-0.37420000000000003,39.34767123287671],[-0.3744,39.34767123287671],[-0.3744,39.34747102212856]],[[-0.3768,39.348271865121184],[-0.37700000000000006,39.34867228661749],[-0.3764,39.34867228661749],[-0.3764,39.3490727081138],[-0.3774,39.3490727081138],[-0.3774,39.34867228661749],[-0.37760000000000005,39.34867228661749],[-0.37760000000000005,39.34847207586934],[-0.3774,39.34847207586934],[-0.3774,39.34807165437302],[-0.37700000000000006,39.34807165437302],[-0.37700000000000006,39.34787144362487],[-0.37720000000000004,39.34787144362487],[-0.37720000000000004,39.34747102212856],[-0.37700000000000006,39.34747102212856],[-0.37700000000000006,39.3472708113804],[-0.3778,39.3472708113804],[-0.3778,39.34707060063224],[-0.37800000000000006,39.34707060063224],[-0.37800000000000006,39.34646996838778],[-0.3768,39.346670179135934],[-0.3768,39.34707060063224],[-0.37660000000000005,39.34707060063224],[-0.37660000000000005,39.34767123287671],[-0.3768,39.34767123287671],[-0.3768,39.34787144362487],[-0.3764,39.34807165437302],[-0.3764,39.348271865121184],[-0.3768,39.348271865121184]],[[-0.3778,39.34847207586934],[-0.3778,39.348271865121184],[-0.37760000000000005,39.348271865121184],[-0.37760000000000005,39.34847207586934],[-0.3778,39.34847207586934]],[[-0.3784,39.34646996838778],[-0.3784,39.34626975763962],[-0.37800000000000006,39.34626975763962],[-0.37800000000000006,39.34646996838778],[-0.3784,39.34646996838778]],[[-0.37500000000000006,39.34767123287671],[-0.3748,39.34767123287671],[-0.3748,39.34807165437302],[-0.37500000000000006,39.34807165437302],[-0.37500000000000006,39.34767123287671]],[[-0.37460000000000004,39.34707060063224],[-0.3744,39.34707060063224],[-0.3744,39.3472708113804],[-0.37460000000000004,39.3472708113804],[-0.37460000000000004,39.34707060063224]],[[-0.3794,39.34586933614331],[-0.37900000000000006,39.34586933614331],[-0.37900000000000006,39.346069546891464],[-0.3794,39.346069546891464],[-0.3794,39.34586933614331]]]},"properties":{"area_sqm":123846.5,"area_ha":12.38,"area_km2":0.1238,"backscatter_change_db":-4.7,"flood_confidence":0.189,"pixel_count":324,"source":"Sentinel-1 RTC COG log-ratio \u0394\u03c3\u00b0 < \u22123 dB"}},{"type":"Feature","geometry":{"type":"Polygon","coordinates":[[[-0.3678,39.31263435194942],[-0.36760000000000004,39.31263435194942],[-0.36760000000000004,39.31223393045311],[-0.36800000000000005,39.312434141201265],[-0.36800000000000005,39.31203371970496],[-0.36860000000000004,39.31203371970496],[-0.36860000000000004,39.311833508956795],[-0.3688,39.311833508956795],[-0.3688,39.312434141201265],[-0.36920000000000003,39.312434141201265],[-0.36920000000000003,39.31223393045311],[-0.36940000000000006,39.31223393045311],[-0.36940000000000006,39.31263435194942],[-0.3698,39.31263435194942],[-0.37000000000000005,39.313034773445736],[-0.3698,39.313034773445736],[-0.3698,39.31323498419389],[-0.36960000000000004,39.31323498419389],[-0.36960000000000004,39.313034773445736],[-0.36920000000000003,39.31323498419389],[-0.36920000000000003,39.313435194942045],[-0.36940000000000006,39.313435194942045],[-0.36940000000000006,39.313835616438354],[-0.3688,39.313835616438354],[-0.3688,39.313435194942045],[-0.36860000000000004,39.313435194942045],[-0.36860000000000004,39.3136354056902],[-0.36800000000000005,39.3136354056902],[-0.36800000000000005,39.313435194942045],[-0.36760000000000004,39.313435194942045],[-0.3678,39.31263435194942]],[[-0.36800000000000005,39.31263435194942],[-0.3682,39.31263435194942],[-0.3682,39.312434141201265],[-0.36800000000000005,39.312434141201265],[-0.36800000000000005,39.31263435194942]],[[-0.3682,39.312834562697574],[-0.36800000000000005,39.312834562697574],[-0.36800000000000005,39.31323498419389],[-0.36840000000000006,39.31323498419389],[-0.36840000000000006,39.31263435194942],[-0.3682,39.31263435194942],[-0.3682,39.312834562697574]],[[-0.36920000000000003,39.313034773445736],[-0.36860000000000004,39.313034773445736],[-0.36860000000000004,39.31323498419389],[-0.36920000000000003,39.31323498419389],[-0.36920000000000003,39.313034773445736]]]},"properties":{"area_sqm":22552.3,"area_ha":2.26,"area_km2":0.0226,"backscatter_change_db":-4.08,"flood_confidence":0.12,"pixel_count":59,"source":"Sentinel-1 RTC COG log-ratio \u0394\u03c3\u00b0 < \u22123 dB"}},{"type":"Feature","geometry":{"type":"Polygon","coordinates":[[[-0.36940000000000006,39.315036880927295],[-0.36940000000000006,39.31583772391992],[-0.36960000000000004,39.31583772391992],[-0.36960000000000004,39.31623814541623],[-0.36940000000000006,39.31623814541623],[-0.36940000000000006,39.316037934668074],[-0.36860000000000004,39.316037934668074],[-0.36860000000000004,39.31563751317176],[-0.3688,39.31563751317176],[-0.3688,39.315437302423604],[-0.3682,39.315437302423604],[-0.3682,39.31523709167545],[-0.36840000000000006,39.31523709167545],[-0.3682,39.314436248682824],[-0.3688,39.314436248682824],[-0.3688,39.31483667017913],[-0.36960000000000004,39.31483667017913],[-0.3698,39.314436248682824],[-0.37040000000000006,39.314436248682824],[-0.37040000000000006,39.315036880927295],[-0.37060000000000004,39.315036880927295],[-0.37060000000000004,39.31523709167545],[-0.37000000000000005,39.31523709167545],[-0.37000000000000005,39.315437302423604],[-0.3698,39.315437302423604],[-0.3698,39.315036880927295],[-0.36940000000000006,39.315036880927295]],[[-0.36860000000000004,39.31483667017913],[-0.36860000000000004,39.315036880927295],[-0.3688,39.315036880927295],[-0.3688,39.31483667017913],[-0.36860000000000004,39.31483667017913]]]},"properties":{"area_sqm":19494.4,"area_ha":1.95,"area_km2":0.0195,"backscatter_change_db":-4.44,"flood_confidence":0.16,"pixel_count":51,"source":"Sentinel-1 RTC COG log-ratio \u0394\u03c3\u00b0 < \u22123 dB"}},{"type":"Feature","geometry":{"type":"Polygon","coordinates":[[[-0.37400000000000005,39.31824025289779],[-0.37400000000000005,39.31763962065332],[-0.3744,39.31763962065332],[-0.3744,39.31743940990516],[-0.3738,39.31743940990516],[-0.3738,39.31723919915701],[-0.37420000000000003,39.31723919915701],[-0.3744,39.3168387776607],[-0.3748,39.3168387776607],[-0.37500000000000006,39.31643835616438],[-0.37520000000000003,39.31643835616438],[-0.37520000000000003,39.317038988408854],[-0.3758,39.317038988408854],[-0.3758,39.31723919915701],[-0.37600000000000006,39.31723919915701],[-0.37600000000000006,39.31743940990516],[-0.3758,39.31743940990516],[-0.3758,39.31783983140148],[-0.37600000000000006,39.31783983140148],[-0.37600000000000006,39.31844046364594],[-0.37560000000000004,39.31844046364594],[-0.37560000000000004,39.31824025289779],[-0.3748,39.31824025289779],[-0.3748,39.318640674394096],[-0.37460000000000004,39.318640674394096],[-0.37460000000000004,39.31884088514226],[-0.37420000000000003,39.31884088514226],[-0.37420000000000003,39.31844046364594],[-0.3744,39.31844046364594],[-0.3744,39.31824025289779],[-0.37400000000000005,39.31824025289779]],[[-0.37560000000000004,39.31783983140148],[-0.37560000000000004,39.31804004214963],[-0.3758,39.31804004214963],[-0.3758,39.31783983140148],[-0.37560000000000004,39.31783983140148]],[[-0.37520000000000003,39.31783983140148],[-0.37500000000000006,39.31783983140148],[-0.37500000000000006,39.31763962065332],[-0.3748,39.31763962065332],[-0.3748,39.31804004214963],[-0.37520000000000003,39.31804004214963],[-0.37520000000000003,39.31783983140148]]]},"properties":{"area_sqm":25610.2,"area_ha":2.56,"area_km2":0.0256,"backscatter_change_db":-4.85,"flood_confidence":0.205,"pixel_count":67,"source":"Sentinel-1 RTC COG log-ratio \u0394\u03c3\u00b0 < \u22123 dB"}},{"type":"Feature","geometry":{"type":"Polygon","coordinates":[[[-0.37360000000000004,39.323846153846155],[-0.37360000000000004,39.323645943098],[-0.3734,39.323645943098],[-0.3734,39.323245521601685],[-0.37320000000000003,39.323245521601685],[-0.37300000000000005,39.323645943098],[-0.3724,39.323645943098],[-0.3724,39.323445732349846],[-0.37160000000000004,39.323445732349846],[-0.37160000000000004,39.32304531085353],[-0.3718,39.32304531085353],[-0.3718,39.322845100105376],[-0.37140000000000006,39.32264488935722],[-0.37160000000000004,39.322244467860905],[-0.37140000000000006,39.322244467860905],[-0.37140000000000006,39.32204425711275],[-0.3708,39.32204425711275],[-0.3708,39.322244467860905],[-0.37040000000000006,39.322244467860905],[-0.37040000000000006,39.32204425711275],[-0.37060000000000004,39.32204425711275],[-0.37060000000000004,39.321844046364596],[-0.37200000000000005,39.321844046364596],[-0.37200000000000005,39.32164383561644],[-0.3724,39.32164383561644],[-0.3724,39.32144362486828],[-0.37300000000000005,39.32144362486828],[-0.37300000000000005,39.321243414120126],[-0.3734,39.321243414120126],[-0.3734,39.32144362486828],[-0.37400000000000005,39.32144362486828],[-0.37400000000000005,39.321844046364596],[-0.3744,39.32164383561644],[-0.3744,39.32204425711275],[-0.37400000000000005,39.32204425711275],[-0.37400000000000005,39.322244467860905],[-0.3738,39.322244467860905],[-0.3738,39.321844046364596],[-0.37360000000000004,39.321844046364596],[-0.37360000000000004,39.32244467860906],[-0.37320000000000003,39.32244467860906],[-0.37320000000000003,39.32204425711275],[-0.3728,39.321844046364596],[-0.3728,39.32164383561644],[-0.37260000000000004,39.32164383561644],[-0.37260000000000004,39.321844046364596],[-0.37220000000000003,39.321844046364596],[-0.3724,39.322244467860905],[-0.3728,39.32244467860906],[-0.3728,39.32304531085353],[-0.37300000000000005,39.32304531085353],[-0.37300000000000005,39.32264488935722],[-0.3734,39.32264488935722],[-0.3734,39.32304531085353],[-0.37400000000000005,39.32304531085353],[-0.37400000000000005,39.323245521601685],[-0.3738,39.323245521601685],[-0.3738,39.323645943098],[-0.37400000000000005,39.323645943098],[-0.37400000000000005,39.323846153846155],[-0.37360000000000004,39.323846153846155]],[[-0.3718,39.322244467860905],[-0.3718,39.32204425711275],[-0.37160000000000004,39.32204425711275],[-0.37160000000000004,39.322244467860905],[-0.3718,39.322244467860905]],[[-0.37220000000000003,39.32244467860906],[-0.37220000000000003,39.32264488935722],[-0.37260000000000004,39.32264488935722],[-0.37260000000000004,39.32244467860906],[-0.37220000000000003,39.32244467860906]]]},"properties":{"area_sqm":37842.0,"area_ha":3.78,"area_km2":0.0378,"backscatter_change_db":-4.38,"flood_confidence":0.153,"pixel_count":99,"source":"Sentinel-1 RTC COG log-ratio \u0394\u03c3\u00b0 < \u22123 dB"}},{"type":"Feature","geometry":{"type":"Polygon","coordinates":[[[-0.37060000000000004,39.323445732349846],[-0.3708,39.323445732349846],[-0.3708,39.323846153846155],[-0.37140000000000006,39.323846153846155],[-0.37140000000000006,39.323645943098],[-0.37160000000000004,39.323645943098],[-0.37160000000000004,39.323846153846155],[-0.3724,39.323846153846155],[-0.3724,39.324246575342464],[-0.37220000000000003,39.324246575342464],[-0.37220000000000003,39.32404636459431],[-0.3708,39.32404636459431],[-0.3708,39.324847207586934],[-0.37100000000000005,39.324847207586934],[-0.37100000000000005,39.32524762908324],[-0.3708,39.32524762908324],[-0.3708,39.325447839831405],[-0.37020000000000003,39.325447839831405],[-0.37020000000000003,39.32564805057956],[-0.37000000000000005,39.32564805057956],[-0.37000000000000005,39.32604847207587],[-0.36960000000000004,39.32604847207587],[-0.36960000000000004,39.325848261327714],[-0.3698,39.325848261327714],[-0.3698,39.32524762908324],[-0.36920000000000003,39.32524762908324],[-0.36920000000000003,39.32504741833509],[-0.3698,39.32504741833509],[-0.3698,39.32464699683878],[-0.36960000000000004,39.32464699683878],[-0.36960000000000004,39.324446786090625],[-0.37040000000000006,39.324246575342464],[-0.37040000000000006,39.32404636459431],[-0.36960000000000004,39.32404636459431],[-0.36960000000000004,39.323846153846155],[-0.37000000000000005,39.323846153846155],[-0.37000000000000005,39.323245521601685],[-0.3698,39.323245521601685],[-0.3698,39.32304531085353],[-0.37040000000000006,39.32304531085353],[-0.37020000000000003,39.323445732349846],[-0.37040000000000006,39.323445732349846],[-0.37040000000000006,39.323645943098],[-0.37060000000000004,39.323645943098],[-0.37060000000000004,39.323445732349846]],[[-0.37060000000000004,39.32404636459431],[-0.37060000000000004,39.323846153846155],[-0.37040000000000006,39.323846153846155],[-0.37040000000000006,39.32404636459431],[-0.37060000000000004,39.32404636459431]],[[-0.37000000000000005,39.32464699683878],[-0.37000000000000005,39.324847207586934],[-0.37040000000000006,39.324847207586934],[-0.37040000000000006,39.32464699683878],[-0.37000000000000005,39.32464699683878]]]},"properties":{"area_sqm":25228.0,"area_ha":2.52,"area_km2":0.0252,"backscatter_change_db":-4.3,"flood_confidence":0.144,"pixel_count":66,"source":"Sentinel-1 RTC COG log-ratio \u0394\u03c3\u00b0 < \u22123 dB"}},{"type":"Feature","geometry":{"type":"Polygon","coordinates":[[[-0.36940000000000006,39.34266596417282],[-0.36960000000000004,39.34266596417282],[-0.36960000000000004,39.34286617492097],[-0.37000000000000005,39.34286617492097],[-0.37000000000000005,39.34266596417282],[-0.37120000000000003,39.34266596417282],[-0.37140000000000006,39.343066385669125],[-0.3718,39.343066385669125],[-0.3718,39.34286617492097],[-0.37260000000000004,39.34286617492097],[-0.3728,39.34326659641728],[-0.3718,39.34326659641728],[-0.3718,39.343466807165434],[-0.37160000000000004,39.343466807165434],[-0.37140000000000006,39.34386722866175],[-0.37040000000000006,39.34386722866175],[-0.37040000000000006,39.344067439409905],[-0.37000000000000005,39.344067439409905],[-0.3698,39.34326659641728],[-0.36960000000000004,39.34326659641728],[-0.36960000000000004,39.343466807165434],[-0.36920000000000003,39.343466807165434],[-0.36920000000000003,39.34286617492097],[-0.36900000000000005,39.34286617492097],[-0.36900000000000005,39.342465753424655],[-0.36940000000000006,39.342465753424655],[-0.36940000000000006,39.34266596417282]],[[-0.37100000000000005,39.34286617492097],[-0.37100000000000005,39.343066385669125],[-0.37120000000000003,39.343066385669125],[-0.37120000000000003,39.34286617492097],[-0.37100000000000005,39.34286617492097]],[[-0.37040000000000006,39.343667017913596],[-0.37060000000000004,39.343667017913596],[-0.37060000000000004,39.34326659641728],[-0.37020000000000003,39.34326659641728],[-0.37020000000000003,39.34386722866175],[-0.37040000000000006,39.34386722866175],[-0.37040000000000006,39.343667017913596]],[[-0.36960000000000004,39.343066385669125],[-0.36940000000000006,39.343066385669125],[-0.36940000000000006,39.34326659641728],[-0.36960000000000004,39.34326659641728],[-0.36960000000000004,39.343066385669125]],[[-0.37120000000000003,39.343466807165434],[-0.37100000000000005,39.343466807165434],[-0.37100000000000005,39.343667017913596],[-0.37120000000000003,39.343667017913596],[-0.37120000000000003,39.343466807165434]]]},"properties":{"area_sqm":25228.0,"area_ha":2.52,"area_km2":0.0252,"backscatter_change_db":-4.41,"flood_confidence":0.156,"pixel_count":66,"source":"Sentinel-1 RTC COG log-ratio \u0394\u03c3\u00b0 < \u22123 dB"}},{"type":"Feature","geometry":{"type":"Polygon","coordinates":[[[-0.36140000000000005,39.310832455216016],[-0.36140000000000005,39.31103266596418],[-0.3612,39.31103266596418],[-0.3612,39.310832455216016],[-0.3608,39.310832455216016],[-0.3608,39.31023182297155],[-0.36060000000000003,39.31023182297155],[-0.36060000000000003,39.31043203371971],[-0.36000000000000004,39.31043203371971],[-0.3598,39.31003161222339],[-0.36100000000000004,39.31003161222339],[-0.36100000000000004,39.31023182297155],[-0.36140000000000005,39.31023182297155],[-0.36140000000000005,39.309831401475236],[-0.36200000000000004,39.309831401475236],[-0.36200000000000004,39.31023182297155],[-0.36240000000000006,39.31023182297155],[-0.36260000000000003,39.31063224446786],[-0.36340000000000006,39.31063224446786],[-0.36340000000000006,39.310832455216016],[-0.36400000000000005,39.310832455216016],[-0.36400000000000005,39.31123287671233],[-0.3638,39.31123287671233],[-0.3638,39.31103266596418],[-0.36300000000000004,39.31103266596418],[-0.36300000000000004,39.310832455216016],[-0.36260000000000003,39.310832455216016],[-0.36260000000000003,39.31103266596418],[-0.36240000000000006,39.31103266596418],[-0.3622,39.31063224446786],[-0.36160000000000003,39.31063224446786],[-0.36160000000000003,39.310832455216016],[-0.36140000000000005,39.310832455216016]]]},"properties":{"area_sqm":19112.1,"area_ha":1.91,"area_km2":0.0191,"backscatter_change_db":-4.43,"flood_confidence":0.159,"pixel_count":50,"source":"Sentinel-1 RTC COG log-ratio \u0394\u03c3\u00b0 < \u22123 dB"}},{"type":"Feature","geometry":{"type":"Polygon","coordinates":[[[-0.36560000000000004,39.32004214963119],[-0.36560000000000004,39.31964172813488],[-0.3658,39.31964172813488],[-0.3658,39.31944151738672],[-0.36500000000000005,39.31944151738672],[-0.36500000000000005,39.31924130663857],[-0.36440000000000006,39.31924130663857],[-0.36440000000000006,39.31944151738672],[-0.3642,39.31944151738672],[-0.3642,39.31984193888304],[-0.36400000000000005,39.31984193888304],[-0.3638,39.31944151738672],[-0.36360000000000003,39.31944151738672],[-0.36360000000000003,39.31924130663857],[-0.36400000000000005,39.31924130663857],[-0.36400000000000005,39.318640674394096],[-0.3638,39.318640674394096],[-0.3638,39.31844046364594],[-0.36360000000000003,39.31844046364594],[-0.36340000000000006,39.31804004214963],[-0.36400000000000005,39.31804004214963],[-0.3642,39.31844046364594],[-0.36460000000000004,39.31844046364594],[-0.36460000000000004,39.31904109589041],[-0.36500000000000005,39.31904109589041],[-0.36500000000000005,39.31884088514226],[-0.3652,39.31884088514226],[-0.3652,39.31924130663857],[-0.36540000000000006,39.31924130663857],[-0.36540000000000006,39.31904109589041],[-0.3658,39.31884088514226],[-0.3658,39.318640674394096],[-0.3662,39.31844046364594],[-0.36640000000000006,39.31884088514226],[-0.3668,39.31904109589041],[-0.3668,39.31924130663857],[-0.36660000000000004,39.31924130663857],[-0.36660000000000004,39.31944151738672],[-0.3662,39.31944151738672],[-0.3662,39.31964172813488],[-0.36600000000000005,39.31964172813488],[-0.36600000000000005,39.31984193888304],[-0.36560000000000004,39.32004214963119]],[[-0.36600000000000005,39.31884088514226],[-0.3658,39.31924130663857],[-0.36640000000000006,39.31924130663857],[-0.36640000000000006,39.31884088514226],[-0.36600000000000005,39.31884088514226]]]},"properties":{"area_sqm":20641.1,"area_ha":2.06,"area_km2":0.0206,"backscatter_change_db":-4.18,"flood_confidence":0.131,"pixel_count":54,"source":"Sentinel-1 RTC COG log-ratio \u0394\u03c3\u00b0 < \u22123 dB"}},{"type":"Feature","geometry":{"type":"Polygon","coordinates":[[[-0.36540000000000006,39.324246575342464],[-0.36540000000000006,39.324446786090625],[-0.36560000000000004,39.324446786090625],[-0.3658,39.324847207586934],[-0.3662,39.324847207586934],[-0.3662,39.324446786090625],[-0.36640000000000006,39.324446786090625],[-0.36640000000000006,39.324246575342464],[-0.3662,39.324246575342464],[-0.3662,39.32404636459431],[-0.36640000000000006,39.32404636459431],[-0.36640000000000006,39.32304531085353],[-0.36660000000000004,39.32304531085353],[-0.3668,39.323445732349846],[-0.3672,39.323645943098],[-0.3672,39.323846153846155],[-0.36660000000000004,39.323846153846155],[-0.36660000000000004,39.324446786090625],[-0.3668,39.324446786090625],[-0.3668,39.32464699683878],[-0.36640000000000006,39.32464699683878],[-0.36640000000000006,39.324847207586934],[-0.36660000000000004,39.324847207586934],[-0.36660000000000004,39.32504741833509],[-0.36640000000000006,39.32504741833509],[-0.36640000000000006,39.325447839831405],[-0.36660000000000004,39.325447839831405],[-0.36660000000000004,39.32604847207587],[-0.36640000000000006,39.32604847207587],[-0.36640000000000006,39.325848261327714],[-0.36600000000000005,39.32564805057956],[-0.36600000000000005,39.32504741833509],[-0.3658,39.32504741833509],[-0.3658,39.32524762908324],[-0.36560000000000004,39.32524762908324],[-0.36540000000000006,39.324847207586934],[-0.36500000000000005,39.32504741833509],[-0.36500000000000005,39.324446786090625],[-0.3648,39.324446786090625],[-0.3648,39.324246575342464],[-0.36440000000000006,39.324246575342464],[-0.36460000000000004,39.323846153846155],[-0.36400000000000005,39.323846153846155],[-0.36400000000000005,39.32404636459431],[-0.36360000000000003,39.32404636459431],[-0.36360000000000003,39.323846153846155],[-0.36340000000000006,39.323846153846155],[-0.36340000000000006,39.32304531085353],[-0.36440000000000006,39.32304531085353],[-0.3642,39.322244467860905],[-0.36440000000000006,39.322244467860905],[-0.36440000000000006,39.32244467860906],[-0.3648,39.32244467860906],[-0.3648,39.32264488935722],[-0.3652,39.32264488935722],[-0.3652,39.322845100105376],[-0.36560000000000004,39.32304531085353],[-0.36560000000000004,39.323645943098],[-0.36540000000000006,39.323645943098],[-0.36540000000000006,39.323445732349846],[-0.36500000000000005,39.323445732349846],[-0.36500000000000005,39.323846153846155],[-0.3648,39.323846153846155],[-0.3648,39.32404636459431],[-0.3652,39.32404636459431],[-0.3652,39.324246575342464],[-0.36540000000000006,39.324246575342464]],[[-0.3648,39.322845100105376],[-0.3648,39.32304531085353],[-0.3652,39.32304531085353],[-0.3652,39.322845100105376],[-0.3648,39.322845100105376]],[[-0.36460000000000004,39.323445732349846],[-0.3642,39.323445732349846],[-0.3642,39.323645943098],[-0.36460000000000004,39.323645943098],[-0.36460000000000004,39.323445732349846]]]},"properties":{"area_sqm":38606.5,"area_ha":3.86,"area_km2":0.0386,"backscatter_change_db":-4.2,"flood_confidence":0.133,"pixel_count":101,"source":"Sentinel-1 RTC COG log-ratio \u0394\u03c3\u00b0 < \u22123 dB"}},{"type":"Feature","geometry":{"type":"Polygon","coordinates":[[[-0.36260000000000003,39.340463645943096],[-0.36260000000000003,39.34026343519494],[-0.3632,39.34026343519494],[-0.3632,39.33986301369863],[-0.36360000000000003,39.33986301369863],[-0.36400000000000005,39.33906217070601],[-0.3648,39.33906217070601],[-0.3648,39.33866174920969],[-0.36540000000000006,39.33866174920969],[-0.36540000000000006,39.33906217070601],[-0.36560000000000004,39.33906217070601],[-0.36560000000000004,39.33846153846154],[-0.36600000000000005,39.33826132771338],[-0.36600000000000005,39.33806111696523],[-0.3662,39.33806111696523],[-0.3662,39.33826132771338],[-0.3668,39.33826132771338],[-0.3668,39.33846153846154],[-0.36700000000000005,39.33846153846154],[-0.36700000000000005,39.33826132771338],[-0.36740000000000006,39.33846153846154],[-0.36740000000000006,39.33826132771338],[-0.36760000000000004,39.33826132771338],[-0.36760000000000004,39.33866174920969],[-0.3668,39.33866174920969],[-0.36700000000000005,39.33906217070601],[-0.36640000000000006,39.33906217070601],[-0.36640000000000006,39.33926238145416],[-0.36600000000000005,39.33926238145416],[-0.36600000000000005,39.33966280295047],[-0.36660000000000004,39.33966280295047],[-0.36660000000000004,39.33986301369863],[-0.3668,39.33986301369863],[-0.3668,39.34006322444679],[-0.36640000000000006,39.34006322444679],[-0.36640000000000006,39.34026343519494],[-0.3662,39.34026343519494],[-0.3662,39.340463645943096],[-0.36660000000000004,39.340463645943096],[-0.36660000000000004,39.34026343519494],[-0.3668,39.34026343519494],[-0.36700000000000005,39.34106427818757],[-0.36660000000000004,39.34106427818757],[-0.36660000000000004,39.34066385669126],[-0.36640000000000006,39.34066385669126],[-0.36640000000000006,39.34086406743941],[-0.36600000000000005,39.34086406743941],[-0.36600000000000005,39.34106427818757],[-0.36560000000000004,39.34106427818757],[-0.36560000000000004,39.34026343519494],[-0.3652,39.340463645943096],[-0.3652,39.34066385669126],[-0.3642,39.34066385669126],[-0.3642,39.34086406743941],[-0.36540000000000006,39.34086406743941],[-0.36540000000000006,39.341464699683875],[-0.36500000000000005,39.341464699683875],[-0.36500000000000005,39.34166491043204],[-0.3648,39.34166491043204],[-0.3648,39.3422655426765],[-0.36440000000000006,39.3422655426765],[-0.36440000000000006,39.34186512118019],[-0.3638,39.34186512118019],[-0.36360000000000003,39.3422655426765],[-0.3632,39.3422655426765],[-0.36300000000000004,39.34266596417282],[-0.3628,39.34266596417282],[-0.3628,39.3422655426765],[-0.36300000000000004,39.3422655426765],[-0.36300000000000004,39.34166491043204],[-0.36240000000000006,39.34166491043204],[-0.36240000000000006,39.341464699683875],[-0.36300000000000004,39.341464699683875],[-0.3632,39.34106427818757],[-0.3628,39.34106427818757],[-0.3628,39.340463645943096],[-0.36260000000000003,39.340463645943096]],[[-0.3638,39.341464699683875],[-0.36440000000000006,39.341464699683875],[-0.36440000000000006,39.34126448893572],[-0.3642,39.34126448893572],[-0.3642,39.34106427818757],[-0.3638,39.34106427818757],[-0.3638,39.34126448893572],[-0.36360000000000003,39.34126448893572],[-0.36360000000000003,39.34106427818757],[-0.36340000000000006,39.34106427818757],[-0.36340000000000006,39.34166491043204],[-0.3638,39.34166491043204],[-0.3638,39.341464699683875]],[[-0.3652,39.34006322444679],[-0.36600000000000005,39.34006322444679],[-0.36600000000000005,39.33986301369863],[-0.36560000000000004,39.33986301369863],[-0.36560000000000004,39.33946259220232],[-0.36540000000000006,39.33946259220232],[-0.36540000000000006,39.33966280295047],[-0.36500000000000005,39.33966280295047],[-0.3652,39.34006322444679]],[[-0.36500000000000005,39.33946259220232],[-0.3648,39.33946259220232],[-0.3648,39.33966280295047],[-0.36500000000000005,39.33966280295047],[-0.36500000000000005,39.33946259220232]],[[-0.36440000000000006,39.33966280295047],[-0.3642,39.34006322444679],[-0.3648,39.34006322444679],[-0.3648,39.33966280295047],[-0.36440000000000006,39.33966280295047]]]},"properties":{"area_sqm":84475.6,"area_ha":8.45,"area_km2":0.0845,"backscatter_change_db":-4.57,"flood_confidence":0.175,"pixel_count":221,"source":"Sentinel-1 RTC COG log-ratio \u0394\u03c3\u00b0 < \u22123 dB"}},{"type":"Feature","geometry":{"type":"Polygon","coordinates":[[[-0.3552,39.31783983140148],[-0.3552,39.31763962065332],[-0.35540000000000005,39.31763962065332],[-0.35540000000000005,39.31723919915701],[-0.35580000000000006,39.317038988408854],[-0.35580000000000006,39.31783983140148],[-0.35600000000000004,39.31783983140148],[-0.35600000000000004,39.31824025289779],[-0.35760000000000003,39.31824025289779],[-0.35760000000000003,39.31844046364594],[-0.35800000000000004,39.31844046364594],[-0.35800000000000004,39.318640674394096],[-0.3582,39.318640674394096],[-0.3582,39.31824025289779],[-0.35840000000000005,39.31824025289779],[-0.35840000000000005,39.31884088514226],[-0.3582,39.31884088514226],[-0.3582,39.31904109589041],[-0.35780000000000006,39.31904109589041],[-0.35780000000000006,39.318640674394096],[-0.35740000000000005,39.318640674394096],[-0.35740000000000005,39.31844046364594],[-0.3572,39.31844046364594],[-0.3572,39.318640674394096],[-0.35680000000000006,39.318640674394096],[-0.35680000000000006,39.31844046364594],[-0.35660000000000003,39.31844046364594],[-0.35660000000000003,39.318640674394096],[-0.35640000000000005,39.318640674394096],[-0.35640000000000005,39.31844046364594],[-0.35600000000000004,39.31844046364594],[-0.35600000000000004,39.31884088514226],[-0.35500000000000004,39.31884088514226],[-0.35500000000000004,39.31904109589041],[-0.35440000000000005,39.31904109589041],[-0.3546,39.31944151738672],[-0.35480000000000006,39.31944151738672],[-0.35480000000000006,39.31964172813488],[-0.35440000000000005,39.31964172813488],[-0.35440000000000005,39.31944151738672],[-0.3542,39.31944151738672],[-0.3542,39.31884088514226],[-0.3546,39.31884088514226],[-0.3546,39.318640674394096],[-0.3556,39.318640674394096],[-0.3556,39.31844046364594],[-0.35580000000000006,39.31844046364594],[-0.35580000000000006,39.31824025289779],[-0.35500000000000004,39.31824025289779],[-0.35500000000000004,39.31783983140148],[-0.3552,39.31783983140148]]]},"properties":{"area_sqm":22170.1,"area_ha":2.22,"area_km2":0.0222,"backscatter_change_db":-4.09,"flood_confidence":0.121,"pixel_count":58,"source":"Sentinel-1 RTC COG log-ratio \u0394\u03c3\u00b0 < \u22123 dB"}},{"type":"Feature","geometry":{"type":"Polygon","coordinates":[[[-0.35280000000000006,39.330052687038986],[-0.35280000000000006,39.32965226554268],[-0.3526,39.32965226554268],[-0.3526,39.32945205479452],[-0.35280000000000006,39.32945205479452],[-0.3526,39.3286512118019],[-0.35300000000000004,39.32845100105374],[-0.35300000000000004,39.32785036880927],[-0.3526,39.32785036880927],[-0.3526,39.32765015806112],[-0.35280000000000006,39.32765015806112],[-0.35280000000000006,39.3272497365648],[-0.3526,39.3272497365648],[-0.3526,39.327449947312964],[-0.3522,39.327449947312964],[-0.35200000000000004,39.32704952581665],[-0.35240000000000005,39.32684931506849],[-0.35240000000000005,39.32664910432034],[-0.35280000000000006,39.32664910432034],[-0.35280000000000006,39.326448893572184],[-0.35340000000000005,39.326448893572184],[-0.35340000000000005,39.32604847207587],[-0.35300000000000004,39.32604847207587],[-0.35300000000000004,39.325848261327714],[-0.35380000000000006,39.325848261327714],[-0.35380000000000006,39.32564805057956],[-0.35400000000000004,39.32564805057956],[-0.35400000000000004,39.32524762908324],[-0.35440000000000005,39.32504741833509],[-0.35440000000000005,39.324847207586934],[-0.35400000000000004,39.324847207586934],[-0.35400000000000004,39.32464699683878],[-0.35380000000000006,39.32464699683878],[-0.35380000000000006,39.324446786090625],[-0.35400000000000004,39.324446786090625],[-0.35400000000000004,39.32404636459431],[-0.3536,39.324246575342464],[-0.3536,39.323846153846155],[-0.35380000000000006,39.323846153846155],[-0.35380000000000006,39.323645943098],[-0.3546,39.323645943098],[-0.3546,39.323846153846155],[-0.35480000000000006,39.323846153846155],[-0.35480000000000006,39.323445732349846],[-0.3546,39.323445732349846],[-0.3546,39.322845100105376],[-0.35480000000000006,39.322845100105376],[-0.35480000000000006,39.32304531085353],[-0.3552,39.32304531085353],[-0.3552,39.323245521601685],[-0.3556,39.323245521601685],[-0.3556,39.322845100105376],[-0.35580000000000006,39.322845100105376],[-0.35580000000000006,39.322244467860905],[-0.35600000000000004,39.322244467860905],[-0.35600000000000004,39.32204425711275],[-0.35640000000000005,39.32204425711275],[-0.35640000000000005,39.321844046364596],[-0.35700000000000004,39.321844046364596],[-0.35700000000000004,39.32244467860906],[-0.35660000000000003,39.32244467860906],[-0.35660000000000003,39.322845100105376],[-0.35700000000000004,39.322845100105376],[-0.35700000000000004,39.32304531085353],[-0.35740000000000005,39.32304531085353],[-0.35740000000000005,39.322845100105376],[-0.35760000000000003,39.322845100105376],[-0.35760000000000003,39.32244467860906],[-0.3572,39.322244467860905],[-0.3572,39.321844046364596],[-0.35740000000000005,39.321844046364596],[-0.35740000000000005,39.32164383561644],[-0.35780000000000006,39.321844046364596],[-0.35780000000000006,39.32204425711275],[-0.3588,39.32204425711275],[-0.35860000000000003,39.32244467860906],[-0.35780000000000006,39.322244467860905],[-0.35780000000000006,39.322845100105376],[-0.35860000000000003,39.322845100105376],[-0.35860000000000003,39.323245521601685],[-0.35800000000000004,39.323245521601685],[-0.35800000000000004,39.323645943098],[-0.35760000000000003,39.323645943098],[-0.35760000000000003,39.323846153846155],[-0.35700000000000004,39.323846153846155],[-0.35700000000000004,39.32404636459431],[-0.35780000000000006,39.32404636459431],[-0.35780000000000006,39.324246575342464],[-0.3582,39.324246575342464],[-0.3582,39.323846153846155],[-0.35860000000000003,39.323846153846155],[-0.35860000000000003,39.32404636459431],[-0.3588,39.32404636459431],[-0.3588,39.324446786090625],[-0.3592,39.324246575342464],[-0.3592,39.324446786090625],[-0.35960000000000003,39.32464699683878],[-0.35960000000000003,39.32504741833509],[-0.3592,39.32504741833509],[-0.3592,39.324847207586934],[-0.3588,39.324847207586934],[-0.3588,39.32464699683878],[-0.35860000000000003,39.32464699683878],[-0.35860000000000003,39.325447839831405],[-0.35900000000000004,39.325447839831405],[-0.35900000000000004,39.32524762908324],[-0.3592,39.32524762908324],[-0.35940000000000005,39.32564805057956],[-0.3592,39.32564805057956],[-0.35900000000000004,39.32604847207587],[-0.3582,39.32604847207587],[-0.3582,39.32504741833509],[-0.35800000000000004,39.32504741833509],[-0.35800000000000004,39.325447839831405],[-0.35780000000000006,39.325447839831405],[-0.35780000000000006,39.32524762908324],[-0.3572,39.32524762908324],[-0.3572,39.325447839831405],[-0.35680000000000006,39.325447839831405],[-0.35680000000000006,39.32564805057956],[-0.35700000000000004,39.32564805057956],[-0.35700000000000004,39.325848261327714],[-0.35680000000000006,39.325848261327714],[-0.35680000000000006,39.326448893572184],[-0.35600000000000004,39.32684931506849],[-0.35600000000000004,39.32704952581665],[-0.35660000000000003,39.32704952581665],[-0.35660000000000003,39.32684931506849],[-0.35700000000000004,39.32704952581665],[-0.35700000000000004,39.327449947312964],[-0.35680000000000006,39.327449947312964],[-0.35680000000000006,39.32765015806112],[-0.3572,39.32765015806112],[-0.3572,39.32785036880927],[-0.35700000000000004,39.32785036880927],[-0.35700000000000004,39.32805057955743],[-0.35660000000000003,39.32805057955743],[-0.35660000000000003,39.32845100105374],[-0.35700000000000004,39.32825079030559],[-0.35700000000000004,39.3286512118019],[-0.35740000000000005,39.3286512118019],[-0.35740000000000005,39.32885142255005],[-0.3572,39.32885142255005],[-0.3572,39.32925184404637],[-0.35760000000000003,39.32925184404637],[-0.35760000000000003,39.32905163329821],[-0.35800000000000004,39.32885142255005],[-0.35800000000000004,39.32965226554268],[-0.3582,39.32965226554268],[-0.3582,39.32985247629083],[-0.3588,39.32985247629083],[-0.3588,39.330052687038986],[-0.35800000000000004,39.330052687038986],[-0.35780000000000006,39.32965226554268],[-0.3572,39.32965226554268],[-0.3572,39.32945205479452],[-0.35680000000000006,39.32945205479452],[-0.35680000000000006,39.32925184404637],[-0.35660000000000003,39.32925184404637],[-0.35660000000000003,39.32905163329821],[-0.35680000000000006,39.32905163329821],[-0.35680000000000006,39.3286512118019],[-0.35640000000000005,39.3286512118019],[-0.3562,39.32905163329821],[-0.3556,39.32905163329821],[-0.3556,39.32885142255005],[-0.35580000000000006,39.32885142255005],[-0.35580000000000006,39.32845100105374],[-0.3562,39.3286512118019],[-0.3562,39.32805057955743],[-0.35600000000000004,39.32805057955743],[-0.35600000000000004,39.32825079030559],[-0.3556,39.32825079030559],[-0.3556,39.32805057955743],[-0.35580000000000006,39.32805057955743],[-0.35580000000000006,39.32765015806112],[-0.35540000000000005,39.32785036880927],[-0.35540000000000005,39.32825079030559],[-0.3546,39.32825079030559],[-0.3546,39.32905163329821],[-0.3542,39.32905163329821],[-0.3542,39.32925184404637],[-0.3546,39.32925184404637],[-0.3546,39.32945205479452],[-0.35480000000000006,39.32945205479452],[-0.35480000000000006,39.32925184404637],[-0.35500000000000004,39.32925184404637],[-0.35480000000000006,39.32885142255005],[-0.3552,39.3286512118019],[-0.3552,39.32885142255005],[-0.35540000000000005,39.32885142255005],[-0.35540000000000005,39.32925184404637],[-0.35600000000000004,39.32925184404637],[-0.35600000000000004,39.32965226554268],[-0.35580000000000006,39.32965226554268],[-0.35580000000000006,39.32945205479452],[-0.3552,39.32945205479452],[-0.3552,39.32965226554268],[-0.35480000000000006,39.32985247629083],[-0.35480000000000006,39.33025289778715],[-0.3552,39.33025289778715],[-0.3552,39.330052687038986],[-0.35540000000000005,39.330052687038986],[-0.35540000000000005,39.3304531085353],[-0.35580000000000006,39.3304531085353],[-0.35580000000000006,39.33085353003161],[-0.3556,39.33085353003161],[-0.3556,39.330653319283456],[-0.3552,39.330653319283456],[-0.3552,39.33085353003161],[-0.35500000000000004,39.33085353003161],[-0.35500000000000004,39.3304531085353],[-0.35440000000000005,39.3304531085353],[-0.35440000000000005,39.33025289778715],[-0.3542,39.33025289778715],[-0.3542,39.3304531085353],[-0.35380000000000006,39.3304531085353],[-0.35380000000000006,39.33025289778715],[-0.3536,39.33025289778715],[-0.3536,39.3304531085353],[-0.35340000000000005,39.3304531085353],[-0.35340000000000005,39.331053740779765],[-0.35240000000000005,39.331053740779765],[-0.35240000000000005,39.33085353003161],[-0.35200000000000004,39.33085353003161],[-0.35200000000000004,39.330653319283456],[-0.3522,39.330653319283456],[-0.3522,39.33025289778715],[-0.3526,39.33025289778715],[-0.3526,39.330052687038986],[-0.35280000000000006,39.330052687038986]],[[-0.35340000000000005,39.32664910432034],[-0.35380000000000006,39.32664910432034],[-0.35380000000000006,39.32704952581665],[-0.35340000000000005,39.32704952581665],[-0.35340000000000005,39.32684931506849],[-0.3532,39.32684931506849],[-0.3532,39.327449947312964],[-0.3536,39.32765015806112],[-0.3536,39.327449947312964],[-0.35380000000000006,39.327449947312964],[-0.35400000000000004,39.32704952581665],[-0.35440000000000005,39.32704952581665],[-0.3542,39.32664910432034],[-0.35500000000000004,39.326448893572184],[-0.35500000000000004,39.32624868282402],[-0.3546,39.32624868282402],[-0.3546,39.32604847207587],[-0.35480000000000006,39.32604847207587],[-0.35500000000000004,39.32564805057956],[-0.35540000000000005,39.32564805057956],[-0.3556,39.32524762908324],[-0.35580000000000006,39.32524762908324],[-0.35580000000000006,39.325447839831405],[-0.3562,39.325447839831405],[-0.3562,39.32564805057956],[-0.35660000000000003,39.32564805057956],[-0.35660000000000003,39.32524762908324],[-0.35600000000000004,39.32524762908324],[-0.35600000000000004,39.32504741833509],[-0.3556,39.32504741833509],[-0.3556,39.32464699683878],[-0.3552,39.32464699683878],[-0.3552,39.324446786090625],[-0.3546,39.324446786090625],[-0.3546,39.324246575342464],[-0.35440000000000005,39.324246575342464],[-0.35440000000000005,39.32464699683878],[-0.35480000000000006,39.324847207586934],[-0.35480000000000006,39.32504741833509],[-0.3552,39.32504741833509],[-0.3552,39.325447839831405],[-0.35500000000000004,39.325447839831405],[-0.35500000000000004,39.32524762908324],[-0.3546,39.32524762908324],[-0.3546,39.325848261327714],[-0.35380000000000006,39.32604847207587],[-0.35380000000000006,39.326448893572184],[-0.35340000000000005,39.326448893572184],[-0.35340000000000005,39.32664910432034]],[[-0.3532,39.32664910432034],[-0.35300000000000004,39.32664910432034],[-0.35300000000000004,39.32684931506849],[-0.3532,39.32684931506849],[-0.3532,39.32664910432034]],[[-0.35600000000000004,39.32464699683878],[-0.35600000000000004,39.324446786090625],[-0.3556,39.324446786090625],[-0.3556,39.32464699683878],[-0.35600000000000004,39.32464699683878]],[[-0.3556,39.323445732349846],[-0.3552,39.323445732349846],[-0.3552,39.323846153846155],[-0.35540000000000005,39.323846153846155],[-0.3556,39.324246575342464],[-0.35680000000000006,39.324446786090625],[-0.35680000000000006,39.324246575342464],[-0.35640000000000005,39.324246575342464],[-0.35640000000000005,39.323645943098],[-0.3562,39.323645943098],[-0.3562,39.323245521601685],[-0.35600000000000004,39.323245521601685],[-0.35600000000000004,39.32304531085353],[-0.3556,39.323245521601685],[-0.3556,39.323445732349846]],[[-0.35660000000000003,39.32304531085353],[-0.35660000000000003,39.323445732349846],[-0.35680000000000006,39.323445732349846],[-0.35700000000000004,39.32304531085353],[-0.35660000000000003,39.32304531085353]],[[-0.35840000000000005,39.325447839831405],[-0.35840000000000005,39.32564805057956],[-0.35860000000000003,39.32564805057956],[-0.35860000000000003,39.325447839831405],[-0.35840000000000005,39.325447839831405]],[[-0.35600000000000004,39.32664910432034],[-0.35580000000000006,39.32664910432034],[-0.35580000000000006,39.32684931506849],[-0.35600000000000004,39.32684931506849],[-0.35600000000000004,39.32664910432034]],[[-0.35400000000000004,39.33025289778715],[-0.35400000000000004,39.32965226554268],[-0.35440000000000005,39.32965226554268],[-0.35440000000000005,39.32945205479452],[-0.35380000000000006,39.32945205479452],[-0.35380000000000006,39.32925184404637],[-0.3536,39.32925184404637],[-0.3536,39.32945205479452],[-0.3532,39.32945205479452],[-0.3532,39.330052687038986],[-0.35340000000000005,39.330052687038986],[-0.3536,39.32965226554268],[-0.35380000000000006,39.32965226554268],[-0.35380000000000006,39.33025289778715],[-0.35400000000000004,39.33025289778715]],[[-0.3526,39.3304531085353],[-0.3526,39.330653319283456],[-0.35300000000000004,39.330653319283456],[-0.35300000000000004,39.3304531085353],[-0.3526,39.3304531085353]],[[-0.3532,39.3304531085353],[-0.3532,39.33025289778715],[-0.35300000000000004,39.33025289778715],[-0.35300000000000004,39.3304531085353],[-0.3532,39.3304531085353]],[[-0.3536,39.32885142255005],[-0.3542,39.32885142255005],[-0.3542,39.3286512118019],[-0.35440000000000005,39.3286512118019],[-0.35440000000000005,39.32805057955743],[-0.3542,39.32805057955743],[-0.3542,39.32785036880927],[-0.35380000000000006,39.32785036880927],[-0.35380000000000006,39.32805057955743],[-0.3536,39.32805057955743],[-0.3536,39.32785036880927],[-0.3532,39.32785036880927],[-0.3532,39.32845100105374],[-0.3536,39.32845100105374],[-0.3536,39.32885142255005]],[[-0.3552,39.32765015806112],[-0.35500000000000004,39.32765015806112],[-0.35500000000000004,39.32785036880927],[-0.3546,39.32785036880927],[-0.3546,39.32805057955743],[-0.3552,39.32805057955743],[-0.3552,39.32765015806112]],[[-0.35640000000000005,39.3272497365648],[-0.3562,39.3272497365648],[-0.3562,39.327449947312964],[-0.35640000000000005,39.327449947312964],[-0.35640000000000005,39.3272497365648]],[[-0.35500000000000004,39.3272497365648],[-0.35540000000000005,39.3272497365648],[-0.35540000000000005,39.32704952581665],[-0.3556,39.32704952581665],[-0.3556,39.326448893572184],[-0.3552,39.326448893572184],[-0.35540000000000005,39.32684931506849],[-0.35480000000000006,39.32684931506849],[-0.35480000000000006,39.327449947312964],[-0.35500000000000004,39.327449947312964],[-0.35500000000000004,39.3272497365648]],[[-0.35680000000000006,39.32464699683878],[-0.35640000000000005,39.32464699683878],[-0.35640000000000005,39.324847207586934],[-0.35680000000000006,39.324847207586934],[-0.35680000000000006,39.32464699683878]],[[-0.35740000000000005,39.324246575342464],[-0.3572,39.324246575342464],[-0.3572,39.32464699683878],[-0.35740000000000005,39.32464699683878],[-0.35740000000000005,39.324246575342464]]]},"properties":{"area_sqm":236608.0,"area_ha":23.66,"area_km2":0.2366,"backscatter_change_db":-4.4,"flood_confidence":0.155,"pixel_count":619,"source":"Sentinel-1 RTC COG log-ratio \u0394\u03c3\u00b0 < \u22123 dB"}},{"type":"Feature","geometry":{"type":"Polygon","coordinates":[[[-0.3588,39.33185458377239],[-0.3588,39.331654373024236],[-0.3582,39.331654373024236],[-0.3582,39.33185458377239],[-0.35780000000000006,39.33185458377239],[-0.35760000000000003,39.33145416227608],[-0.35700000000000004,39.33145416227608],[-0.35700000000000004,39.33185458377239],[-0.35760000000000003,39.33185458377239],[-0.35780000000000006,39.332655426765015],[-0.35740000000000005,39.33245521601686],[-0.35740000000000005,39.33305584826133],[-0.35640000000000005,39.33305584826133],[-0.35640000000000005,39.332255005268706],[-0.35660000000000003,39.332255005268706],[-0.35660000000000003,39.33245521601686],[-0.35700000000000004,39.332255005268706],[-0.35700000000000004,39.332655426765015],[-0.3572,39.332655426765015],[-0.3572,39.332255005268706],[-0.35740000000000005,39.332255005268706],[-0.35740000000000005,39.33205479452055],[-0.35680000000000006,39.33205479452055],[-0.35680000000000006,39.33185458377239],[-0.35660000000000003,39.33185458377239],[-0.35660000000000003,39.33125395152793],[-0.35640000000000005,39.33125395152793],[-0.35640000000000005,39.331654373024236],[-0.3562,39.331654373024236],[-0.3562,39.33145416227608],[-0.35540000000000005,39.33145416227608],[-0.35540000000000005,39.33125395152793],[-0.3556,39.33125395152793],[-0.3556,39.331053740779765],[-0.35640000000000005,39.331053740779765],[-0.35640000000000005,39.33085353003161],[-0.3562,39.33085353003161],[-0.3562,39.330052687038986],[-0.35640000000000005,39.330052687038986],[-0.35640000000000005,39.32945205479452],[-0.35680000000000006,39.32945205479452],[-0.35680000000000006,39.32965226554268],[-0.3572,39.32965226554268],[-0.3572,39.330052687038986],[-0.35680000000000006,39.330052687038986],[-0.35680000000000006,39.33025289778715],[-0.35640000000000005,39.33025289778715],[-0.35640000000000005,39.3304531085353],[-0.35660000000000003,39.3304531085353],[-0.35660000000000003,39.33085353003161],[-0.3572,39.33085353003161],[-0.3572,39.331053740779765],[-0.35740000000000005,39.331053740779765],[-0.35740000000000005,39.32985247629083],[-0.35780000000000006,39.32985247629083],[-0.35780000000000006,39.33025289778715],[-0.35800000000000004,39.33025289778715],[-0.35800000000000004,39.33085353003161],[-0.35760000000000003,39.331053740779765],[-0.35760000000000003,39.33125395152793],[-0.35840000000000005,39.331053740779765],[-0.35840000000000005,39.330653319283456],[-0.3582,39.330653319283456],[-0.3582,39.33025289778715],[-0.35840000000000005,39.33025289778715],[-0.35840000000000005,39.3304531085353],[-0.3588,39.3304531085353],[-0.3588,39.330653319283456],[-0.35900000000000004,39.330653319283456],[-0.35900000000000004,39.33085353003161],[-0.35860000000000003,39.331053740779765],[-0.3588,39.33145416227608],[-0.35900000000000004,39.33145416227608],[-0.35900000000000004,39.33125395152793],[-0.35960000000000003,39.33125395152793],[-0.35960000000000003,39.331053740779765],[-0.36000000000000004,39.33085353003161],[-0.36000000000000004,39.33125395152793],[-0.36040000000000005,39.33125395152793],[-0.36040000000000005,39.33145416227608],[-0.3608,39.33125395152793],[-0.3608,39.33145416227608],[-0.3612,39.33145416227608],[-0.3612,39.33185458377239],[-0.36160000000000003,39.33185458377239],[-0.36160000000000003,39.33125395152793],[-0.3618,39.33125395152793],[-0.3618,39.33085353003161],[-0.36100000000000004,39.331053740779765],[-0.36100000000000004,39.33085353003161],[-0.36140000000000005,39.330653319283456],[-0.36140000000000005,39.3304531085353],[-0.36160000000000003,39.3304531085353],[-0.36160000000000003,39.330653319283456],[-0.36200000000000004,39.330653319283456],[-0.36200000000000004,39.33145416227608],[-0.3622,39.33145416227608],[-0.3622,39.33125395152793],[-0.36260000000000003,39.33145416227608],[-0.36260000000000003,39.33185458377239],[-0.36240000000000006,39.33185458377239],[-0.36240000000000006,39.331654373024236],[-0.3622,39.331654373024236],[-0.3622,39.33185458377239],[-0.3618,39.33185458377239],[-0.3618,39.332255005268706],[-0.3612,39.332255005268706],[-0.3612,39.332655426765015],[-0.3608,39.332655426765015],[-0.3608,39.33285563751317],[-0.36040000000000005,39.33285563751317],[-0.36040000000000005,39.332255005268706],[-0.35960000000000003,39.332255005268706],[-0.35960000000000003,39.33285563751317],[-0.35900000000000004,39.33285563751317],[-0.3592,39.33205479452055],[-0.3598,39.33205479452055],[-0.3598,39.33185458377239],[-0.35960000000000003,39.33185458377239],[-0.35960000000000003,39.331654373024236],[-0.3588,39.33185458377239]],[[-0.35680000000000006,39.332655426765015],[-0.35680000000000006,39.33285563751317],[-0.35700000000000004,39.33285563751317],[-0.35700000000000004,39.332655426765015],[-0.35680000000000006,39.332655426765015]],[[-0.36000000000000004,39.33145416227608],[-0.36000000000000004,39.331654373024236],[-0.36040000000000005,39.331654373024236],[-0.36040000000000005,39.33145416227608],[-0.36000000000000004,39.33145416227608]],[[-0.3608,39.332255005268706],[-0.3608,39.33245521601686],[-0.36100000000000004,39.33245521601686],[-0.36100000000000004,39.33205479452055],[-0.36040000000000005,39.33205479452055],[-0.36040000000000005,39.332255005268706],[-0.3608,39.332255005268706]]]},"properties":{"area_sqm":76830.7,"area_ha":7.68,"area_km2":0.0768,"backscatter_change_db":-4.19,"flood_confidence":0.132,"pixel_count":201,"source":"Sentinel-1 RTC COG log-ratio \u0394\u03c3\u00b0 < \u22123 dB"}},{"type":"Feature","geometry":{"type":"Polygon","coordinates":[[[-0.3608,39.346069546891464],[-0.3608,39.34626975763962],[-0.3612,39.34626975763962],[-0.3612,39.34646996838778],[-0.36140000000000005,39.34646996838778],[-0.36140000000000005,39.346670179135934],[-0.36100000000000004,39.346670179135934],[-0.3612,39.34707060063224],[-0.3608,39.34707060063224],[-0.3608,39.34687038988409],[-0.36040000000000005,39.34707060063224],[-0.36040000000000005,39.346670179135934],[-0.3602,39.346670179135934],[-0.3602,39.346069546891464],[-0.36060000000000003,39.346069546891464],[-0.36060000000000003,39.345669125395155],[-0.3602,39.345669125395155],[-0.3602,39.34526870389884],[-0.36000000000000004,39.34526870389884],[-0.36000000000000004,39.345068493150684],[-0.36040000000000005,39.345068493150684],[-0.36040000000000005,39.34446786090622],[-0.3608,39.34446786090622],[-0.3608,39.34426765015806],[-0.36060000000000003,39.34426765015806],[-0.36060000000000003,39.344067439409905],[-0.36000000000000004,39.344067439409905],[-0.36000000000000004,39.34386722866175],[-0.36100000000000004,39.34386722866175],[-0.36100000000000004,39.34426765015806],[-0.3612,39.34426765015806],[-0.3612,39.34486828240253],[-0.36160000000000003,39.344668071654375],[-0.3618,39.345068493150684],[-0.3622,39.345068493150684],[-0.3622,39.34526870389884],[-0.36200000000000004,39.34526870389884],[-0.36200000000000004,39.345669125395155],[-0.3618,39.345669125395155],[-0.3618,39.345468914647],[-0.36160000000000003,39.345468914647],[-0.36160000000000003,39.345669125395155],[-0.3612,39.345468914647],[-0.3612,39.346069546891464],[-0.3608,39.346069546891464]],[[-0.3608,39.346670179135934],[-0.3608,39.34646996838778],[-0.36040000000000005,39.34646996838778],[-0.36040000000000005,39.346670179135934],[-0.3608,39.346670179135934]],[[-0.36160000000000003,39.345068493150684],[-0.36160000000000003,39.34526870389884],[-0.3618,39.34526870389884],[-0.3618,39.345068493150684],[-0.36160000000000003,39.345068493150684]],[[-0.36100000000000004,39.34486828240253],[-0.36060000000000003,39.344668071654375],[-0.36060000000000003,39.345068493150684],[-0.3608,39.345068493150684],[-0.3608,39.34526870389884],[-0.3612,39.34526870389884],[-0.36100000000000004,39.34486828240253]]]},"properties":{"area_sqm":26757.0,"area_ha":2.68,"area_km2":0.0268,"backscatter_change_db":-4.08,"flood_confidence":0.12,"pixel_count":70,"source":"Sentinel-1 RTC COG log-ratio \u0394\u03c3\u00b0 < \u22123 dB"}},{"type":"Feature","geometry":{"type":"Polygon","coordinates":[[[-0.36060000000000003,39.354878819810324],[-0.3612,39.354878819810324],[-0.36100000000000004,39.354077976817706],[-0.36140000000000005,39.354077976817706],[-0.36140000000000005,39.353877766069544],[-0.3612,39.353877766069544],[-0.36100000000000004,39.353477344573236],[-0.36040000000000005,39.353477344573236],[-0.36040000000000005,39.35327713382508],[-0.3602,39.35327713382508],[-0.3602,39.353477344573236],[-0.3598,39.353477344573236],[-0.3598,39.35367755532139],[-0.36040000000000005,39.35367755532139],[-0.3602,39.354478398314015],[-0.36000000000000004,39.354478398314015],[-0.36000000000000004,39.35427818756586],[-0.35960000000000003,39.35427818756586],[-0.35960000000000003,39.35467860906217],[-0.3592,39.354878819810324],[-0.35940000000000005,39.35527924130664],[-0.3598,39.355079030558485],[-0.3598,39.355479452054794],[-0.35960000000000003,39.355479452054794],[-0.35960000000000003,39.35567966280295],[-0.35900000000000004,39.35567966280295],[-0.35900000000000004,39.3558798735511],[-0.3592,39.3558798735511],[-0.3592,39.35628029504742],[-0.3588,39.35628029504742],[-0.3588,39.356080084299265],[-0.35860000000000003,39.356080084299265],[-0.3588,39.35527924130664],[-0.35840000000000005,39.35527924130664],[-0.35840000000000005,39.354478398314015],[-0.3592,39.354478398314015],[-0.3592,39.354077976817706],[-0.35940000000000005,39.354077976817706],[-0.3592,39.35367755532139],[-0.3588,39.353877766069544],[-0.3588,39.35307692307693],[-0.35900000000000004,39.35307692307693],[-0.3592,39.35267650158061],[-0.35940000000000005,39.35267650158061],[-0.35940000000000005,39.35307692307693],[-0.35960000000000003,39.35307692307693],[-0.35960000000000003,39.352476290832456],[-0.3598,39.352476290832456],[-0.3598,39.35207586933614],[-0.35940000000000005,39.35207586933614],[-0.35940000000000005,39.351875658587986],[-0.3602,39.351875658587986],[-0.3602,39.35147523709168],[-0.36060000000000003,39.35147523709168],[-0.36060000000000003,39.351875658587986],[-0.36040000000000005,39.351875658587986],[-0.36040000000000005,39.35207586933614],[-0.3608,39.35207586933614],[-0.3608,39.351875658587986],[-0.3612,39.351875658587986],[-0.3612,39.35147523709168],[-0.36140000000000005,39.35147523709168],[-0.36140000000000005,39.35127502634352],[-0.3622,39.35127502634352],[-0.3622,39.35147523709168],[-0.36260000000000003,39.35147523709168],[-0.36260000000000003,39.35167544783983],[-0.36240000000000006,39.35167544783983],[-0.36240000000000006,39.351875658587986],[-0.3628,39.35207586933614],[-0.3628,39.352876712328765],[-0.36260000000000003,39.352876712328765],[-0.36260000000000003,39.35327713382508],[-0.36300000000000004,39.35327713382508],[-0.3632,39.35367755532139],[-0.3628,39.35367755532139],[-0.3628,39.354077976817706],[-0.36240000000000006,39.354077976817706],[-0.36240000000000006,39.35367755532139],[-0.3622,39.35367755532139],[-0.3622,39.354077976817706],[-0.36200000000000004,39.354077976817706],[-0.36200000000000004,39.354478398314015],[-0.36160000000000003,39.35467860906217],[-0.36160000000000003,39.355079030558485],[-0.3608,39.355079030558485],[-0.36100000000000004,39.355479452054794],[-0.3618,39.355479452054794],[-0.3618,39.3558798735511],[-0.36160000000000003,39.3558798735511],[-0.36160000000000003,39.356080084299265],[-0.3612,39.356080084299265],[-0.3612,39.356480505795574],[-0.36060000000000003,39.356480505795574],[-0.36060000000000003,39.35628029504742],[-0.36040000000000005,39.35628029504742],[-0.36040000000000005,39.356080084299265],[-0.36060000000000003,39.356080084299265],[-0.36060000000000003,39.35567966280295],[-0.3602,39.3558798735511],[-0.3602,39.35527924130664],[-0.36060000000000003,39.35527924130664],[-0.36060000000000003,39.354878819810324]],[[-0.3612,39.353477344573236],[-0.3612,39.35327713382508],[-0.36100000000000004,39.35327713382508],[-0.36100000000000004,39.353477344573236],[-0.3612,39.353477344573236]],[[-0.3598,39.35327713382508],[-0.35960000000000003,39.35327713382508],[-0.35960000000000003,39.353477344573236],[-0.3598,39.353477344573236],[-0.3598,39.35327713382508]],[[-0.3592,39.35527924130664],[-0.3592,39.355479452054794],[-0.35940000000000005,39.355479452054794],[-0.35940000000000005,39.35527924130664],[-0.3592,39.35527924130664]],[[-0.3612,39.3558798735511],[-0.36100000000000004,39.3558798735511],[-0.36100000000000004,39.356080084299265],[-0.3612,39.356080084299265],[-0.3612,39.3558798735511]],[[-0.35900000000000004,39.35467860906217],[-0.35860000000000003,39.35467860906217],[-0.35860000000000003,39.354878819810324],[-0.35900000000000004,39.354878819810324],[-0.35900000000000004,39.35467860906217]],[[-0.3622,39.352876712328765],[-0.36200000000000004,39.352876712328765],[-0.36200000000000004,39.35307692307693],[-0.3622,39.35307692307693],[-0.3622,39.352876712328765]],[[-0.36100000000000004,39.35267650158061],[-0.36060000000000003,39.352876712328765],[-0.36060000000000003,39.35307692307693],[-0.36100000000000004,39.35307692307693],[-0.36100000000000004,39.35267650158061]],[[-0.3612,39.3522760800843],[-0.3608,39.3522760800843],[-0.3608,39.352476290832456],[-0.3612,39.352476290832456],[-0.3612,39.3522760800843]],[[-0.36200000000000004,39.35167544783983],[-0.3618,39.35167544783983],[-0.3618,39.351875658587986],[-0.36200000000000004,39.351875658587986],[-0.36200000000000004,39.35167544783983]]]},"properties":{"area_sqm":106645.6,"area_ha":10.66,"area_km2":0.1066,"backscatter_change_db":-4.65,"flood_confidence":0.183,"pixel_count":279,"source":"Sentinel-1 RTC COG log-ratio \u0394\u03c3\u00b0 < \u22123 dB"}},{"type":"Feature","geometry":{"type":"Polygon","coordinates":[[[-0.35660000000000003,39.35467860906217],[-0.35660000000000003,39.354478398314015],[-0.35700000000000004,39.354478398314015],[-0.35700000000000004,39.35427818756586],[-0.35780000000000006,39.35427818756586],[-0.35780000000000006,39.353877766069544],[-0.35800000000000004,39.353877766069544],[-0.35800000000000004,39.35367755532139],[-0.3582,39.35367755532139],[-0.3582,39.354077976817706],[-0.35860000000000003,39.354077976817706],[-0.35840000000000005,39.354478398314015],[-0.35740000000000005,39.354478398314015],[-0.35740000000000005,39.354878819810324],[-0.35780000000000006,39.354878819810324],[-0.35780000000000006,39.35467860906217],[-0.3582,39.354878819810324],[-0.3582,39.3558798735511],[-0.35800000000000004,39.3558798735511],[-0.35800000000000004,39.356080084299265],[-0.35780000000000006,39.356080084299265],[-0.35780000000000006,39.3558798735511],[-0.35700000000000004,39.356080084299265],[-0.35700000000000004,39.3558798735511],[-0.35680000000000006,39.3558798735511],[-0.35680000000000006,39.355479452054794],[-0.35700000000000004,39.355479452054794],[-0.35700000000000004,39.354878819810324],[-0.3572,39.354878819810324],[-0.3572,39.35467860906217],[-0.35660000000000003,39.35467860906217]],[[-0.35780000000000006,39.35527924130664],[-0.35760000000000003,39.35527924130664],[-0.35760000000000003,39.355079030558485],[-0.3572,39.355079030558485],[-0.3572,39.355479452054794],[-0.35780000000000006,39.355479452054794],[-0.35780000000000006,39.35527924130664]]]},"properties":{"area_sqm":19112.1,"area_ha":1.91,"area_km2":0.0191,"backscatter_change_db":-4.43,"flood_confidence":0.158,"pixel_count":50,"source":"Sentinel-1 RTC COG log-ratio \u0394\u03c3\u00b0 < \u22123 dB"}},{"type":"Feature","geometry":{"type":"Polygon","coordinates":[[[-0.3482,39.327449947312964],[-0.34800000000000003,39.327449947312964],[-0.34800000000000003,39.3272497365648],[-0.3486,39.3272497365648],[-0.3486,39.327449947312964],[-0.34880000000000005,39.327449947312964],[-0.34880000000000005,39.32704952581665],[-0.3492,39.32684931506849],[-0.3492,39.32664910432034],[-0.34880000000000005,39.326448893572184],[-0.34880000000000005,39.32624868282402],[-0.34940000000000004,39.32624868282402],[-0.34940000000000004,39.32604847207587],[-0.3492,39.32604847207587],[-0.3492,39.325447839831405],[-0.34900000000000003,39.325447839831405],[-0.34900000000000003,39.32524762908324],[-0.3492,39.32524762908324],[-0.3492,39.32504741833509],[-0.3496,39.32504741833509],[-0.3496,39.324847207586934],[-0.3502,39.324847207586934],[-0.3502,39.324446786090625],[-0.35040000000000004,39.324446786090625],[-0.35040000000000004,39.324246575342464],[-0.35000000000000003,39.324246575342464],[-0.3502,39.323846153846155],[-0.35040000000000004,39.323846153846155],[-0.35040000000000004,39.32404636459431],[-0.35080000000000006,39.32404636459431],[-0.35080000000000006,39.323846153846155],[-0.35100000000000003,39.323846153846155],[-0.35100000000000003,39.324246575342464],[-0.3512,39.324246575342464],[-0.3512,39.32464699683878],[-0.35100000000000003,39.32464699683878],[-0.35100000000000003,39.324847207586934],[-0.35200000000000004,39.324847207586934],[-0.35200000000000004,39.32504741833509],[-0.35240000000000005,39.32504741833509],[-0.35240000000000005,39.325447839831405],[-0.3516,39.325447839831405],[-0.3516,39.32564805057956],[-0.35200000000000004,39.32564805057956],[-0.35200000000000004,39.325848261327714],[-0.3522,39.325848261327714],[-0.3522,39.32564805057956],[-0.35300000000000004,39.32564805057956],[-0.35300000000000004,39.325848261327714],[-0.3522,39.32604847207587],[-0.3522,39.32624868282402],[-0.35240000000000005,39.32624868282402],[-0.35240000000000005,39.32664910432034],[-0.35140000000000005,39.32664910432034],[-0.35140000000000005,39.32704952581665],[-0.35180000000000006,39.32704952581665],[-0.35180000000000006,39.3272497365648],[-0.3512,39.3272497365648],[-0.3512,39.327449947312964],[-0.35080000000000006,39.3272497365648],[-0.35080000000000006,39.327449947312964],[-0.35040000000000004,39.327449947312964],[-0.35040000000000004,39.32704952581665],[-0.35100000000000003,39.32704952581665],[-0.35100000000000003,39.325848261327714],[-0.3506,39.32564805057956],[-0.3506,39.325848261327714],[-0.35040000000000004,39.325848261327714],[-0.35040000000000004,39.326448893572184],[-0.3506,39.326448893572184],[-0.3506,39.32664910432034],[-0.3502,39.32684931506849],[-0.3502,39.32704952581665],[-0.34980000000000006,39.32704952581665],[-0.3496,39.327449947312964],[-0.3492,39.327449947312964],[-0.3492,39.32765015806112],[-0.3486,39.32765015806112],[-0.34880000000000005,39.32805057955743],[-0.34800000000000003,39.32805057955743],[-0.34800000000000003,39.32765015806112],[-0.3482,39.32765015806112],[-0.3482,39.327449947312964]],[[-0.3506,39.324847207586934],[-0.3506,39.32504741833509],[-0.35080000000000006,39.32504741833509],[-0.35080000000000006,39.325447839831405],[-0.35100000000000003,39.325447839831405],[-0.35100000000000003,39.324847207586934],[-0.3506,39.324847207586934]],[[-0.3506,39.32464699683878],[-0.35040000000000004,39.32464699683878],[-0.35040000000000004,39.324847207586934],[-0.3506,39.324847207586934],[-0.3506,39.32464699683878]],[[-0.3516,39.32504741833509],[-0.3512,39.32504741833509],[-0.35140000000000005,39.325447839831405],[-0.3516,39.325447839831405],[-0.3516,39.32504741833509]],[[-0.35180000000000006,39.325848261327714],[-0.3516,39.32624868282402],[-0.35200000000000004,39.326448893572184],[-0.35200000000000004,39.325848261327714],[-0.35180000000000006,39.325848261327714]],[[-0.34980000000000006,39.32684931506849],[-0.34940000000000004,39.32684931506849],[-0.34940000000000004,39.32704952581665],[-0.34980000000000006,39.32704952581665],[-0.34980000000000006,39.32684931506849]],[[-0.35000000000000003,39.32684931506849],[-0.35000000000000003,39.32664910432034],[-0.3502,39.32664910432034],[-0.3502,39.325848261327714],[-0.34980000000000006,39.325848261327714],[-0.34980000000000006,39.32684931506849],[-0.35000000000000003,39.32684931506849]],[[-0.35040000000000004,39.32504741833509],[-0.35000000000000003,39.32504741833509],[-0.35000000000000003,39.325447839831405],[-0.35040000000000004,39.325447839831405],[-0.35040000000000004,39.32504741833509]]]},"properties":{"area_sqm":65745.7,"area_ha":6.57,"area_km2":0.0657,"backscatter_change_db":-4.27,"flood_confidence":0.141,"pixel_count":172,"source":"Sentinel-1 RTC COG log-ratio \u0394\u03c3\u00b0 < \u22123 dB"}},{"type":"Feature","geometry":{"type":"Polygon","coordinates":[[[-0.34980000000000006,39.33665964172813],[-0.3502,39.33665964172813],[-0.3502,39.336859852476294],[-0.34940000000000004,39.336859852476294],[-0.34940000000000004,39.33645943097998],[-0.3496,39.33645943097998],[-0.3496,39.335858798735515],[-0.3492,39.335858798735515],[-0.3492,39.336259220231824],[-0.34880000000000005,39.336259220231824],[-0.34880000000000005,39.33665964172813],[-0.34840000000000004,39.33665964172813],[-0.34840000000000004,39.336259220231824],[-0.3482,39.336259220231824],[-0.3482,39.33706006322445],[-0.3486,39.336859852476294],[-0.3486,39.33706006322445],[-0.34900000000000003,39.33706006322445],[-0.34900000000000003,39.3372602739726],[-0.34880000000000005,39.3372602739726],[-0.34880000000000005,39.33766069546891],[-0.34840000000000004,39.33766069546891],[-0.34840000000000004,39.33746048472076],[-0.3482,39.33746048472076],[-0.34800000000000003,39.337860906217074],[-0.34780000000000005,39.337860906217074],[-0.34800000000000003,39.33826132771338],[-0.34780000000000005,39.33826132771338],[-0.34780000000000005,39.33846153846154],[-0.34740000000000004,39.33846153846154],[-0.3476,39.33806111696523],[-0.3472,39.33806111696523],[-0.3472,39.33766069546891],[-0.34780000000000005,39.33766069546891],[-0.34800000000000003,39.3372602739726],[-0.3476,39.3372602739726],[-0.3476,39.33746048472076],[-0.34740000000000004,39.33746048472076],[-0.34740000000000004,39.336859852476294],[-0.34700000000000003,39.33665964172813],[-0.34700000000000003,39.336259220231824],[-0.34680000000000005,39.336259220231824],[-0.34680000000000005,39.33645943097998],[-0.34640000000000004,39.336259220231824],[-0.34640000000000004,39.33645943097998],[-0.34600000000000003,39.33665964172813],[-0.34600000000000003,39.336259220231824],[-0.3462,39.336259220231824],[-0.3462,39.33605900948367],[-0.34580000000000005,39.335858798735515],[-0.34580000000000005,39.33565858798735],[-0.34600000000000003,39.33565858798735],[-0.34600000000000003,39.3354583772392],[-0.34680000000000005,39.3354583772392],[-0.34680000000000005,39.335258166491045],[-0.3466,39.335258166491045],[-0.3466,39.33505795574289],[-0.34600000000000003,39.33505795574289],[-0.34600000000000003,39.335258166491045],[-0.3456,39.335258166491045],[-0.3456,39.33485774499473],[-0.34680000000000005,39.334657534246574],[-0.34680000000000005,39.33505795574289],[-0.34780000000000005,39.33505795574289],[-0.34780000000000005,39.3354583772392],[-0.34740000000000004,39.335258166491045],[-0.3472,39.33565858798735],[-0.34680000000000005,39.33565858798735],[-0.34700000000000003,39.33605900948367],[-0.34740000000000004,39.335858798735515],[-0.34740000000000004,39.33565858798735],[-0.34780000000000005,39.33565858798735],[-0.34780000000000005,39.335858798735515],[-0.34840000000000004,39.335858798735515],[-0.34840000000000004,39.33565858798735],[-0.3482,39.33565858798735],[-0.3482,39.33505795574289],[-0.34800000000000003,39.33505795574289],[-0.34800000000000003,39.334657534246574],[-0.34740000000000004,39.334657534246574],[-0.34740000000000004,39.33445732349842],[-0.34800000000000003,39.33445732349842],[-0.3482,39.33405690200211],[-0.34840000000000004,39.33405690200211],[-0.34840000000000004,39.33385669125395],[-0.3482,39.33385669125395],[-0.3482,39.333656480505795],[-0.34780000000000005,39.333656480505795],[-0.34780000000000005,39.33345626975764],[-0.34740000000000004,39.33345626975764],[-0.34740000000000004,39.33305584826133],[-0.3476,39.33305584826133],[-0.3476,39.333256059009486],[-0.34800000000000003,39.333256059009486],[-0.34800000000000003,39.33345626975764],[-0.34840000000000004,39.33345626975764],[-0.34840000000000004,39.333656480505795],[-0.3486,39.333656480505795],[-0.3486,39.33345626975764],[-0.34900000000000003,39.33345626975764],[-0.3492,39.33385669125395],[-0.3496,39.33385669125395],[-0.3496,39.33405690200211],[-0.34980000000000006,39.33405690200211],[-0.34980000000000006,39.333656480505795],[-0.35000000000000003,39.333656480505795],[-0.35000000000000003,39.33405690200211],[-0.3506,39.33405690200211],[-0.3506,39.334257112750265],[-0.35080000000000006,39.334257112750265],[-0.35080000000000006,39.33345626975764],[-0.35100000000000003,39.33345626975764],[-0.35100000000000003,39.333256059009486],[-0.35140000000000005,39.333256059009486],[-0.3512,39.333656480505795],[-0.3516,39.333656480505795],[-0.35140000000000005,39.33405690200211],[-0.35180000000000006,39.33405690200211],[-0.35180000000000006,39.334257112750265],[-0.3512,39.334257112750265],[-0.3512,39.33445732349842],[-0.3516,39.33445732349842],[-0.3516,39.334657534246574],[-0.35240000000000005,39.33485774499473],[-0.35240000000000005,39.334257112750265],[-0.3526,39.334257112750265],[-0.3526,39.33445732349842],[-0.3532,39.33445732349842],[-0.3532,39.33485774499473],[-0.3536,39.33485774499473],[-0.3536,39.33505795574289],[-0.35300000000000004,39.33505795574289],[-0.35300000000000004,39.33485774499473],[-0.35280000000000006,39.33485774499473],[-0.35280000000000006,39.3354583772392],[-0.3526,39.3354583772392],[-0.3526,39.33565858798735],[-0.35240000000000005,39.33565858798735],[-0.35240000000000005,39.335258166491045],[-0.3526,39.335258166491045],[-0.3526,39.33505795574289],[-0.3522,39.33505795574289],[-0.3522,39.335258166491045],[-0.35200000000000004,39.335258166491045],[-0.35200000000000004,39.33565858798735],[-0.3522,39.33565858798735],[-0.3522,39.33605900948367],[-0.3526,39.33605900948367],[-0.3526,39.336259220231824],[-0.35200000000000004,39.336259220231824],[-0.35200000000000004,39.335858798735515],[-0.35080000000000006,39.335858798735515],[-0.35080000000000006,39.33605900948367],[-0.35040000000000004,39.33605900948367],[-0.35040000000000004,39.33485774499473],[-0.35080000000000006,39.33485774499473],[-0.35080000000000006,39.334657534246574],[-0.35000000000000003,39.334657534246574],[-0.34980000000000006,39.33505795574289],[-0.3492,39.33505795574289],[-0.3492,39.335258166491045],[-0.35000000000000003,39.335258166491045],[-0.34980000000000006,39.33605900948367],[-0.3502,39.33605900948367],[-0.3502,39.336259220231824],[-0.34980000000000006,39.336259220231824],[-0.34980000000000006,39.33665964172813]],[[-0.3472,39.336259220231824],[-0.34740000000000004,39.336259220231824],[-0.34740000000000004,39.33665964172813],[-0.3476,39.33665964172813],[-0.3476,39.33706006322445],[-0.34800000000000003,39.33706006322445],[-0.34800000000000003,39.336859852476294],[-0.34780000000000005,39.336859852476294],[-0.34780000000000005,39.33605900948367],[-0.3472,39.33605900948367],[-0.3472,39.336259220231824]],[[-0.3502,39.334257112750265],[-0.3502,39.33445732349842],[-0.3506,39.33445732349842],[-0.3506,39.334257112750265],[-0.3502,39.334257112750265]],[[-0.35000000000000003,39.33445732349842],[-0.3492,39.33445732349842],[-0.3492,39.334257112750265],[-0.34880000000000005,39.334257112750265],[-0.3486,39.334657534246574],[-0.34880000000000005,39.334657534246574],[-0.34880000000000005,39.33485774499473],[-0.34940000000000004,39.33485774499473],[-0.34940000000000004,39.334657534246574],[-0.35000000000000003,39.334657534246574],[-0.35000000000000003,39.33445732349842]],[[-0.3486,39.335858798735515],[-0.3486,39.33605900948367],[-0.34880000000000005,39.33605900948367],[-0.34880000000000005,39.335858798735515],[-0.3486,39.335858798735515]],[[-0.34900000000000003,39.335858798735515],[-0.34900000000000003,39.33565858798735],[-0.34880000000000005,39.33565858798735],[-0.34880000000000005,39.335858798735515],[-0.34900000000000003,39.335858798735515]],[[-0.35100000000000003,39.3354583772392],[-0.35140000000000005,39.33565858798735],[-0.3516,39.335258166491045],[-0.35100000000000003,39.335258166491045],[-0.35100000000000003,39.3354583772392]],[[-0.3516,39.33485774499473],[-0.3512,39.33485774499473],[-0.3512,39.33505795574289],[-0.3516,39.33505795574289],[-0.3516,39.33485774499473]],[[-0.3486,39.33485774499473],[-0.34840000000000004,39.33485774499473],[-0.34840000000000004,39.33505795574289],[-0.3486,39.33505795574289],[-0.3486,39.33485774499473]]]},"properties":{"area_sqm":118495.1,"area_ha":11.85,"area_km2":0.1185,"backscatter_change_db":-4.27,"flood_confidence":0.142,"pixel_count":310,"source":"Sentinel-1 RTC COG log-ratio \u0394\u03c3\u00b0 < \u22123 dB"}},{"type":"Feature","geometry":{"type":"Polygon","coordinates":[[[-0.3506,39.33826132771338],[-0.3502,39.33846153846154],[-0.35040000000000004,39.33766069546891],[-0.3506,39.33766069546891],[-0.3506,39.33746048472076],[-0.3502,39.33746048472076],[-0.3502,39.33706006322445],[-0.35040000000000004,39.33706006322445],[-0.35040000000000004,39.33645943097998],[-0.3506,39.33645943097998],[-0.3506,39.336259220231824],[-0.35100000000000003,39.336259220231824],[-0.35100000000000003,39.33665964172813],[-0.35140000000000005,39.33665964172813],[-0.3512,39.336259220231824],[-0.3516,39.336259220231824],[-0.3516,39.33645943097998],[-0.35180000000000006,39.33645943097998],[-0.35180000000000006,39.33665964172813],[-0.3516,39.33665964172813],[-0.3516,39.336859852476294],[-0.35180000000000006,39.336859852476294],[-0.35180000000000006,39.3372602739726],[-0.35140000000000005,39.3372602739726],[-0.35140000000000005,39.33746048472076],[-0.35180000000000006,39.33746048472076],[-0.35180000000000006,39.33766069546891],[-0.35140000000000005,39.337860906217074],[-0.35140000000000005,39.33826132771338],[-0.35100000000000003,39.33826132771338],[-0.35100000000000003,39.33846153846154],[-0.3506,39.33846153846154],[-0.3506,39.33826132771338]],[[-0.35140000000000005,39.336859852476294],[-0.35140000000000005,39.33706006322445],[-0.3516,39.33706006322445],[-0.3516,39.336859852476294],[-0.35140000000000005,39.336859852476294]],[[-0.35080000000000006,39.33766069546891],[-0.35080000000000006,39.337860906217074],[-0.35100000000000003,39.337860906217074],[-0.35100000000000003,39.33766069546891],[-0.35080000000000006,39.33766069546891]],[[-0.35080000000000006,39.336859852476294],[-0.35080000000000006,39.33706006322445],[-0.3512,39.3372602739726],[-0.3512,39.336859852476294],[-0.35080000000000006,39.336859852476294]]]},"properties":{"area_sqm":21787.8,"area_ha":2.18,"area_km2":0.0218,"backscatter_change_db":-4.51,"flood_confidence":0.167,"pixel_count":57,"source":"Sentinel-1 RTC COG log-ratio \u0394\u03c3\u00b0 < \u22123 dB"}},{"type":"Feature","geometry":{"type":"Polygon","coordinates":[[[-0.34980000000000006,39.33766069546891],[-0.3496,39.33766069546891],[-0.3496,39.33746048472076],[-0.3492,39.33746048472076],[-0.3492,39.3372602739726],[-0.3496,39.3372602739726],[-0.3496,39.33706006322445],[-0.35000000000000003,39.3372602739726],[-0.35000000000000003,39.33846153846154],[-0.34980000000000006,39.33846153846154],[-0.34980000000000006,39.33886195995785],[-0.34940000000000004,39.33886195995785],[-0.34940000000000004,39.33866174920969],[-0.34840000000000004,39.33866174920969],[-0.34840000000000004,39.33966280295047],[-0.34800000000000003,39.33966280295047],[-0.34800000000000003,39.33886195995785],[-0.34780000000000005,39.33886195995785],[-0.34780000000000005,39.33846153846154],[-0.34800000000000003,39.33846153846154],[-0.3482,39.33806111696523],[-0.3492,39.33806111696523],[-0.34900000000000003,39.33766069546891],[-0.34940000000000004,39.33766069546891],[-0.34940000000000004,39.337860906217074],[-0.34980000000000006,39.33806111696523],[-0.34980000000000006,39.33766069546891]],[[-0.34800000000000003,39.33866174920969],[-0.3482,39.33866174920969],[-0.3482,39.33846153846154],[-0.34800000000000003,39.33846153846154],[-0.34800000000000003,39.33866174920969]],[[-0.34880000000000005,39.33826132771338],[-0.34840000000000004,39.33826132771338],[-0.34840000000000004,39.33846153846154],[-0.34880000000000005,39.33846153846154],[-0.34880000000000005,39.33826132771338]]]},"properties":{"area_sqm":19876.6,"area_ha":1.99,"area_km2":0.0199,"backscatter_change_db":-4.34,"flood_confidence":0.148,"pixel_count":52,"source":"Sentinel-1 RTC COG log-ratio \u0394\u03c3\u00b0 < \u22123 dB"}},{"type":"Feature","geometry":{"type":"Polygon","coordinates":[[[-0.34520000000000006,39.34446786090622],[-0.34520000000000006,39.344668071654375],[-0.34500000000000003,39.344668071654375],[-0.34500000000000003,39.34426765015806],[-0.34520000000000006,39.34426765015806],[-0.34520000000000006,39.344067439409905],[-0.3456,39.344067439409905],[-0.3456,39.34426765015806],[-0.3462,39.34426765015806],[-0.3462,39.34386722866175],[-0.34640000000000004,39.34386722866175],[-0.34640000000000004,39.344067439409905],[-0.3466,39.344067439409905],[-0.3466,39.34386722866175],[-0.3472,39.34386722866175],[-0.3472,39.34426765015806],[-0.3476,39.34446786090622],[-0.3476,39.34386722866175],[-0.34780000000000005,39.34386722866175],[-0.34780000000000005,39.343667017913596],[-0.34700000000000003,39.343667017913596],[-0.34700000000000003,39.34286617492097],[-0.34800000000000003,39.34286617492097],[-0.3482,39.342465753424655],[-0.3486,39.342465753424655],[-0.3486,39.34186512118019],[-0.34880000000000005,39.34186512118019],[-0.34880000000000005,39.341464699683875],[-0.3496,39.341464699683875],[-0.3496,39.34166491043204],[-0.34940000000000004,39.34166491043204],[-0.34940000000000004,39.342065331928346],[-0.3496,39.342065331928346],[-0.3496,39.3422655426765],[-0.3492,39.3422655426765],[-0.3492,39.342465753424655],[-0.34900000000000003,39.342465753424655],[-0.34900000000000003,39.343066385669125],[-0.34940000000000004,39.34326659641728],[-0.34940000000000004,39.343667017913596],[-0.34880000000000005,39.343667017913596],[-0.34880000000000005,39.34386722866175],[-0.34840000000000004,39.34386722866175],[-0.3486,39.343466807165434],[-0.34900000000000003,39.343466807165434],[-0.34900000000000003,39.34326659641728],[-0.3486,39.34326659641728],[-0.3486,39.34286617492097],[-0.34840000000000004,39.34286617492097],[-0.3482,39.344067439409905],[-0.34780000000000005,39.344067439409905],[-0.34780000000000005,39.34426765015806],[-0.34800000000000003,39.34426765015806],[-0.34800000000000003,39.34486828240253],[-0.3482,39.34486828240253],[-0.3482,39.344668071654375],[-0.34880000000000005,39.344668071654375],[-0.34880000000000005,39.34426765015806],[-0.3492,39.34446786090622],[-0.3492,39.34486828240253],[-0.34940000000000004,39.34486828240253],[-0.34940000000000004,39.344668071654375],[-0.3496,39.344668071654375],[-0.3496,39.345068493150684],[-0.35000000000000003,39.34486828240253],[-0.35000000000000003,39.345468914647],[-0.3502,39.345468914647],[-0.3502,39.34586933614331],[-0.35000000000000003,39.34586933614331],[-0.35000000000000003,39.346069546891464],[-0.35040000000000004,39.346069546891464],[-0.35040000000000004,39.34646996838778],[-0.3496,39.34646996838778],[-0.3496,39.34626975763962],[-0.34940000000000004,39.34626975763962],[-0.3496,39.345468914647],[-0.34880000000000005,39.345468914647],[-0.34880000000000005,39.34486828240253],[-0.3486,39.34486828240253],[-0.3486,39.345068493150684],[-0.34800000000000003,39.345068493150684],[-0.3482,39.345468914647],[-0.34780000000000005,39.345468914647],[-0.3476,39.345068493150684],[-0.3466,39.345068493150684],[-0.3466,39.34486828240253],[-0.34640000000000004,39.34486828240253],[-0.34640000000000004,39.345468914647],[-0.34600000000000003,39.345468914647],[-0.34600000000000003,39.34526870389884],[-0.3462,39.34526870389884],[-0.34600000000000003,39.34486828240253],[-0.3462,39.34486828240253],[-0.3462,39.344668071654375],[-0.34580000000000005,39.344668071654375],[-0.34580000000000005,39.34446786090622],[-0.34520000000000006,39.34446786090622]],[[-0.34680000000000005,39.34486828240253],[-0.34680000000000005,39.344668071654375],[-0.34700000000000003,39.344668071654375],[-0.34700000000000003,39.34426765015806],[-0.3466,39.34426765015806],[-0.3466,39.34486828240253],[-0.34680000000000005,39.34486828240253]],[[-0.34740000000000004,39.343066385669125],[-0.3472,39.343066385669125],[-0.3472,39.34326659641728],[-0.34740000000000004,39.34326659641728],[-0.34740000000000004,39.343066385669125]]]},"properties":{"area_sqm":67656.9,"area_ha":6.77,"area_km2":0.0677,"backscatter_change_db":-4.59,"flood_confidence":0.177,"pixel_count":177,"source":"Sentinel-1 RTC COG log-ratio \u0394\u03c3\u00b0 < \u22123 dB"}},{"type":"Feature","geometry":{"type":"Polygon","coordinates":[[[-0.35500000000000004,39.34286617492097],[-0.35500000000000004,39.343066385669125],[-0.35580000000000006,39.343066385669125],[-0.35580000000000006,39.34286617492097],[-0.3562,39.343066385669125],[-0.3562,39.343667017913596],[-0.35600000000000004,39.343667017913596],[-0.35600000000000004,39.344067439409905],[-0.35640000000000005,39.344067439409905],[-0.35640000000000005,39.34426765015806],[-0.35680000000000006,39.34426765015806],[-0.35680000000000006,39.34386722866175],[-0.35760000000000003,39.34386722866175],[-0.35760000000000003,39.344067439409905],[-0.35780000000000006,39.344067439409905],[-0.35800000000000004,39.343667017913596],[-0.3582,39.343667017913596],[-0.3582,39.344067439409905],[-0.35860000000000003,39.34386722866175],[-0.35860000000000003,39.34426765015806],[-0.3582,39.34426765015806],[-0.35800000000000004,39.344668071654375],[-0.35780000000000006,39.344668071654375],[-0.35780000000000006,39.34446786090622],[-0.3572,39.34446786090622],[-0.3572,39.344668071654375],[-0.35680000000000006,39.34486828240253],[-0.35680000000000006,39.345468914647],[-0.35640000000000005,39.345468914647],[-0.35640000000000005,39.345669125395155],[-0.35600000000000004,39.345468914647],[-0.35600000000000004,39.34586933614331],[-0.3562,39.34586933614331],[-0.3562,39.34646996838778],[-0.35580000000000006,39.34626975763962],[-0.35580000000000006,39.346670179135934],[-0.3556,39.346670179135934],[-0.3556,39.34687038988409],[-0.3552,39.34687038988409],[-0.35500000000000004,39.3472708113804],[-0.3546,39.3472708113804],[-0.35480000000000006,39.34767123287671],[-0.35500000000000004,39.34767123287671],[-0.35500000000000004,39.34747102212856],[-0.3556,39.34747102212856],[-0.35540000000000005,39.34787144362487],[-0.35580000000000006,39.34787144362487],[-0.35580000000000006,39.34767123287671],[-0.35600000000000004,39.34767123287671],[-0.35600000000000004,39.34707060063224],[-0.35640000000000005,39.34707060063224],[-0.35640000000000005,39.3472708113804],[-0.35660000000000003,39.3472708113804],[-0.35660000000000003,39.34767123287671],[-0.35700000000000004,39.34767123287671],[-0.35700000000000004,39.34807165437302],[-0.35660000000000003,39.34807165437302],[-0.35640000000000005,39.34767123287671],[-0.3562,39.34767123287671],[-0.3562,39.34787144362487],[-0.35580000000000006,39.34807165437302],[-0.35580000000000006,39.34867228661749],[-0.3562,39.34867228661749],[-0.35640000000000005,39.3490727081138],[-0.35580000000000006,39.3490727081138],[-0.35580000000000006,39.34887249736565],[-0.3556,39.34887249736565],[-0.35540000000000005,39.34847207586934],[-0.3552,39.34847207586934],[-0.3552,39.348271865121184],[-0.3556,39.348271865121184],[-0.3556,39.34807165437302],[-0.35500000000000004,39.34807165437302],[-0.35500000000000004,39.348271865121184],[-0.3546,39.348271865121184],[-0.35480000000000006,39.34867228661749],[-0.3542,39.34867228661749],[-0.3542,39.34887249736565],[-0.35400000000000004,39.34887249736565],[-0.35400000000000004,39.3490727081138],[-0.35480000000000006,39.3490727081138],[-0.35480000000000006,39.34927291886196],[-0.35500000000000004,39.34927291886196],[-0.35500000000000004,39.34967334035827],[-0.3546,39.34947312961012],[-0.3546,39.34927291886196],[-0.3542,39.34947312961012],[-0.3542,39.34967334035827],[-0.35440000000000005,39.34967334035827],[-0.3542,39.35007376185458],[-0.3546,39.35007376185458],[-0.3546,39.35027397260274],[-0.35440000000000005,39.35027397260274],[-0.35440000000000005,39.3504741833509],[-0.3536,39.3504741833509],[-0.3536,39.350874604847206],[-0.35340000000000005,39.350874604847206],[-0.35340000000000005,39.35107481559536],[-0.35300000000000004,39.350874604847206],[-0.35300000000000004,39.3504741833509],[-0.35340000000000005,39.3504741833509],[-0.3532,39.35007376185458],[-0.35300000000000004,39.35007376185458],[-0.35280000000000006,39.3504741833509],[-0.3526,39.3504741833509],[-0.3526,39.350874604847206],[-0.35280000000000006,39.350874604847206],[-0.3526,39.35127502634352],[-0.35300000000000004,39.35127502634352],[-0.35300000000000004,39.35207586933614],[-0.3532,39.35207586933614],[-0.3532,39.3522760800843],[-0.35300000000000004,39.3522760800843],[-0.35300000000000004,39.35267650158061],[-0.3526,39.352476290832456],[-0.3526,39.3522760800843],[-0.3522,39.3522760800843],[-0.3522,39.352476290832456],[-0.35240000000000005,39.352476290832456],[-0.35240000000000005,39.352876712328765],[-0.35200000000000004,39.352876712328765],[-0.35180000000000006,39.35327713382508],[-0.35140000000000005,39.35307692307693],[-0.35140000000000005,39.353477344573236],[-0.3512,39.353477344573236],[-0.3512,39.35307692307693],[-0.35100000000000003,39.35307692307693],[-0.35100000000000003,39.35267650158061],[-0.35200000000000004,39.35267650158061],[-0.35200000000000004,39.352476290832456],[-0.3516,39.352476290832456],[-0.3516,39.351875658587986],[-0.35180000000000006,39.351875658587986],[-0.35200000000000004,39.35147523709168],[-0.35240000000000005,39.35147523709168],[-0.35240000000000005,39.35107481559536],[-0.3522,39.35107481559536],[-0.3522,39.35067439409905],[-0.35200000000000004,39.35067439409905],[-0.35200000000000004,39.3504741833509],[-0.35180000000000006,39.3504741833509],[-0.35180000000000006,39.35067439409905],[-0.35140000000000005,39.35067439409905],[-0.35140000000000005,39.3504741833509],[-0.3512,39.3504741833509],[-0.3512,39.350874604847206],[-0.35140000000000005,39.350874604847206],[-0.35140000000000005,39.35107481559536],[-0.35100000000000003,39.35107481559536],[-0.35100000000000003,39.35147523709168],[-0.3512,39.35147523709168],[-0.3512,39.35167544783983],[-0.35080000000000006,39.35167544783983],[-0.35080000000000006,39.35207586933614],[-0.35040000000000004,39.3522760800843],[-0.35040000000000004,39.35267650158061],[-0.3506,39.35267650158061],[-0.3506,39.352876712328765],[-0.3502,39.352876712328765],[-0.3502,39.35267650158061],[-0.34980000000000006,39.35267650158061],[-0.34980000000000006,39.352476290832456],[-0.34940000000000004,39.352476290832456],[-0.34940000000000004,39.35267650158061],[-0.3492,39.35267650158061],[-0.3492,39.35327713382508],[-0.34880000000000005,39.35307692307693],[-0.34880000000000005,39.35267650158061],[-0.34840000000000004,39.352876712328765],[-0.34840000000000004,39.35307692307693],[-0.34800000000000003,39.35307692307693],[-0.34800000000000003,39.352876712328765],[-0.3482,39.352876712328765],[-0.3482,39.35207586933614],[-0.34800000000000003,39.35207586933614],[-0.34780000000000005,39.352476290832456],[-0.34740000000000004,39.3522760800843],[-0.34740000000000004,39.35207586933614],[-0.34680000000000005,39.35207586933614],[-0.34680000000000005,39.3522760800843],[-0.3466,39.3522760800843],[-0.3466,39.35207586933614],[-0.3462,39.35207586933614],[-0.34640000000000004,39.352476290832456],[-0.3456,39.3522760800843],[-0.34540000000000004,39.35267650158061],[-0.34580000000000005,39.35267650158061],[-0.34580000000000005,39.352876712328765],[-0.34600000000000003,39.352876712328765],[-0.34600000000000003,39.35327713382508],[-0.34540000000000004,39.35327713382508],[-0.34540000000000004,39.352876712328765],[-0.34500000000000003,39.35267650158061],[-0.34500000000000003,39.352476290832456],[-0.34520000000000006,39.352476290832456],[-0.34500000000000003,39.35207586933614],[-0.34480000000000005,39.35207586933614],[-0.3446,39.352876712328765],[-0.34420000000000006,39.352876712328765],[-0.34420000000000006,39.35267650158061],[-0.34400000000000003,39.35267650158061],[-0.34400000000000003,39.3522760800843],[-0.34440000000000004,39.3522760800843],[-0.34440000000000004,39.351875658587986],[-0.34500000000000003,39.351875658587986],[-0.34500000000000003,39.35147523709168],[-0.3446,39.35147523709168],[-0.3446,39.35127502634352],[-0.34500000000000003,39.35127502634352],[-0.34500000000000003,39.35107481559536],[-0.34520000000000006,39.35107481559536],[-0.34520000000000006,39.35067439409905],[-0.34440000000000004,39.350874604847206],[-0.34440000000000004,39.35147523709168],[-0.34420000000000006,39.35147523709168],[-0.34420000000000006,39.351875658587986],[-0.34380000000000005,39.35207586933614],[-0.34400000000000003,39.35127502634352],[-0.3436,39.35107481559536],[-0.3436,39.350874604847206],[-0.34380000000000005,39.350874604847206],[-0.34380000000000005,39.35067439409905],[-0.3436,39.35067439409905],[-0.3436,39.35027397260274],[-0.34380000000000005,39.35027397260274],[-0.34380000000000005,39.35007376185458],[-0.3436,39.35007376185458],[-0.3436,39.34947312961012],[-0.34420000000000006,39.34947312961012],[-0.34440000000000004,39.3490727081138],[-0.34400000000000003,39.3490727081138],[-0.34400000000000003,39.34887249736565],[-0.34380000000000005,39.34887249736565],[-0.34380000000000005,39.34927291886196],[-0.3436,39.34927291886196],[-0.3436,39.34887249736565],[-0.34280000000000005,39.34887249736565],[-0.3426,39.34967334035827],[-0.34240000000000004,39.34967334035827],[-0.34220000000000006,39.34927291886196],[-0.34180000000000005,39.34927291886196],[-0.34180000000000005,39.34887249736565],[-0.34240000000000004,39.34887249736565],[-0.34240000000000004,39.34847207586934],[-0.342,39.348271865121184],[-0.342,39.34807165437302],[-0.34240000000000004,39.34807165437302],[-0.34240000000000004,39.348271865121184],[-0.3426,39.348271865121184],[-0.3426,39.34787144362487],[-0.34220000000000006,39.34787144362487],[-0.342,39.34747102212856],[-0.34220000000000006,39.34747102212856],[-0.34220000000000006,39.3472708113804],[-0.343,39.3472708113804],[-0.343,39.34707060063224],[-0.34280000000000005,39.34707060063224],[-0.34280000000000005,39.34687038988409],[-0.343,39.34687038988409],[-0.343,39.34626975763962],[-0.3436,39.34626975763962],[-0.34340000000000004,39.34586933614331],[-0.34380000000000005,39.34586933614331],[-0.34380000000000005,39.34626975763962],[-0.34400000000000003,39.34626975763962],[-0.34400000000000003,39.34646996838778],[-0.34420000000000006,39.34646996838778],[-0.34420000000000006,39.34586933614331],[-0.3446,39.34586933614331],[-0.34500000000000003,39.346670179135934],[-0.3456,39.346670179135934],[-0.3456,39.34626975763962],[-0.34600000000000003,39.34626975763962],[-0.34600000000000003,39.34646996838778],[-0.3462,39.34646996838778],[-0.3462,39.34687038988409],[-0.3466,39.34687038988409],[-0.3466,39.346670179135934],[-0.34680000000000005,39.346670179135934],[-0.34680000000000005,39.34646996838778],[-0.34640000000000004,39.34646996838778],[-0.3462,39.345669125395155],[-0.34640000000000004,39.345669125395155],[-0.34640000000000004,39.34586933614331],[-0.3472,39.34586933614331],[-0.3472,39.346069546891464],[-0.3466,39.346069546891464],[-0.3466,39.34626975763962],[-0.34700000000000003,39.34626975763962],[-0.34700000000000003,39.34646996838778],[-0.3472,39.34646996838778],[-0.3472,39.346670179135934],[-0.34700000000000003,39.346670179135934],[-0.34700000000000003,39.34707060063224],[-0.34740000000000004,39.34707060063224],[-0.34740000000000004,39.34687038988409],[-0.3476,39.34687038988409],[-0.34780000000000005,39.3472708113804],[-0.34840000000000004,39.3472708113804],[-0.34840000000000004,39.34687038988409],[-0.3482,39.34687038988409],[-0.3482,39.34586933614331],[-0.34800000000000003,39.34586933614331],[-0.34800000000000003,39.345669125395155],[-0.34840000000000004,39.345669125395155],[-0.34840000000000004,39.34586933614331],[-0.3486,39.34586933614331],[-0.3486,39.345669125395155],[-0.34900000000000003,39.345669125395155],[-0.34900000000000003,39.34586933614331],[-0.3492,39.34586933614331],[-0.3492,39.34626975763962],[-0.34940000000000004,39.34626975763962],[-0.34940000000000004,39.34646996838778],[-0.34980000000000006,39.346670179135934],[-0.34980000000000006,39.34687038988409],[-0.35000000000000003,39.34687038988409],[-0.35000000000000003,39.346670179135934],[-0.3506,39.346670179135934],[-0.3506,39.346069546891464],[-0.35040000000000004,39.346069546891464],[-0.35040000000000004,39.345669125395155],[-0.3512,39.345669125395155],[-0.3512,39.345468914647],[-0.35140000000000005,39.345468914647],[-0.3516,39.345068493150684],[-0.35140000000000005,39.345068493150684],[-0.35140000000000005,39.34486828240253],[-0.35100000000000003,39.34486828240253],[-0.35100000000000003,39.34446786090622],[-0.3506,39.34446786090622],[-0.3506,39.344067439409905],[-0.34980000000000006,39.344067439409905],[-0.34980000000000006,39.34386722866175],[-0.3496,39.34386722866175],[-0.34940000000000004,39.34266596417282],[-0.3496,39.34266596417282],[-0.3496,39.34286617492097],[-0.35000000000000003,39.34286617492097],[-0.35000000000000003,39.343066385669125],[-0.35040000000000004,39.343066385669125],[-0.35040000000000004,39.34286617492097],[-0.3506,39.34286617492097],[-0.3506,39.343066385669125],[-0.35100000000000003,39.343066385669125],[-0.35100000000000003,39.342465753424655],[-0.3512,39.342465753424655],[-0.3512,39.342065331928346],[-0.35080000000000006,39.342065331928346],[-0.35080000000000006,39.342465753424655],[-0.3506,39.342465753424655],[-0.3506,39.34266596417282],[-0.3502,39.34266596417282],[-0.3502,39.342065331928346],[-0.3506,39.342065331928346],[-0.3506,39.34166491043204],[-0.35080000000000006,39.34166491043204],[-0.35080000000000006,39.341464699683875],[-0.3512,39.341464699683875],[-0.3512,39.34126448893572],[-0.3506,39.34126448893572],[-0.3506,39.34106427818757],[-0.3502,39.34106427818757],[-0.3502,39.340463645943096],[-0.3506,39.340463645943096],[-0.3506,39.34066385669126],[-0.35080000000000006,39.34066385669126],[-0.35100000000000003,39.34026343519494],[-0.3516,39.34026343519494],[-0.3516,39.34066385669126],[-0.35200000000000004,39.34086406743941],[-0.35200000000000004,39.340463645943096],[-0.3522,39.340463645943096],[-0.3522,39.34026343519494],[-0.35280000000000006,39.34026343519494],[-0.35280000000000006,39.34006322444679],[-0.3526,39.34006322444679],[-0.3526,39.33986301369863],[-0.35280000000000006,39.33986301369863],[-0.35280000000000006,39.33966280295047],[-0.3526,39.33966280295047],[-0.3526,39.33926238145416],[-0.3532,39.33926238145416],[-0.3532,39.34026343519494],[-0.3536,39.34026343519494],[-0.3536,39.340463645943096],[-0.3542,39.340463645943096],[-0.3542,39.34126448893572],[-0.35400000000000004,39.34126448893572],[-0.35400000000000004,39.341464699683875],[-0.35380000000000006,39.341464699683875],[-0.35380000000000006,39.34066385669126],[-0.3536,39.34066385669126],[-0.3536,39.34086406743941],[-0.35300000000000004,39.34086406743941],[-0.35300000000000004,39.34066385669126],[-0.3526,39.34066385669126],[-0.3526,39.34086406743941],[-0.35280000000000006,39.34086406743941],[-0.3526,39.34126448893572],[-0.35340000000000005,39.34106427818757],[-0.35340000000000005,39.34186512118019],[-0.3536,39.34186512118019],[-0.3536,39.342065331928346],[-0.35340000000000005,39.342065331928346],[-0.35340000000000005,39.342465753424655],[-0.3536,39.342465753424655],[-0.3536,39.34286617492097],[-0.35440000000000005,39.34286617492097],[-0.35440000000000005,39.343066385669125],[-0.3546,39.343066385669125],[-0.3546,39.34286617492097],[-0.35500000000000004,39.34266596417282],[-0.35500000000000004,39.342465753424655],[-0.3552,39.342465753424655],[-0.3552,39.34266596417282],[-0.3556,39.34266596417282],[-0.3556,39.34286617492097],[-0.35500000000000004,39.34286617492097]],[[-0.3492,39.3522760800843],[-0.34900000000000003,39.3522760800843],[-0.34900000000000003,39.35207586933614],[-0.34840000000000004,39.35207586933614],[-0.34840000000000004,39.3522760800843],[-0.3486,39.3522760800843],[-0.3486,39.352476290832456],[-0.34900000000000003,39.352476290832456],[-0.34900000000000003,39.35267650158061],[-0.3492,39.35267650158061],[-0.3492,39.3522760800843]],[[-0.34440000000000004,39.35067439409905],[-0.34420000000000006,39.35067439409905],[-0.34420000000000006,39.350874604847206],[-0.34440000000000004,39.350874604847206],[-0.34440000000000004,39.35067439409905]],[[-0.34440000000000004,39.34646996838778],[-0.34440000000000004,39.346670179135934],[-0.34480000000000005,39.346670179135934],[-0.34480000000000005,39.34646996838778],[-0.34440000000000004,39.34646996838778]],[[-0.34400000000000003,39.346670179135934],[-0.34400000000000003,39.34687038988409],[-0.34440000000000004,39.34687038988409],[-0.34440000000000004,39.346670179135934],[-0.34400000000000003,39.346670179135934]],[[-0.34840000000000004,39.34767123287671],[-0.3486,39.34767123287671],[-0.3486,39.34747102212856],[-0.34980000000000006,39.34747102212856],[-0.34980000000000006,39.3472708113804],[-0.3496,39.3472708113804],[-0.3496,39.34687038988409],[-0.34900000000000003,39.34687038988409],[-0.34900000000000003,39.34707060063224],[-0.34940000000000004,39.34707060063224],[-0.34940000000000004,39.3472708113804],[-0.34840000000000004,39.3472708113804],[-0.34840000000000004,39.34767123287671]],[[-0.34900000000000003,39.34626975763962],[-0.34900000000000003,39.34646996838778],[-0.3492,39.34646996838778],[-0.3492,39.34626975763962],[-0.34900000000000003,39.34626975763962]],[[-0.35200000000000004,39.34106427818757],[-0.35180000000000006,39.34106427818757],[-0.35180000000000006,39.34166491043204],[-0.3516,39.34166491043204],[-0.3516,39.342065331928346],[-0.35140000000000005,39.342065331928346],[-0.3516,39.342465753424655],[-0.35180000000000006,39.342465753424655],[-0.35180000000000006,39.342065331928346],[-0.35200000000000004,39.342065331928346],[-0.35200000000000004,39.34166491043204],[-0.3522,39.34166491043204],[-0.3522,39.34086406743941],[-0.35200000000000004,39.34086406743941],[-0.35200000000000004,39.34106427818757]],[[-0.35340000000000005,39.34286617492097],[-0.35340000000000005,39.343066385669125],[-0.3532,39.343066385669125],[-0.3532,39.34326659641728],[-0.35280000000000006,39.343466807165434],[-0.35280000000000006,39.34386722866175],[-0.35300000000000004,39.34386722866175],[-0.35300000000000004,39.344067439409905],[-0.3536,39.344067439409905],[-0.3536,39.34426765015806],[-0.35400000000000004,39.34426765015806],[-0.35400000000000004,39.344067439409905],[-0.3542,39.344067439409905],[-0.35400000000000004,39.343667017913596],[-0.3532,39.343667017913596],[-0.3532,39.343466807165434],[-0.3536,39.34326659641728],[-0.3536,39.34286617492097],[-0.35340000000000005,39.34286617492097]],[[-0.3526,39.344067439409905],[-0.3526,39.343667017913596],[-0.3522,39.343667017913596],[-0.3522,39.343466807165434],[-0.35240000000000005,39.343466807165434],[-0.35240000000000005,39.342465753424655],[-0.35200000000000004,39.342465753424655],[-0.35200000000000004,39.34266596417282],[-0.3522,39.34266596417282],[-0.3522,39.34326659641728],[-0.3516,39.34326659641728],[-0.3516,39.343667017913596],[-0.35200000000000004,39.343466807165434],[-0.35200000000000004,39.34386722866175],[-0.35240000000000005,39.344067439409905],[-0.35240000000000005,39.34426765015806],[-0.35300000000000004,39.34426765015806],[-0.35300000000000004,39.344067439409905],[-0.3526,39.344067439409905]],[[-0.35180000000000006,39.344067439409905],[-0.3516,39.34486828240253],[-0.35180000000000006,39.34486828240253],[-0.35180000000000006,39.345068493150684],[-0.3522,39.34526870389884],[-0.3522,39.34486828240253],[-0.35200000000000004,39.34486828240253],[-0.3522,39.344067439409905],[-0.35180000000000006,39.344067439409905]],[[-0.3456,39.35167544783983],[-0.34580000000000005,39.35167544783983],[-0.34580000000000005,39.351875658587986],[-0.3462,39.351875658587986],[-0.3462,39.35167544783983],[-0.3466,39.35167544783983],[-0.3466,39.35147523709168],[-0.3462,39.35147523709168],[-0.34640000000000004,39.35107481559536],[-0.34600000000000003,39.35107481559536],[-0.34600000000000003,39.35127502634352],[-0.3456,39.35147523709168],[-0.3456,39.35167544783983]],[[-0.3492,39.35147523709168],[-0.34940000000000004,39.35147523709168],[-0.34940000000000004,39.35127502634352],[-0.3492,39.35127502634352],[-0.3492,39.35147523709168]],[[-0.3492,39.35107481559536],[-0.3496,39.35107481559536],[-0.3496,39.350874604847206],[-0.34880000000000005,39.350874604847206],[-0.34880000000000005,39.35127502634352],[-0.3492,39.35127502634352],[-0.3492,39.35107481559536]],[[-0.34540000000000004,39.35127502634352],[-0.34520000000000006,39.35127502634352],[-0.34520000000000006,39.35147523709168],[-0.34540000000000004,39.35147523709168],[-0.34540000000000004,39.35127502634352]],[[-0.35000000000000003,39.35127502634352],[-0.35000000000000003,39.35107481559536],[-0.3502,39.35107481559536],[-0.3502,39.35007376185458],[-0.35000000000000003,39.35007376185458],[-0.35000000000000003,39.350874604847206],[-0.34980000000000006,39.350874604847206],[-0.34980000000000006,39.35127502634352],[-0.35000000000000003,39.35127502634352]],[[-0.35080000000000006,39.35007376185458],[-0.35080000000000006,39.35027397260274],[-0.3512,39.35027397260274],[-0.35100000000000003,39.34987355110643],[-0.3502,39.34967334035827],[-0.3502,39.35007376185458],[-0.35080000000000006,39.35007376185458]],[[-0.35040000000000004,39.35027397260274],[-0.35040000000000004,39.3504741833509],[-0.35080000000000006,39.3504741833509],[-0.35080000000000006,39.35027397260274],[-0.35040000000000004,39.35027397260274]],[[-0.3482,39.35067439409905],[-0.34800000000000003,39.35067439409905],[-0.34800000000000003,39.350874604847206],[-0.3482,39.350874604847206],[-0.3482,39.35067439409905]],[[-0.34900000000000003,39.35067439409905],[-0.3496,39.35067439409905],[-0.3496,39.3504741833509],[-0.34900000000000003,39.3504741833509],[-0.34900000000000003,39.35067439409905]],[[-0.34900000000000003,39.35027397260274],[-0.3486,39.35027397260274],[-0.3486,39.3504741833509],[-0.34900000000000003,39.3504741833509],[-0.34900000000000003,39.35027397260274]],[[-0.3462,39.3504741833509],[-0.34600000000000003,39.3504741833509],[-0.34600000000000003,39.35067439409905],[-0.3462,39.35067439409905],[-0.3462,39.3504741833509]],[[-0.3466,39.35007376185458],[-0.3462,39.35007376185458],[-0.34640000000000004,39.3504741833509],[-0.3466,39.3504741833509],[-0.3466,39.35007376185458]],[[-0.3456,39.35027397260274],[-0.34520000000000006,39.35027397260274],[-0.34520000000000006,39.3504741833509],[-0.3456,39.3504741833509],[-0.3456,39.35027397260274]],[[-0.34440000000000004,39.34987355110643],[-0.3446,39.34987355110643],[-0.3446,39.34967334035827],[-0.34420000000000006,39.34967334035827],[-0.34400000000000003,39.3504741833509],[-0.34440000000000004,39.35027397260274],[-0.34440000000000004,39.34987355110643]],[[-0.3536,39.35007376185458],[-0.3536,39.35027397260274],[-0.35380000000000006,39.35027397260274],[-0.35380000000000006,39.35007376185458],[-0.3536,39.35007376185458]],[[-0.35400000000000004,39.35007376185458],[-0.35400000000000004,39.34987355110643],[-0.35380000000000006,39.34987355110643],[-0.35380000000000006,39.35007376185458],[-0.35400000000000004,39.35007376185458]],[[-0.3516,39.35007376185458],[-0.35200000000000004,39.35027397260274],[-0.35180000000000006,39.34947312961012],[-0.3516,39.34947312961012],[-0.3516,39.35007376185458]],[[-0.3492,39.34987355110643],[-0.34900000000000003,39.34987355110643],[-0.34900000000000003,39.35007376185458],[-0.3492,39.35007376185458],[-0.3492,39.34987355110643]],[[-0.3476,39.34987355110643],[-0.34740000000000004,39.34987355110643],[-0.34740000000000004,39.35007376185458],[-0.3476,39.35007376185458],[-0.3476,39.34987355110643]],[[-0.3496,39.34947312961012],[-0.3492,39.34947312961012],[-0.34940000000000004,39.34987355110643],[-0.3496,39.34987355110643],[-0.3496,39.34947312961012]],[[-0.35100000000000003,39.34947312961012],[-0.35140000000000005,39.34967334035827],[-0.35140000000000005,39.34927291886196],[-0.3512,39.34927291886196],[-0.3512,39.3490727081138],[-0.35080000000000006,39.3490727081138],[-0.35100000000000003,39.34947312961012]],[[-0.35080000000000006,39.34887249736565],[-0.35040000000000004,39.34887249736565],[-0.35040000000000004,39.34927291886196],[-0.3506,39.34927291886196],[-0.35080000000000006,39.34887249736565]],[[-0.35000000000000003,39.34927291886196],[-0.34980000000000006,39.34927291886196],[-0.34980000000000006,39.34947312961012],[-0.35000000000000003,39.34947312961012],[-0.35000000000000003,39.34927291886196]],[[-0.3482,39.34887249736565],[-0.3482,39.34847207586934],[-0.34800000000000003,39.34847207586934],[-0.34780000000000005,39.34887249736565],[-0.34740000000000004,39.34887249736565],[-0.34740000000000004,39.3490727081138],[-0.3472,39.3490727081138],[-0.3472,39.34947312961012],[-0.34800000000000003,39.34927291886196],[-0.34800000000000003,39.34887249736565],[-0.3482,39.34887249736565]],[[-0.34840000000000004,39.34847207586934],[-0.34840000000000004,39.34807165437302],[-0.3482,39.34807165437302],[-0.3482,39.34847207586934],[-0.34840000000000004,39.34847207586934]],[[-0.34600000000000003,39.34947312961012],[-0.3462,39.34947312961012],[-0.3462,39.34927291886196],[-0.34600000000000003,39.34927291886196],[-0.34600000000000003,39.34947312961012]],[[-0.34600000000000003,39.3490727081138],[-0.34540000000000004,39.3490727081138],[-0.34540000000000004,39.34947312961012],[-0.3456,39.34947312961012],[-0.3456,39.34927291886196],[-0.34600000000000003,39.34927291886196],[-0.34600000000000003,39.3490727081138]],[[-0.34500000000000003,39.34887249736565],[-0.34500000000000003,39.34947312961012],[-0.34520000000000006,39.34947312961012],[-0.34520000000000006,39.34887249736565],[-0.34500000000000003,39.34887249736565]],[[-0.3456,39.34887249736565],[-0.3456,39.34867228661749],[-0.34640000000000004,39.34867228661749],[-0.34640000000000004,39.34887249736565],[-0.3466,39.34887249736565],[-0.3466,39.34847207586934],[-0.34600000000000003,39.34847207586934],[-0.34600000000000003,39.34807165437302],[-0.3462,39.34807165437302],[-0.3462,39.34787144362487],[-0.34600000000000003,39.34787144362487],[-0.34580000000000005,39.34747102212856],[-0.3456,39.34747102212856],[-0.3456,39.3472708113804],[-0.34520000000000006,39.3472708113804],[-0.34520000000000006,39.34767123287671],[-0.34540000000000004,39.34767123287671],[-0.34540000000000004,39.34787144362487],[-0.34500000000000003,39.34787144362487],[-0.34500000000000003,39.34807165437302],[-0.3456,39.34807165437302],[-0.3456,39.34847207586934],[-0.34520000000000006,39.34867228661749],[-0.34520000000000006,39.34887249736565],[-0.3456,39.34887249736565]],[[-0.3496,39.34887249736565],[-0.3492,39.34887249736565],[-0.34940000000000004,39.34927291886196],[-0.3496,39.34927291886196],[-0.3496,39.34887249736565]],[[-0.35140000000000005,39.3490727081138],[-0.3516,39.3490727081138],[-0.3516,39.34867228661749],[-0.35140000000000005,39.34867228661749],[-0.35140000000000005,39.348271865121184],[-0.35080000000000006,39.348271865121184],[-0.35080000000000006,39.34807165437302],[-0.3506,39.34807165437302],[-0.3506,39.34847207586934],[-0.35080000000000006,39.34847207586934],[-0.35080000000000006,39.34867228661749],[-0.3512,39.34867228661749],[-0.35140000000000005,39.3490727081138]],[[-0.3496,39.34847207586934],[-0.3496,39.34867228661749],[-0.34980000000000006,39.34867228661749],[-0.34980000000000006,39.34847207586934],[-0.3496,39.34847207586934]],[[-0.35000000000000003,39.34847207586934],[-0.35000000000000003,39.34807165437302],[-0.34980000000000006,39.34807165437302],[-0.34980000000000006,39.34847207586934],[-0.35000000000000003,39.34847207586934]],[[-0.34400000000000003,39.34847207586934],[-0.34400000000000003,39.34867228661749],[-0.34440000000000004,39.34847207586934],[-0.34440000000000004,39.34767123287671],[-0.34420000000000006,39.34767123287671],[-0.34420000000000006,39.34787144362487],[-0.34380000000000005,39.34807165437302],[-0.34380000000000005,39.34847207586934],[-0.34400000000000003,39.34847207586934]],[[-0.34320000000000006,39.34847207586934],[-0.34320000000000006,39.34867228661749],[-0.34380000000000005,39.34867228661749],[-0.34380000000000005,39.34847207586934],[-0.34320000000000006,39.34847207586934]],[[-0.35240000000000005,39.34767123287671],[-0.3522,39.34767123287671],[-0.3522,39.34807165437302],[-0.35180000000000006,39.34807165437302],[-0.35180000000000006,39.348271865121184],[-0.35240000000000005,39.348271865121184],[-0.35240000000000005,39.34767123287671]],[[-0.3472,39.34807165437302],[-0.34700000000000003,39.34807165437302],[-0.34700000000000003,39.348271865121184],[-0.3472,39.348271865121184],[-0.3472,39.34807165437302]],[[-0.3516,39.34787144362487],[-0.35140000000000005,39.34787144362487],[-0.35140000000000005,39.34807165437302],[-0.3516,39.34807165437302],[-0.3516,39.34787144362487]],[[-0.3496,39.34787144362487],[-0.34940000000000004,39.34787144362487],[-0.34940000000000004,39.34807165437302],[-0.3496,39.34807165437302],[-0.3496,39.34787144362487]],[[-0.3472,39.34767123287671],[-0.34700000000000003,39.34767123287671],[-0.34700000000000003,39.34787144362487],[-0.3472,39.34787144362487],[-0.3472,39.34767123287671]],[[-0.35100000000000003,39.34747102212856],[-0.35040000000000004,39.34747102212856],[-0.35040000000000004,39.34767123287671],[-0.35100000000000003,39.34767123287671],[-0.35100000000000003,39.34747102212856]],[[-0.34400000000000003,39.34707060063224],[-0.34380000000000005,39.34707060063224],[-0.34380000000000005,39.34747102212856],[-0.3446,39.34747102212856],[-0.3446,39.34707060063224],[-0.34440000000000004,39.34707060063224],[-0.34440000000000004,39.3472708113804],[-0.34400000000000003,39.3472708113804],[-0.34400000000000003,39.34707060063224]],[[-0.35240000000000005,39.34687038988409],[-0.3522,39.34687038988409],[-0.3522,39.3472708113804],[-0.35240000000000005,39.3472708113804],[-0.35240000000000005,39.34687038988409]],[[-0.35100000000000003,39.34707060063224],[-0.3506,39.34707060063224],[-0.3506,39.3472708113804],[-0.35100000000000003,39.3472708113804],[-0.35100000000000003,39.34707060063224]],[[-0.34880000000000005,39.34646996838778],[-0.3486,39.34646996838778],[-0.3486,39.346670179135934],[-0.34880000000000005,39.346670179135934],[-0.34880000000000005,39.34646996838778]],[[-0.35300000000000004,39.34526870389884],[-0.35300000000000004,39.345468914647],[-0.35280000000000006,39.345468914647],[-0.35280000000000006,39.34586933614331],[-0.3532,39.34586933614331],[-0.3532,39.345669125395155],[-0.35340000000000005,39.345669125395155],[-0.3532,39.34526870389884],[-0.35300000000000004,39.34526870389884]],[[-0.3536,39.345468914647],[-0.3536,39.34486828240253],[-0.35400000000000004,39.34486828240253],[-0.35400000000000004,39.344668071654375],[-0.3536,39.344668071654375],[-0.3536,39.34446786090622],[-0.35340000000000005,39.34446786090622],[-0.3532,39.34486828240253],[-0.35340000000000005,39.34486828240253],[-0.35340000000000005,39.345468914647],[-0.3536,39.345468914647]],[[-0.3532,39.34446786090622],[-0.35280000000000006,39.34446786090622],[-0.35280000000000006,39.344668071654375],[-0.3532,39.344668071654375],[-0.3532,39.34446786090622]],[[-0.3526,39.344668071654375],[-0.3526,39.34486828240253],[-0.35280000000000006,39.34486828240253],[-0.35280000000000006,39.344668071654375],[-0.3526,39.344668071654375]],[[-0.35180000000000006,39.345669125395155],[-0.35200000000000004,39.345669125395155],[-0.35200000000000004,39.345468914647],[-0.3516,39.345468914647],[-0.3516,39.34586933614331],[-0.35180000000000006,39.34586933614331],[-0.35180000000000006,39.345669125395155]],[[-0.35100000000000003,39.34386722866175],[-0.35080000000000006,39.34386722866175],[-0.35080000000000006,39.34426765015806],[-0.35100000000000003,39.34426765015806],[-0.35100000000000003,39.34386722866175]],[[-0.35140000000000005,39.343466807165434],[-0.35100000000000003,39.343466807165434],[-0.35100000000000003,39.343667017913596],[-0.35140000000000005,39.343667017913596],[-0.35140000000000005,39.343466807165434]],[[-0.3552,39.34326659641728],[-0.35500000000000004,39.34326659641728],[-0.35500000000000004,39.343466807165434],[-0.3552,39.343466807165434],[-0.3552,39.34326659641728]],[[-0.35140000000000005,39.34286617492097],[-0.3512,39.34286617492097],[-0.3512,39.343066385669125],[-0.35140000000000005,39.343066385669125],[-0.35140000000000005,39.34286617492097]],[[-0.3526,39.34186512118019],[-0.35280000000000006,39.34186512118019],[-0.35280000000000006,39.34166491043204],[-0.3526,39.34166491043204],[-0.3526,39.34186512118019]],[[-0.3526,39.341464699683875],[-0.35240000000000005,39.341464699683875],[-0.35240000000000005,39.34166491043204],[-0.3526,39.34166491043204],[-0.3526,39.341464699683875]]]},"properties":{"area_sqm":806913.6,"area_ha":80.69,"area_km2":0.8069,"backscatter_change_db":-5.68,"flood_confidence":0.298,"pixel_count":2111,"source":"Sentinel-1 RTC COG log-ratio \u0394\u03c3\u00b0 < \u22123 dB"}},{"type":"Feature","geometry":{"type":"Polygon","coordinates":[[[-0.3356,39.30522655426765],[-0.336,39.30542676501581],[-0.33580000000000004,39.30582718651212],[-0.336,39.30582718651212],[-0.336,39.30702845100105],[-0.33620000000000005,39.30702845100105],[-0.33620000000000005,39.307228661749214],[-0.33640000000000003,39.307228661749214],[-0.33640000000000003,39.30642781875659],[-0.3366,39.30642781875659],[-0.3366,39.30622760800843],[-0.33620000000000005,39.30622760800843],[-0.33620000000000005,39.30542676501581],[-0.33740000000000003,39.30542676501581],[-0.33740000000000003,39.305626975763964],[-0.33820000000000006,39.305626975763964],[-0.33820000000000006,39.30602739726027],[-0.33780000000000004,39.30602739726027],[-0.33780000000000004,39.30642781875659],[-0.3376,39.30642781875659],[-0.3376,39.30662802950474],[-0.33720000000000006,39.3068282402529],[-0.33720000000000006,39.307228661749214],[-0.33680000000000004,39.30742887249737],[-0.33680000000000004,39.30762908324552],[-0.33720000000000006,39.30782929399368],[-0.33720000000000006,39.30802950474183],[-0.3366,39.30802950474183],[-0.3366,39.30883034773446],[-0.33620000000000005,39.30883034773446],[-0.33620000000000005,39.3086301369863],[-0.3356,39.3086301369863],[-0.3356,39.30903055848261],[-0.33520000000000005,39.30903055848261],[-0.33540000000000003,39.30822971548999],[-0.335,39.30822971548999],[-0.335,39.30782929399368],[-0.3346,39.30782929399368],[-0.3346,39.30762908324552],[-0.33480000000000004,39.30762908324552],[-0.33480000000000004,39.30742887249737],[-0.33540000000000003,39.30742887249737],[-0.3356,39.30702845100105],[-0.33580000000000004,39.30702845100105],[-0.33580000000000004,39.30662802950474],[-0.3356,39.30662802950474],[-0.3356,39.30642781875659],[-0.335,39.30642781875659],[-0.335,39.30602739726027],[-0.33480000000000004,39.30602739726027],[-0.33480000000000004,39.30582718651212],[-0.335,39.30582718651212],[-0.335,39.30542676501581],[-0.3356,39.30542676501581],[-0.3356,39.30522655426765]],[[-0.3356,39.30762908324552],[-0.33580000000000004,39.30762908324552],[-0.336,39.307228661749214],[-0.3356,39.307228661749214],[-0.3356,39.30762908324552]],[[-0.3356,39.30602739726027],[-0.33540000000000003,39.30602739726027],[-0.33540000000000003,39.30622760800843],[-0.3356,39.30622760800843],[-0.3356,39.30602739726027]]]},"properties":{"area_sqm":59247.6,"area_ha":5.92,"area_km2":0.0592,"backscatter_change_db":-6.42,"flood_confidence":0.38,"pixel_count":155,"source":"Sentinel-1 RTC COG log-ratio \u0394\u03c3\u00b0 < \u22123 dB"}},{"type":"Feature","geometry":{"type":"Polygon","coordinates":[[[-0.34080000000000005,39.31223393045311],[-0.34080000000000005,39.31203371970496],[-0.34040000000000004,39.31203371970496],[-0.34040000000000004,39.311833508956795],[-0.34,39.311833508956795],[-0.34,39.31203371970496],[-0.3396,39.31203371970496],[-0.3396,39.311833508956795],[-0.33940000000000003,39.311833508956795],[-0.33940000000000003,39.31223393045311],[-0.33920000000000006,39.31223393045311],[-0.33920000000000006,39.312434141201265],[-0.33780000000000004,39.312434141201265],[-0.33780000000000004,39.31223393045311],[-0.338,39.31223393045311],[-0.338,39.31163329820864],[-0.3376,39.31163329820864],[-0.3376,39.31123287671233],[-0.338,39.31123287671233],[-0.338,39.31103266596418],[-0.33820000000000006,39.31103266596418],[-0.33820000000000006,39.31123287671233],[-0.3386,39.31123287671233],[-0.3386,39.310832455216016],[-0.3376,39.310832455216016],[-0.33740000000000003,39.31043203371971],[-0.3376,39.31043203371971],[-0.3376,39.309831401475236],[-0.33780000000000004,39.309831401475236],[-0.33780000000000004,39.30963119072708],[-0.33820000000000006,39.30963119072708],[-0.33840000000000003,39.30923076923077],[-0.33880000000000005,39.30923076923077],[-0.33880000000000005,39.30943097997893],[-0.339,39.30943097997893],[-0.33880000000000005,39.3086301369863],[-0.339,39.3086301369863],[-0.339,39.30842992623815],[-0.33940000000000003,39.30822971548999],[-0.33940000000000003,39.30802950474183],[-0.33980000000000005,39.30802950474183],[-0.33980000000000005,39.30782929399368],[-0.34020000000000006,39.30762908324552],[-0.34020000000000006,39.30742887249737],[-0.3406,39.30742887249737],[-0.3406,39.307228661749214],[-0.341,39.30742887249737],[-0.341,39.30802950474183],[-0.34120000000000006,39.30802950474183],[-0.34120000000000006,39.30822971548999],[-0.34140000000000004,39.30822971548999],[-0.3416,39.3086301369863],[-0.342,39.3086301369863],[-0.34180000000000005,39.30822971548999],[-0.3416,39.30822971548999],[-0.34180000000000005,39.30782929399368],[-0.34140000000000004,39.30782929399368],[-0.34140000000000004,39.30742887249737],[-0.3416,39.30742887249737],[-0.3416,39.307228661749214],[-0.341,39.307228661749214],[-0.341,39.30702845100105],[-0.34120000000000006,39.30702845100105],[-0.34120000000000006,39.30662802950474],[-0.342,39.30662802950474],[-0.342,39.30622760800843],[-0.34240000000000004,39.30622760800843],[-0.34240000000000004,39.30642781875659],[-0.343,39.30642781875659],[-0.343,39.30662802950474],[-0.34320000000000006,39.30662802950474],[-0.34320000000000006,39.30642781875659],[-0.34340000000000004,39.30642781875659],[-0.34340000000000004,39.30662802950474],[-0.34380000000000005,39.30662802950474],[-0.34380000000000005,39.30642781875659],[-0.34400000000000003,39.30642781875659],[-0.34400000000000003,39.30662802950474],[-0.34500000000000003,39.30662802950474],[-0.34520000000000006,39.30702845100105],[-0.34540000000000004,39.30702845100105],[-0.34540000000000004,39.3068282402529],[-0.34640000000000004,39.3068282402529],[-0.34640000000000004,39.30702845100105],[-0.3466,39.30702845100105],[-0.3466,39.3068282402529],[-0.34700000000000003,39.3068282402529],[-0.34700000000000003,39.30702845100105],[-0.34740000000000004,39.30702845100105],[-0.34740000000000004,39.307228661749214],[-0.3476,39.307228661749214],[-0.3476,39.30702845100105],[-0.3482,39.30702845100105],[-0.3482,39.307228661749214],[-0.34980000000000006,39.307228661749214],[-0.34980000000000006,39.30762908324552],[-0.35000000000000003,39.30762908324552],[-0.35000000000000003,39.30782929399368],[-0.3496,39.30782929399368],[-0.3496,39.30802950474183],[-0.34900000000000003,39.30802950474183],[-0.34900000000000003,39.30822971548999],[-0.34940000000000004,39.30822971548999],[-0.3496,39.3086301369863],[-0.34880000000000005,39.30883034773446],[-0.34880000000000005,39.30903055848261],[-0.34900000000000003,39.30903055848261],[-0.34900000000000003,39.30943097997893],[-0.34880000000000005,39.30943097997893],[-0.34880000000000005,39.30963119072708],[-0.34900000000000003,39.30963119072708],[-0.34900000000000003,39.31023182297155],[-0.3492,39.31023182297155],[-0.3492,39.31043203371971],[-0.34880000000000005,39.31043203371971],[-0.34880000000000005,39.31023182297155],[-0.34840000000000004,39.31043203371971],[-0.34840000000000004,39.31003161222339],[-0.3482,39.31003161222339],[-0.3482,39.309831401475236],[-0.3476,39.309831401475236],[-0.3476,39.30963119072708],[-0.34780000000000005,39.30963119072708],[-0.34780000000000005,39.30943097997893],[-0.3476,39.30943097997893],[-0.3476,39.30903055848261],[-0.3472,39.30903055848261],[-0.3472,39.30883034773446],[-0.34680000000000005,39.30883034773446],[-0.34680000000000005,39.3086301369863],[-0.34600000000000003,39.3086301369863],[-0.34600000000000003,39.30842992623815],[-0.34540000000000004,39.30842992623815],[-0.34540000000000004,39.30822971548999],[-0.34520000000000006,39.30822971548999],[-0.34520000000000006,39.30883034773446],[-0.34500000000000003,39.30883034773446],[-0.34500000000000003,39.30903055848261],[-0.3446,39.30903055848261],[-0.3446,39.30943097997893],[-0.34440000000000004,39.30943097997893],[-0.34420000000000006,39.309831401475236],[-0.34400000000000003,39.309831401475236],[-0.34400000000000003,39.31003161222339],[-0.3436,39.31003161222339],[-0.3436,39.31043203371971],[-0.34340000000000004,39.31043203371971],[-0.34340000000000004,39.310832455216016],[-0.34320000000000006,39.310832455216016],[-0.34320000000000006,39.31103266596418],[-0.34240000000000004,39.310832455216016],[-0.34240000000000004,39.31123287671233],[-0.34220000000000006,39.31123287671233],[-0.342,39.31203371970496],[-0.3416,39.31223393045311],[-0.3416,39.312434141201265],[-0.3406,39.312434141201265],[-0.3406,39.31223393045311],[-0.34080000000000005,39.31223393045311]],[[-0.34240000000000004,39.30842992623815],[-0.34240000000000004,39.30822971548999],[-0.342,39.30822971548999],[-0.342,39.30842992623815],[-0.34240000000000004,39.30842992623815]],[[-0.34280000000000005,39.30822971548999],[-0.34280000000000005,39.30842992623815],[-0.34320000000000006,39.30842992623815],[-0.34320000000000006,39.30802950474183],[-0.34240000000000004,39.30802950474183],[-0.34240000000000004,39.30822971548999],[-0.34280000000000005,39.30822971548999]],[[-0.34380000000000005,39.30802950474183],[-0.34380000000000005,39.30762908324552],[-0.34400000000000003,39.30762908324552],[-0.34400000000000003,39.30742887249737],[-0.3436,39.30742887249737],[-0.3436,39.30702845100105],[-0.34340000000000004,39.30702845100105],[-0.34340000000000004,39.307228661749214],[-0.343,39.307228661749214],[-0.343,39.30702845100105],[-0.3426,39.307228661749214],[-0.3426,39.30762908324552],[-0.34280000000000005,39.30762908324552],[-0.34280000000000005,39.30742887249737],[-0.34320000000000006,39.30742887249737],[-0.34320000000000006,39.30762908324552],[-0.34340000000000004,39.30762908324552],[-0.34320000000000006,39.30802950474183],[-0.34380000000000005,39.30802950474183]],[[-0.34900000000000003,39.30762908324552],[-0.34840000000000004,39.30762908324552],[-0.34840000000000004,39.30742887249737],[-0.34800000000000003,39.30742887249737],[-0.34800000000000003,39.30802950474183],[-0.3482,39.30802950474183],[-0.3482,39.30822971548999],[-0.34840000000000004,39.30822971548999],[-0.34840000000000004,39.30802950474183],[-0.34900000000000003,39.30802950474183],[-0.34900000000000003,39.30762908324552]],[[-0.34840000000000004,39.30842992623815],[-0.34880000000000005,39.30842992623815],[-0.34880000000000005,39.30822971548999],[-0.34840000000000004,39.30822971548999],[-0.34840000000000004,39.30842992623815]],[[-0.343,39.310832455216016],[-0.343,39.31063224446786],[-0.34280000000000005,39.31063224446786],[-0.34280000000000005,39.310832455216016],[-0.343,39.310832455216016]],[[-0.33840000000000003,39.31203371970496],[-0.33820000000000006,39.31203371970496],[-0.33820000000000006,39.31223393045311],[-0.33840000000000003,39.31223393045311],[-0.33840000000000003,39.31203371970496]],[[-0.34020000000000006,39.31163329820864],[-0.34040000000000004,39.31163329820864],[-0.34040000000000004,39.31123287671233],[-0.3406,39.31123287671233],[-0.3406,39.31163329820864],[-0.34080000000000005,39.31163329820864],[-0.341,39.31123287671233],[-0.34120000000000006,39.31123287671233],[-0.34120000000000006,39.31163329820864],[-0.3416,39.31163329820864],[-0.3416,39.311433087460486],[-0.34140000000000004,39.311433087460486],[-0.34140000000000004,39.31103266596418],[-0.34080000000000005,39.31103266596418],[-0.34080000000000005,39.31063224446786],[-0.34020000000000006,39.31063224446786],[-0.34020000000000006,39.31003161222339],[-0.33980000000000005,39.31003161222339],[-0.33980000000000005,39.310832455216016],[-0.34,39.310832455216016],[-0.34020000000000006,39.31163329820864]],[[-0.33980000000000005,39.311433087460486],[-0.33940000000000003,39.311433087460486],[-0.33940000000000003,39.31163329820864],[-0.33980000000000005,39.31163329820864],[-0.33980000000000005,39.311433087460486]],[[-0.33920000000000006,39.31103266596418],[-0.339,39.31103266596418],[-0.339,39.311433087460486],[-0.33920000000000006,39.311433087460486],[-0.33920000000000006,39.31103266596418]],[[-0.342,39.31103266596418],[-0.34180000000000005,39.31103266596418],[-0.34180000000000005,39.31123287671233],[-0.342,39.31123287671233],[-0.342,39.31103266596418]],[[-0.33980000000000005,39.31103266596418],[-0.3396,39.31103266596418],[-0.3396,39.31123287671233],[-0.33980000000000005,39.31123287671233],[-0.33980000000000005,39.31103266596418]],[[-0.3396,39.31023182297155],[-0.33940000000000003,39.31023182297155],[-0.33920000000000006,39.31063224446786],[-0.3396,39.31063224446786],[-0.3396,39.31023182297155]],[[-0.34180000000000005,39.30963119072708],[-0.3416,39.30963119072708],[-0.3416,39.30943097997893],[-0.34120000000000006,39.30943097997893],[-0.34140000000000004,39.309831401475236],[-0.34120000000000006,39.309831401475236],[-0.34120000000000006,39.31003161222339],[-0.3406,39.31003161222339],[-0.3406,39.31023182297155],[-0.34140000000000004,39.31023182297155],[-0.34140000000000004,39.31043203371971],[-0.3416,39.31043203371971],[-0.3416,39.309831401475236],[-0.34180000000000005,39.309831401475236],[-0.34180000000000005,39.30963119072708]],[[-0.342,39.30963119072708],[-0.342,39.30943097997893],[-0.34180000000000005,39.30943097997893],[-0.34180000000000005,39.30963119072708],[-0.342,39.30963119072708]],[[-0.34120000000000006,39.30903055848261],[-0.3406,39.30903055848261],[-0.3406,39.30883034773446],[-0.34020000000000006,39.30883034773446],[-0.34020000000000006,39.30923076923077],[-0.3406,39.30923076923077],[-0.3406,39.30943097997893],[-0.34120000000000006,39.30943097997893],[-0.34120000000000006,39.30903055848261]],[[-0.339,39.31003161222339],[-0.33880000000000005,39.31003161222339],[-0.33880000000000005,39.31023182297155],[-0.339,39.31023182297155],[-0.339,39.31003161222339]],[[-0.34320000000000006,39.309831401475236],[-0.34280000000000005,39.309831401475236],[-0.34280000000000005,39.31003161222339],[-0.34320000000000006,39.31003161222339],[-0.34320000000000006,39.309831401475236]],[[-0.3436,39.30963119072708],[-0.34340000000000004,39.30963119072708],[-0.34340000000000004,39.309831401475236],[-0.3436,39.309831401475236],[-0.3436,39.30963119072708]],[[-0.34,39.30943097997893],[-0.3396,39.30943097997893],[-0.3396,39.30963119072708],[-0.34,39.30963119072708],[-0.34,39.30943097997893]],[[-0.34380000000000005,39.30903055848261],[-0.34340000000000004,39.30903055848261],[-0.3436,39.30943097997893],[-0.34380000000000005,39.30943097997893],[-0.34380000000000005,39.30903055848261]],[[-0.34800000000000003,39.3086301369863],[-0.34780000000000005,39.3086301369863],[-0.34780000000000005,39.30923076923077],[-0.34800000000000003,39.30923076923077],[-0.34800000000000003,39.3086301369863]],[[-0.342,39.30923076923077],[-0.34220000000000006,39.30923076923077],[-0.34220000000000006,39.30903055848261],[-0.342,39.30903055848261],[-0.342,39.30923076923077]],[[-0.342,39.30883034773446],[-0.34140000000000004,39.30883034773446],[-0.34140000000000004,39.30903055848261],[-0.342,39.30903055848261],[-0.342,39.30883034773446]],[[-0.34240000000000004,39.3086301369863],[-0.34220000000000006,39.3086301369863],[-0.34220000000000006,39.30883034773446],[-0.34240000000000004,39.30883034773446],[-0.34240000000000004,39.3086301369863]],[[-0.34400000000000003,39.30842992623815],[-0.34380000000000005,39.30842992623815],[-0.34380000000000005,39.3086301369863],[-0.34400000000000003,39.3086301369863],[-0.34400000000000003,39.30842992623815]],[[-0.3406,39.30822971548999],[-0.34040000000000004,39.30822971548999],[-0.34040000000000004,39.30782929399368],[-0.34020000000000006,39.30782929399368],[-0.34,39.3086301369863],[-0.34040000000000004,39.3086301369863],[-0.3406,39.30822971548999]],[[-0.3476,39.30822971548999],[-0.3472,39.30822971548999],[-0.3472,39.30842992623815],[-0.3476,39.30842992623815],[-0.3476,39.30822971548999]],[[-0.34480000000000005,39.30822971548999],[-0.3446,39.30822971548999],[-0.3446,39.30842992623815],[-0.34480000000000005,39.30842992623815],[-0.34480000000000005,39.30822971548999]],[[-0.34700000000000003,39.30742887249737],[-0.3466,39.30742887249737],[-0.3466,39.30822971548999],[-0.34680000000000005,39.30822971548999],[-0.34680000000000005,39.30782929399368],[-0.3472,39.30782929399368],[-0.34700000000000003,39.30742887249737]],[[-0.3462,39.30802950474183],[-0.34580000000000005,39.30782929399368],[-0.34580000000000005,39.30822971548999],[-0.3462,39.30822971548999],[-0.3462,39.30802950474183]],[[-0.34480000000000005,39.30782929399368],[-0.3446,39.30782929399368],[-0.3446,39.30802950474183],[-0.34480000000000005,39.30802950474183],[-0.34480000000000005,39.30782929399368]],[[-0.3462,39.30742887249737],[-0.3456,39.30742887249737],[-0.3456,39.307228661749214],[-0.34520000000000006,39.307228661749214],[-0.34520000000000006,39.30762908324552],[-0.3462,39.30762908324552],[-0.3462,39.30742887249737]],[[-0.34440000000000004,39.3068282402529],[-0.34420000000000006,39.3068282402529],[-0.34420000000000006,39.30742887249737],[-0.34440000000000004,39.30742887249737],[-0.34440000000000004,39.307228661749214],[-0.34480000000000005,39.307228661749214],[-0.34480000000000005,39.30702845100105],[-0.34440000000000004,39.30702845100105],[-0.34440000000000004,39.3068282402529]],[[-0.34280000000000005,39.30662802950474],[-0.34240000000000004,39.30662802950474],[-0.34240000000000004,39.3068282402529],[-0.34280000000000005,39.3068282402529],[-0.34280000000000005,39.30662802950474]]]},"properties":{"area_sqm":303500.4,"area_ha":30.35,"area_km2":0.3035,"backscatter_change_db":-5.17,"flood_confidence":0.241,"pixel_count":794,"source":"Sentinel-1 RTC COG log-ratio \u0394\u03c3\u00b0 < \u22123 dB"}},{"type":"Feature","geometry":{"type":"Polygon","coordinates":[[[-0.336,39.314035827186515],[-0.33580000000000004,39.314035827186515],[-0.3356,39.31323498419389],[-0.33540000000000003,39.31323498419389],[-0.33540000000000003,39.312834562697574],[-0.33520000000000005,39.312834562697574],[-0.33520000000000005,39.313435194942045],[-0.33540000000000003,39.313435194942045],[-0.33540000000000003,39.313835616438354],[-0.335,39.313835616438354],[-0.335,39.3136354056902],[-0.33480000000000004,39.3136354056902],[-0.33480000000000004,39.31263435194942],[-0.3346,39.31263435194942],[-0.3346,39.312434141201265],[-0.33480000000000004,39.312434141201265],[-0.33480000000000004,39.31203371970496],[-0.33520000000000005,39.31223393045311],[-0.33520000000000005,39.31123287671233],[-0.335,39.31123287671233],[-0.335,39.31103266596418],[-0.33540000000000003,39.31103266596418],[-0.33540000000000003,39.310832455216016],[-0.33520000000000005,39.310832455216016],[-0.33520000000000005,39.31043203371971],[-0.336,39.31043203371971],[-0.336,39.310832455216016],[-0.33580000000000004,39.310832455216016],[-0.33580000000000004,39.31103266596418],[-0.336,39.31103266596418],[-0.336,39.311433087460486],[-0.3356,39.31163329820864],[-0.3356,39.311833508956795],[-0.33580000000000004,39.311833508956795],[-0.33580000000000004,39.31223393045311],[-0.3366,39.31223393045311],[-0.3366,39.312434141201265],[-0.33620000000000005,39.312434141201265],[-0.33620000000000005,39.31263435194942],[-0.33580000000000004,39.31263435194942],[-0.33580000000000004,39.312834562697574],[-0.3356,39.312834562697574],[-0.3356,39.313034773445736],[-0.33580000000000004,39.313034773445736],[-0.336,39.313435194942045],[-0.33680000000000004,39.3136354056902],[-0.33680000000000004,39.313835616438354],[-0.336,39.313835616438354],[-0.336,39.314035827186515]],[[-0.33580000000000004,39.312434141201265],[-0.3356,39.312434141201265],[-0.3356,39.31263435194942],[-0.33580000000000004,39.31263435194942],[-0.33580000000000004,39.312434141201265]]]},"properties":{"area_sqm":29814.9,"area_ha":2.98,"area_km2":0.0298,"backscatter_change_db":-4.57,"flood_confidence":0.175,"pixel_count":78,"source":"Sentinel-1 RTC COG log-ratio \u0394\u03c3\u00b0 < \u22123 dB"}},{"type":"Feature","geometry":{"type":"Polygon","coordinates":[[[-0.342,39.31743940990516],[-0.34240000000000004,39.31743940990516],[-0.3426,39.317038988408854],[-0.343,39.317038988408854],[-0.343,39.31663856691254],[-0.34280000000000005,39.31663856691254],[-0.34280000000000005,39.31643835616438],[-0.343,39.31643835616438],[-0.343,39.31623814541623],[-0.34340000000000004,39.316037934668074],[-0.34340000000000004,39.31663856691254],[-0.34420000000000006,39.31643835616438],[-0.34420000000000006,39.3168387776607],[-0.34380000000000005,39.3168387776607],[-0.34380000000000005,39.31723919915701],[-0.34400000000000003,39.31723919915701],[-0.34400000000000003,39.31743940990516],[-0.3446,39.31743940990516],[-0.3446,39.31763962065332],[-0.34420000000000006,39.31763962065332],[-0.34400000000000003,39.31804004214963],[-0.34380000000000005,39.31804004214963],[-0.34380000000000005,39.31783983140148],[-0.34320000000000006,39.31783983140148],[-0.34320000000000006,39.31763962065332],[-0.34240000000000004,39.31763962065332],[-0.3426,39.31804004214963],[-0.341,39.31763962065332],[-0.341,39.31804004214963],[-0.3406,39.31804004214963],[-0.3406,39.31844046364594],[-0.34,39.31844046364594],[-0.33980000000000005,39.31804004214963],[-0.3396,39.31804004214963],[-0.3396,39.31824025289779],[-0.33920000000000006,39.31824025289779],[-0.33920000000000006,39.31804004214963],[-0.33940000000000003,39.31804004214963],[-0.33940000000000003,39.31763962065332],[-0.34,39.31763962065332],[-0.34,39.31743940990516],[-0.34020000000000006,39.31743940990516],[-0.34020000000000006,39.31763962065332],[-0.3406,39.31763962065332],[-0.3406,39.31743940990516],[-0.34080000000000005,39.31743940990516],[-0.34080000000000005,39.31723919915701],[-0.34120000000000006,39.317038988408854],[-0.34120000000000006,39.3168387776607],[-0.34080000000000005,39.3168387776607],[-0.34080000000000005,39.317038988408854],[-0.3406,39.317038988408854],[-0.3406,39.31663856691254],[-0.34020000000000006,39.31663856691254],[-0.34020000000000006,39.31723919915701],[-0.3396,39.31723919915701],[-0.33940000000000003,39.31643835616438],[-0.3396,39.31643835616438],[-0.3396,39.316037934668074],[-0.34,39.31583772391992],[-0.34,39.31563751317176],[-0.33920000000000006,39.31563751317176],[-0.339,39.316037934668074],[-0.33840000000000003,39.316037934668074],[-0.33840000000000003,39.31583772391992],[-0.338,39.31583772391992],[-0.338,39.31563751317176],[-0.33780000000000004,39.31563751317176],[-0.33780000000000004,39.315437302423604],[-0.338,39.315437302423604],[-0.338,39.314436248682824],[-0.33820000000000006,39.314436248682824],[-0.33820000000000006,39.314035827186515],[-0.33840000000000003,39.314035827186515],[-0.33820000000000006,39.3136354056902],[-0.33780000000000004,39.3136354056902],[-0.33780000000000004,39.313435194942045],[-0.338,39.313435194942045],[-0.338,39.31323498419389],[-0.33780000000000004,39.31323498419389],[-0.33780000000000004,39.312834562697574],[-0.3396,39.312834562697574],[-0.3396,39.313034773445736],[-0.33980000000000005,39.313034773445736],[-0.33980000000000005,39.312834562697574],[-0.34020000000000006,39.312834562697574],[-0.34020000000000006,39.313034773445736],[-0.341,39.312834562697574],[-0.341,39.31323498419389],[-0.34120000000000006,39.31323498419389],[-0.34120000000000006,39.313435194942045],[-0.342,39.313435194942045],[-0.342,39.3136354056902],[-0.34220000000000006,39.3136354056902],[-0.34220000000000006,39.314436248682824],[-0.342,39.314436248682824],[-0.342,39.315036880927295],[-0.34240000000000004,39.315036880927295],[-0.34240000000000004,39.31483667017913],[-0.343,39.31483667017913],[-0.343,39.315036880927295],[-0.3436,39.315036880927295],[-0.34380000000000005,39.315437302423604],[-0.34420000000000006,39.315437302423604],[-0.34420000000000006,39.31523709167545],[-0.34440000000000004,39.31523709167545],[-0.34440000000000004,39.31563751317176],[-0.343,39.31563751317176],[-0.343,39.31583772391992],[-0.34220000000000006,39.31583772391992],[-0.34240000000000004,39.31623814541623],[-0.342,39.31623814541623],[-0.34220000000000006,39.31663856691254],[-0.34180000000000005,39.31663856691254],[-0.342,39.31743940990516]],[[-0.34,39.31804004214963],[-0.34,39.31783983140148],[-0.33980000000000005,39.31783983140148],[-0.33980000000000005,39.31804004214963],[-0.34,39.31804004214963]],[[-0.33880000000000005,39.31583772391992],[-0.33880000000000005,39.31563751317176],[-0.33840000000000003,39.31563751317176],[-0.33840000000000003,39.31583772391992],[-0.33880000000000005,39.31583772391992]],[[-0.343,39.315437302423604],[-0.34280000000000005,39.315437302423604],[-0.34280000000000005,39.31563751317176],[-0.343,39.31563751317176],[-0.343,39.315437302423604]],[[-0.34040000000000004,39.31783983140148],[-0.34020000000000006,39.31783983140148],[-0.34020000000000006,39.31804004214963],[-0.34040000000000004,39.31804004214963],[-0.34040000000000004,39.31783983140148]],[[-0.34340000000000004,39.3168387776607],[-0.34320000000000006,39.3168387776607],[-0.34320000000000006,39.31743940990516],[-0.34340000000000004,39.31743940990516],[-0.34340000000000004,39.3168387776607]],[[-0.34120000000000006,39.31563751317176],[-0.34080000000000005,39.315437302423604],[-0.34080000000000005,39.31583772391992],[-0.3406,39.31583772391992],[-0.3406,39.316037934668074],[-0.34020000000000006,39.316037934668074],[-0.34020000000000006,39.31623814541623],[-0.34040000000000004,39.31623814541623],[-0.34040000000000004,39.31643835616438],[-0.3416,39.31643835616438],[-0.3416,39.316037934668074],[-0.34140000000000004,39.316037934668074],[-0.34140000000000004,39.31623814541623],[-0.34080000000000005,39.31623814541623],[-0.34080000000000005,39.316037934668074],[-0.34120000000000006,39.316037934668074],[-0.34140000000000004,39.31563751317176],[-0.342,39.31563751317176],[-0.342,39.315437302423604],[-0.34120000000000006,39.315437302423604],[-0.34120000000000006,39.31563751317176]],[[-0.34040000000000004,39.31463645943098],[-0.34080000000000005,39.314436248682824],[-0.34080000000000005,39.31423603793467],[-0.34040000000000004,39.31423603793467],[-0.34040000000000004,39.31463645943098]],[[-0.34040000000000004,39.313835616438354],[-0.34,39.313835616438354],[-0.34,39.31423603793467],[-0.34040000000000004,39.31423603793467],[-0.34040000000000004,39.313835616438354]],[[-0.34140000000000004,39.31423603793467],[-0.3416,39.31423603793467],[-0.3416,39.314035827186515],[-0.34120000000000006,39.314035827186515],[-0.34120000000000006,39.314436248682824],[-0.34140000000000004,39.314436248682824],[-0.34140000000000004,39.31423603793467]],[[-0.3396,39.31423603793467],[-0.33940000000000003,39.31423603793467],[-0.33940000000000003,39.314436248682824],[-0.3396,39.314436248682824],[-0.3396,39.31423603793467]],[[-0.33880000000000005,39.31423603793467],[-0.33920000000000006,39.31423603793467],[-0.33920000000000006,39.314035827186515],[-0.3386,39.314035827186515],[-0.3386,39.314436248682824],[-0.33880000000000005,39.314436248682824],[-0.33880000000000005,39.31423603793467]],[[-0.3406,39.313435194942045],[-0.34040000000000004,39.313435194942045],[-0.34040000000000004,39.3136354056902],[-0.3406,39.3136354056902],[-0.3406,39.313435194942045]],[[-0.33940000000000003,39.313034773445736],[-0.33920000000000006,39.313034773445736],[-0.33920000000000006,39.31323498419389],[-0.33940000000000003,39.31323498419389],[-0.33940000000000003,39.313034773445736]]]},"properties":{"area_sqm":172391.3,"area_ha":17.24,"area_km2":0.1724,"backscatter_change_db":-5.36,"flood_confidence":0.262,"pixel_count":451,"source":"Sentinel-1 RTC COG log-ratio \u0394\u03c3\u00b0 < \u22123 dB"}},{"type":"Feature","geometry":{"type":"Polygon","coordinates":[[[-0.3356,39.31964172813488],[-0.336,39.31964172813488],[-0.336,39.32004214963119],[-0.33580000000000004,39.32004214963119],[-0.336,39.3204425711275],[-0.33540000000000003,39.3204425711275],[-0.33540000000000003,39.32064278187566],[-0.33580000000000004,39.32064278187566],[-0.33580000000000004,39.32104320337197],[-0.3356,39.32104320337197],[-0.3356,39.32084299262382],[-0.33520000000000005,39.32084299262382],[-0.33520000000000005,39.32104320337197],[-0.33540000000000003,39.32104320337197],[-0.3356,39.32144362486828],[-0.335,39.32144362486828],[-0.335,39.32164383561644],[-0.3346,39.32144362486828],[-0.3346,39.32164383561644],[-0.33440000000000003,39.32164383561644],[-0.33440000000000003,39.32144362486828],[-0.33420000000000005,39.32144362486828],[-0.33420000000000005,39.32084299262382],[-0.33440000000000003,39.32084299262382],[-0.33440000000000003,39.3204425711275],[-0.335,39.3204425711275],[-0.335,39.320242360379346],[-0.33520000000000005,39.320242360379346],[-0.33540000000000003,39.318640674394096],[-0.33580000000000004,39.31884088514226],[-0.33580000000000004,39.31904109589041],[-0.3356,39.31904109589041],[-0.3356,39.31964172813488]],[[-0.33440000000000003,39.321243414120126],[-0.335,39.321243414120126],[-0.335,39.32084299262382],[-0.33440000000000003,39.32084299262382],[-0.33440000000000003,39.321243414120126]]]},"properties":{"area_sqm":19112.1,"area_ha":1.91,"area_km2":0.0191,"backscatter_change_db":-4.17,"flood_confidence":0.129,"pixel_count":50,"source":"Sentinel-1 RTC COG log-ratio \u0394\u03c3\u00b0 < \u22123 dB"}},{"type":"Feature","geometry":{"type":"Polygon","coordinates":[[[-0.33980000000000005,39.32304531085353],[-0.3396,39.32304531085353],[-0.33940000000000003,39.32264488935722],[-0.339,39.322845100105376],[-0.33880000000000005,39.32244467860906],[-0.3386,39.32244467860906],[-0.3386,39.323245521601685],[-0.33840000000000003,39.323245521601685],[-0.33840000000000003,39.32304531085353],[-0.33820000000000006,39.32304531085353],[-0.33820000000000006,39.32244467860906],[-0.33780000000000004,39.32244467860906],[-0.3376,39.32164383561644],[-0.338,39.32164383561644],[-0.338,39.321243414120126],[-0.33980000000000005,39.321243414120126],[-0.33980000000000005,39.32144362486828],[-0.34,39.32144362486828],[-0.34,39.321243414120126],[-0.3406,39.321243414120126],[-0.34080000000000005,39.32164383561644],[-0.341,39.32164383561644],[-0.341,39.321243414120126],[-0.34140000000000004,39.32104320337197],[-0.34140000000000004,39.321243414120126],[-0.342,39.321243414120126],[-0.342,39.32144362486828],[-0.3416,39.32144362486828],[-0.3416,39.32204425711275],[-0.34240000000000004,39.321844046364596],[-0.34240000000000004,39.32204425711275],[-0.343,39.32204425711275],[-0.343,39.322244467860905],[-0.34320000000000006,39.322244467860905],[-0.34320000000000006,39.321844046364596],[-0.3436,39.321844046364596],[-0.3436,39.32164383561644],[-0.34400000000000003,39.32164383561644],[-0.34400000000000003,39.321844046364596],[-0.34480000000000005,39.321844046364596],[-0.34480000000000005,39.32104320337197],[-0.34500000000000003,39.32104320337197],[-0.34500000000000003,39.32084299262382],[-0.34520000000000006,39.32084299262382],[-0.34520000000000006,39.32104320337197],[-0.3456,39.321243414120126],[-0.3456,39.321844046364596],[-0.34540000000000004,39.321844046364596],[-0.34540000000000004,39.322244467860905],[-0.34520000000000006,39.322244467860905],[-0.34520000000000006,39.32244467860906],[-0.34500000000000003,39.32244467860906],[-0.34500000000000003,39.32304531085353],[-0.34520000000000006,39.32304531085353],[-0.34520000000000006,39.323245521601685],[-0.34500000000000003,39.323245521601685],[-0.34500000000000003,39.323445732349846],[-0.3446,39.323645943098],[-0.3446,39.323846153846155],[-0.34400000000000003,39.323846153846155],[-0.34400000000000003,39.323645943098],[-0.3436,39.323645943098],[-0.3436,39.323445732349846],[-0.343,39.323445732349846],[-0.343,39.323645943098],[-0.34280000000000005,39.323645943098],[-0.3426,39.323245521601685],[-0.341,39.323245521601685],[-0.341,39.322845100105376],[-0.33980000000000005,39.322845100105376],[-0.33980000000000005,39.32304531085353]],[[-0.34420000000000006,39.322845100105376],[-0.34420000000000006,39.32304531085353],[-0.34440000000000004,39.32304531085353],[-0.34440000000000004,39.322845100105376],[-0.34420000000000006,39.322845100105376]],[[-0.339,39.32204425711275],[-0.339,39.322244467860905],[-0.33940000000000003,39.322244467860905],[-0.33940000000000003,39.32204425711275],[-0.339,39.32204425711275]],[[-0.33880000000000005,39.32164383561644],[-0.33880000000000005,39.321844046364596],[-0.339,39.321844046364596],[-0.339,39.32164383561644],[-0.33880000000000005,39.32164383561644]],[[-0.34500000000000003,39.32144362486828],[-0.34500000000000003,39.32164383561644],[-0.34520000000000006,39.32164383561644],[-0.34520000000000006,39.32144362486828],[-0.34500000000000003,39.32144362486828]]]},"properties":{"area_sqm":116966.2,"area_ha":11.7,"area_km2":0.117,"backscatter_change_db":-6.47,"flood_confidence":0.386,"pixel_count":306,"source":"Sentinel-1 RTC COG log-ratio \u0394\u03c3\u00b0 < \u22123 dB"}},{"type":"Feature","geometry":{"type":"Polygon","coordinates":[[[-0.34220000000000006,39.34026343519494],[-0.34180000000000005,39.34026343519494],[-0.34180000000000005,39.33986301369863],[-0.3426,39.33986301369863],[-0.3426,39.34026343519494],[-0.34280000000000005,39.34026343519494],[-0.34280000000000005,39.340463645943096],[-0.34320000000000006,39.340463645943096],[-0.34320000000000006,39.33986301369863],[-0.3436,39.33966280295047],[-0.3436,39.33926238145416],[-0.34380000000000005,39.33926238145416],[-0.34380000000000005,39.33966280295047],[-0.34420000000000006,39.33966280295047],[-0.34420000000000006,39.33946259220232],[-0.34440000000000004,39.33946259220232],[-0.34440000000000004,39.33966280295047],[-0.3446,39.33966280295047],[-0.3446,39.34006322444679],[-0.34440000000000004,39.34006322444679],[-0.34420000000000006,39.340463645943096],[-0.34400000000000003,39.340463645943096],[-0.34380000000000005,39.34086406743941],[-0.34440000000000004,39.34086406743941],[-0.34440000000000004,39.340463645943096],[-0.34480000000000005,39.340463645943096],[-0.34500000000000003,39.34006322444679],[-0.34520000000000006,39.34006322444679],[-0.34520000000000006,39.34026343519494],[-0.34580000000000005,39.34026343519494],[-0.34580000000000005,39.34086406743941],[-0.3462,39.34086406743941],[-0.3462,39.34126448893572],[-0.3466,39.341464699683875],[-0.3466,39.3422655426765],[-0.34600000000000003,39.3422655426765],[-0.34600000000000003,39.34166491043204],[-0.3456,39.341464699683875],[-0.3456,39.342065331928346],[-0.34540000000000004,39.342065331928346],[-0.34540000000000004,39.342465753424655],[-0.34600000000000003,39.342465753424655],[-0.34600000000000003,39.34266596417282],[-0.34580000000000005,39.34266596417282],[-0.34580000000000005,39.34286617492097],[-0.34540000000000004,39.343066385669125],[-0.34520000000000006,39.34266596417282],[-0.34500000000000003,39.34266596417282],[-0.34500000000000003,39.342465753424655],[-0.3446,39.342465753424655],[-0.34440000000000004,39.34286617492097],[-0.34500000000000003,39.34286617492097],[-0.34500000000000003,39.343066385669125],[-0.34480000000000005,39.343066385669125],[-0.34480000000000005,39.34326659641728],[-0.34440000000000004,39.34326659641728],[-0.34440000000000004,39.343466807165434],[-0.34400000000000003,39.343466807165434],[-0.34400000000000003,39.34326659641728],[-0.3436,39.34326659641728],[-0.3436,39.343066385669125],[-0.34320000000000006,39.343066385669125],[-0.34320000000000006,39.34286617492097],[-0.34340000000000004,39.34286617492097],[-0.34340000000000004,39.34266596417282],[-0.3436,39.34266596417282],[-0.3436,39.34286617492097],[-0.34420000000000006,39.34286617492097],[-0.34420000000000006,39.342465753424655],[-0.34440000000000004,39.342465753424655],[-0.34440000000000004,39.3422655426765],[-0.34420000000000006,39.3422655426765],[-0.34420000000000006,39.34186512118019],[-0.3436,39.34186512118019],[-0.3436,39.34166491043204],[-0.34340000000000004,39.34166491043204],[-0.34340000000000004,39.3422655426765],[-0.34320000000000006,39.3422655426765],[-0.34320000000000006,39.342065331928346],[-0.34240000000000004,39.342065331928346],[-0.34240000000000004,39.34166491043204],[-0.34220000000000006,39.34166491043204],[-0.34220000000000006,39.34106427818757],[-0.342,39.34106427818757],[-0.342,39.34066385669126],[-0.34240000000000004,39.34066385669126],[-0.34220000000000006,39.34026343519494]],[[-0.34440000000000004,39.34186512118019],[-0.34440000000000004,39.34166491043204],[-0.34420000000000006,39.34166491043204],[-0.34420000000000006,39.34186512118019],[-0.34440000000000004,39.34186512118019]],[[-0.3446,39.34166491043204],[-0.3446,39.341464699683875],[-0.34440000000000004,39.341464699683875],[-0.34440000000000004,39.34166491043204],[-0.3446,39.34166491043204]],[[-0.34440000000000004,39.34126448893572],[-0.34420000000000006,39.34126448893572],[-0.34420000000000006,39.341464699683875],[-0.34440000000000004,39.341464699683875],[-0.34440000000000004,39.34126448893572]],[[-0.34340000000000004,39.341464699683875],[-0.34280000000000005,39.341464699683875],[-0.34280000000000005,39.34126448893572],[-0.3426,39.34126448893572],[-0.3426,39.34186512118019],[-0.34320000000000006,39.34186512118019],[-0.34340000000000004,39.341464699683875]],[[-0.34480000000000005,39.342065331928346],[-0.34520000000000006,39.342065331928346],[-0.34540000000000004,39.340463645943096],[-0.34500000000000003,39.340463645943096],[-0.34500000000000003,39.34066385669126],[-0.3446,39.34086406743941],[-0.3446,39.34106427818757],[-0.34500000000000003,39.34106427818757],[-0.34500000000000003,39.34186512118019],[-0.34480000000000005,39.34186512118019],[-0.34480000000000005,39.342065331928346]],[[-0.34400000000000003,39.34006322444679],[-0.34380000000000005,39.34006322444679],[-0.34380000000000005,39.34026343519494],[-0.34400000000000003,39.34026343519494],[-0.34400000000000003,39.34006322444679]]]},"properties":{"area_sqm":79506.4,"area_ha":7.95,"area_km2":0.0795,"backscatter_change_db":-4.6,"flood_confidence":0.178,"pixel_count":208,"source":"Sentinel-1 RTC COG log-ratio \u0394\u03c3\u00b0 < \u22123 dB"}},{"type":"Feature","geometry":{"type":"Polygon","coordinates":[[[-0.33280000000000004,39.35267650158061],[-0.33280000000000004,39.352876712328765],[-0.33240000000000003,39.352876712328765],[-0.33240000000000003,39.35267650158061],[-0.33220000000000005,39.35267650158061],[-0.33220000000000005,39.352876712328765],[-0.33180000000000004,39.352876712328765],[-0.33160000000000006,39.352476290832456],[-0.33120000000000005,39.352476290832456],[-0.33120000000000005,39.3522760800843],[-0.331,39.3522760800843],[-0.331,39.35267650158061],[-0.33060000000000006,39.35267650158061],[-0.33060000000000006,39.352476290832456],[-0.32980000000000004,39.352476290832456],[-0.32980000000000004,39.3522760800843],[-0.3294,39.3522760800843],[-0.3294,39.352476290832456],[-0.32920000000000005,39.352476290832456],[-0.329,39.35207586933614],[-0.32880000000000004,39.35207586933614],[-0.32880000000000004,39.3522760800843],[-0.3274,39.3522760800843],[-0.32760000000000006,39.351875658587986],[-0.32720000000000005,39.351875658587986],[-0.32720000000000005,39.35207586933614],[-0.32560000000000006,39.351875658587986],[-0.32560000000000006,39.35207586933614],[-0.3254,39.35207586933614],[-0.3254,39.351875658587986],[-0.32520000000000004,39.351875658587986],[-0.32520000000000004,39.35167544783983],[-0.3254,39.35167544783983],[-0.3254,39.35127502634352],[-0.32580000000000003,39.35127502634352],[-0.32560000000000006,39.35167544783983],[-0.326,39.35167544783983],[-0.326,39.35127502634352],[-0.3264,39.35127502634352],[-0.3264,39.35107481559536],[-0.32580000000000003,39.35107481559536],[-0.32580000000000003,39.35067439409905],[-0.326,39.35067439409905],[-0.326,39.35007376185458],[-0.32560000000000006,39.35007376185458],[-0.32560000000000006,39.34987355110643],[-0.3254,39.34987355110643],[-0.3254,39.34967334035827],[-0.32560000000000006,39.34967334035827],[-0.32560000000000006,39.34927291886196],[-0.32520000000000004,39.34927291886196],[-0.32520000000000004,39.34947312961012],[-0.325,39.34947312961012],[-0.325,39.34987355110643],[-0.32480000000000003,39.34987355110643],[-0.32480000000000003,39.34967334035827],[-0.32460000000000006,39.34967334035827],[-0.32460000000000006,39.3490727081138],[-0.32480000000000003,39.3490727081138],[-0.32480000000000003,39.34887249736565],[-0.32520000000000004,39.3490727081138],[-0.32520000000000004,39.34867228661749],[-0.325,39.34867228661749],[-0.325,39.34807165437302],[-0.32520000000000004,39.34807165437302],[-0.32520000000000004,39.34787144362487],[-0.32580000000000003,39.34787144362487],[-0.32580000000000003,39.34767123287671],[-0.3254,39.34767123287671],[-0.3254,39.34747102212856],[-0.32480000000000003,39.34747102212856],[-0.32480000000000003,39.34807165437302],[-0.3244,39.34807165437302],[-0.3244,39.348271865121184],[-0.32420000000000004,39.348271865121184],[-0.324,39.34787144362487],[-0.32380000000000003,39.34787144362487],[-0.32380000000000003,39.34747102212856],[-0.324,39.34747102212856],[-0.324,39.3472708113804],[-0.32360000000000005,39.3472708113804],[-0.32360000000000005,39.34687038988409],[-0.324,39.34707060063224],[-0.324,39.346670179135934],[-0.32420000000000004,39.346670179135934],[-0.32420000000000004,39.346069546891464],[-0.32480000000000003,39.346069546891464],[-0.32480000000000003,39.34586933614331],[-0.32460000000000006,39.34586933614331],[-0.32460000000000006,39.34526870389884],[-0.325,39.34526870389884],[-0.325,39.345068493150684],[-0.32480000000000003,39.345068493150684],[-0.32480000000000003,39.34486828240253],[-0.3244,39.34486828240253],[-0.3244,39.345468914647],[-0.32420000000000004,39.345468914647],[-0.32420000000000004,39.34526870389884],[-0.32380000000000003,39.345468914647],[-0.32380000000000003,39.345068493150684],[-0.324,39.345068493150684],[-0.324,39.34446786090622],[-0.32380000000000003,39.34446786090622],[-0.32360000000000005,39.344067439409905],[-0.3244,39.34426765015806],[-0.3244,39.34386722866175],[-0.32460000000000006,39.34386722866175],[-0.32460000000000006,39.343667017913596],[-0.32420000000000004,39.343667017913596],[-0.32420000000000004,39.34326659641728],[-0.32460000000000006,39.343066385669125],[-0.32460000000000006,39.343466807165434],[-0.3254,39.343466807165434],[-0.3254,39.34326659641728],[-0.32520000000000004,39.34326659641728],[-0.32520000000000004,39.34286617492097],[-0.32560000000000006,39.343066385669125],[-0.32560000000000006,39.343667017913596],[-0.32580000000000003,39.343667017913596],[-0.32580000000000003,39.343466807165434],[-0.32620000000000005,39.343466807165434],[-0.32620000000000005,39.343667017913596],[-0.3264,39.343667017913596],[-0.3264,39.34326659641728],[-0.326,39.34326659641728],[-0.326,39.343066385669125],[-0.32620000000000005,39.343066385669125],[-0.3264,39.34266596417282],[-0.32660000000000006,39.34266596417282],[-0.32660000000000006,39.34326659641728],[-0.327,39.34326659641728],[-0.327,39.343066385669125],[-0.3274,39.34286617492097],[-0.3274,39.342465753424655],[-0.32760000000000006,39.342465753424655],[-0.32780000000000004,39.34326659641728],[-0.3284,39.34326659641728],[-0.3284,39.343466807165434],[-0.32860000000000006,39.343466807165434],[-0.32860000000000006,39.34386722866175],[-0.329,39.34386722866175],[-0.329,39.344067439409905],[-0.3294,39.344067439409905],[-0.3294,39.34386722866175],[-0.32960000000000006,39.34386722866175],[-0.32960000000000006,39.343466807165434],[-0.33020000000000005,39.343466807165434],[-0.33020000000000005,39.34326659641728],[-0.32980000000000004,39.34326659641728],[-0.32980000000000004,39.343066385669125],[-0.3294,39.343066385669125],[-0.3294,39.34286617492097],[-0.32920000000000005,39.34286617492097],[-0.32920000000000005,39.34266596417282],[-0.32960000000000006,39.34266596417282],[-0.32960000000000006,39.342065331928346],[-0.33,39.34186512118019],[-0.33,39.341464699683875],[-0.32980000000000004,39.341464699683875],[-0.32960000000000006,39.34186512118019],[-0.3294,39.34186512118019],[-0.3294,39.341464699683875],[-0.32820000000000005,39.341464699683875],[-0.32820000000000005,39.34166491043204],[-0.32760000000000006,39.34166491043204],[-0.32760000000000006,39.34126448893572],[-0.32780000000000004,39.34126448893572],[-0.32780000000000004,39.34066385669126],[-0.328,39.34066385669126],[-0.328,39.34086406743941],[-0.3284,39.34086406743941],[-0.3284,39.340463645943096],[-0.32860000000000006,39.340463645943096],[-0.32860000000000006,39.34066385669126],[-0.329,39.34066385669126],[-0.329,39.340463645943096],[-0.32880000000000004,39.340463645943096],[-0.32860000000000006,39.34006322444679],[-0.32980000000000004,39.34006322444679],[-0.32980000000000004,39.34026343519494],[-0.32960000000000006,39.34026343519494],[-0.32960000000000006,39.340463645943096],[-0.32980000000000004,39.340463645943096],[-0.32980000000000004,39.34086406743941],[-0.32960000000000006,39.34086406743941],[-0.32960000000000006,39.34066385669126],[-0.32920000000000005,39.34066385669126],[-0.32920000000000005,39.34086406743941],[-0.32860000000000006,39.34086406743941],[-0.32860000000000006,39.34106427818757],[-0.32920000000000005,39.34106427818757],[-0.32920000000000005,39.34126448893572],[-0.32960000000000006,39.34126448893572],[-0.32960000000000006,39.34106427818757],[-0.33,39.34106427818757],[-0.33,39.34126448893572],[-0.33020000000000005,39.34126448893572],[-0.33020000000000005,39.34106427818757],[-0.33060000000000006,39.34106427818757],[-0.33060000000000006,39.34086406743941],[-0.3304,39.34086406743941],[-0.33060000000000006,39.340463645943096],[-0.33020000000000005,39.340463645943096],[-0.33020000000000005,39.34006322444679],[-0.33080000000000004,39.34006322444679],[-0.33080000000000004,39.33986301369863],[-0.33120000000000005,39.33986301369863],[-0.33120000000000005,39.34006322444679],[-0.33140000000000003,39.34006322444679],[-0.33140000000000003,39.33986301369863],[-0.33180000000000004,39.33986301369863],[-0.33180000000000004,39.33966280295047],[-0.33140000000000003,39.33966280295047],[-0.33140000000000003,39.33946259220232],[-0.33120000000000005,39.33946259220232],[-0.33120000000000005,39.33886195995785],[-0.33160000000000006,39.33886195995785],[-0.33160000000000006,39.33866174920969],[-0.33180000000000004,39.33866174920969],[-0.33180000000000004,39.33906217070601],[-0.33160000000000006,39.33906217070601],[-0.33180000000000004,39.33946259220232],[-0.3326,39.33946259220232],[-0.3326,39.33926238145416],[-0.33280000000000004,39.33926238145416],[-0.33280000000000004,39.33906217070601],[-0.33240000000000003,39.33906217070601],[-0.33240000000000003,39.33886195995785],[-0.33280000000000004,39.33886195995785],[-0.33280000000000004,39.33846153846154],[-0.33220000000000005,39.33846153846154],[-0.33220000000000005,39.33806111696523],[-0.33240000000000003,39.33806111696523],[-0.33240000000000003,39.337860906217074],[-0.33280000000000004,39.337860906217074],[-0.33280000000000004,39.33746048472076],[-0.33320000000000005,39.33746048472076],[-0.33340000000000003,39.33706006322445],[-0.33380000000000004,39.33706006322445],[-0.33380000000000004,39.33605900948367],[-0.33340000000000003,39.335858798735515],[-0.33340000000000003,39.33565858798735],[-0.33420000000000005,39.33565858798735],[-0.33420000000000005,39.335858798735515],[-0.33480000000000004,39.335858798735515],[-0.3346,39.334657534246574],[-0.335,39.334657534246574],[-0.33480000000000004,39.33505795574289],[-0.33520000000000005,39.33505795574289],[-0.33520000000000005,39.335258166491045],[-0.335,39.335258166491045],[-0.33520000000000005,39.33565858798735],[-0.3356,39.33565858798735],[-0.3356,39.3354583772392],[-0.33540000000000003,39.3354583772392],[-0.3356,39.33505795574289],[-0.33620000000000005,39.33505795574289],[-0.33620000000000005,39.33485774499473],[-0.33580000000000004,39.33485774499473],[-0.33580000000000004,39.33445732349842],[-0.336,39.33445732349842],[-0.336,39.334257112750265],[-0.33580000000000004,39.334257112750265],[-0.33580000000000004,39.33385669125395],[-0.3356,39.33385669125395],[-0.3356,39.333656480505795],[-0.33520000000000005,39.333656480505795],[-0.33520000000000005,39.333256059009486],[-0.3356,39.333256059009486],[-0.3356,39.33305584826133],[-0.33580000000000004,39.33305584826133],[-0.33580000000000004,39.33285563751317],[-0.3356,39.33285563751317],[-0.33580000000000004,39.33245521601686],[-0.33520000000000005,39.33245521601686],[-0.33520000000000005,39.33305584826133],[-0.335,39.33305584826133],[-0.335,39.33345626975764],[-0.3346,39.33345626975764],[-0.3346,39.333656480505795],[-0.335,39.333656480505795],[-0.335,39.33385669125395],[-0.33520000000000005,39.33385669125395],[-0.33520000000000005,39.33405690200211],[-0.33480000000000004,39.33405690200211],[-0.33480000000000004,39.33445732349842],[-0.3346,39.33445732349842],[-0.3346,39.33385669125395],[-0.33440000000000003,39.33385669125395],[-0.33440000000000003,39.333656480505795],[-0.334,39.333656480505795],[-0.33440000000000003,39.33285563751317],[-0.33480000000000004,39.33285563751317],[-0.33480000000000004,39.332655426765015],[-0.33440000000000003,39.332655426765015],[-0.33440000000000003,39.33205479452055],[-0.334,39.33185458377239],[-0.334,39.331654373024236],[-0.33420000000000005,39.331654373024236],[-0.33420000000000005,39.33125395152793],[-0.3346,39.33125395152793],[-0.3346,39.33185458377239],[-0.33480000000000004,39.33185458377239],[-0.3346,39.332255005268706],[-0.33480000000000004,39.332255005268706],[-0.33480000000000004,39.33245521601686],[-0.335,39.33245521601686],[-0.335,39.33185458377239],[-0.33540000000000003,39.33185458377239],[-0.33540000000000003,39.33205479452055],[-0.33580000000000004,39.33185458377239],[-0.33580000000000004,39.332255005268706],[-0.336,39.332255005268706],[-0.336,39.33205479452055],[-0.33640000000000003,39.33205479452055],[-0.33640000000000003,39.33245521601686],[-0.33680000000000004,39.33245521601686],[-0.337,39.33285563751317],[-0.33720000000000006,39.33285563751317],[-0.33720000000000006,39.33385669125395],[-0.337,39.33385669125395],[-0.337,39.334257112750265],[-0.33740000000000003,39.334257112750265],[-0.33740000000000003,39.33445732349842],[-0.3376,39.33445732349842],[-0.3376,39.334657534246574],[-0.33740000000000003,39.334657534246574],[-0.33740000000000003,39.335258166491045],[-0.3376,39.335258166491045],[-0.3376,39.3354583772392],[-0.33780000000000004,39.3354583772392],[-0.33780000000000004,39.33505795574289],[-0.3376,39.33505795574289],[-0.33780000000000004,39.334657534246574],[-0.33880000000000005,39.334657534246574],[-0.33880000000000005,39.334257112750265],[-0.3386,39.334257112750265],[-0.3386,39.33405690200211],[-0.33820000000000006,39.33405690200211],[-0.33820000000000006,39.33305584826133],[-0.338,39.33305584826133],[-0.338,39.333256059009486],[-0.3376,39.333256059009486],[-0.3376,39.33305584826133],[-0.33780000000000004,39.33305584826133],[-0.3376,39.332655426765015],[-0.338,39.33245521601686],[-0.33780000000000004,39.33205479452055],[-0.3376,39.33205479452055],[-0.3376,39.33185458377239],[-0.33820000000000006,39.33185458377239],[-0.33820000000000006,39.33205479452055],[-0.33840000000000003,39.33205479452055],[-0.33840000000000003,39.332655426765015],[-0.33880000000000005,39.33285563751317],[-0.33880000000000005,39.33305584826133],[-0.33920000000000006,39.33305584826133],[-0.33920000000000006,39.33285563751317],[-0.339,39.33285563751317],[-0.33920000000000006,39.33245521601686],[-0.33940000000000003,39.33245521601686],[-0.3396,39.33285563751317],[-0.34,39.33285563751317],[-0.34,39.332655426765015],[-0.33980000000000005,39.332655426765015],[-0.33980000000000005,39.332255005268706],[-0.34020000000000006,39.332255005268706],[-0.34020000000000006,39.33245521601686],[-0.34040000000000004,39.33245521601686],[-0.3406,39.33285563751317],[-0.34080000000000005,39.33285563751317],[-0.34080000000000005,39.33305584826133],[-0.34040000000000004,39.33305584826133],[-0.34020000000000006,39.33345626975764],[-0.341,39.33345626975764],[-0.341,39.332655426765015],[-0.34140000000000004,39.332655426765015],[-0.34140000000000004,39.33245521601686],[-0.3416,39.33245521601686],[-0.3416,39.33285563751317],[-0.34140000000000004,39.33285563751317],[-0.34140000000000004,39.33305584826133],[-0.3416,39.33305584826133],[-0.3416,39.33345626975764],[-0.34140000000000004,39.33345626975764],[-0.34140000000000004,39.333656480505795],[-0.341,39.333656480505795],[-0.341,39.33385669125395],[-0.3406,39.33385669125395],[-0.3406,39.33405690200211],[-0.341,39.33405690200211],[-0.341,39.334257112750265],[-0.342,39.334257112750265],[-0.342,39.33405690200211],[-0.34220000000000006,39.33405690200211],[-0.34220000000000006,39.33385669125395],[-0.342,39.33385669125395],[-0.34220000000000006,39.33345626975764],[-0.3426,39.33345626975764],[-0.3426,39.33385669125395],[-0.34240000000000004,39.33385669125395],[-0.34240000000000004,39.33405690200211],[-0.34320000000000006,39.33405690200211],[-0.3436,39.333256059009486],[-0.34420000000000006,39.333256059009486],[-0.34420000000000006,39.33345626975764],[-0.34440000000000004,39.33345626975764],[-0.3446,39.33305584826133],[-0.34480000000000005,39.33305584826133],[-0.34480000000000005,39.33285563751317],[-0.34440000000000004,39.33285563751317],[-0.34440000000000004,39.332655426765015],[-0.34500000000000003,39.332655426765015],[-0.34500000000000003,39.33245521601686],[-0.34520000000000006,39.33245521601686],[-0.34520000000000006,39.332255005268706],[-0.3456,39.33205479452055],[-0.3456,39.33185458377239],[-0.34580000000000005,39.33185458377239],[-0.34600000000000003,39.33145416227608],[-0.34640000000000004,39.33145416227608],[-0.34640000000000004,39.33185458377239],[-0.3462,39.33185458377239],[-0.3462,39.33245521601686],[-0.34540000000000004,39.33245521601686],[-0.34540000000000004,39.332655426765015],[-0.3456,39.332655426765015],[-0.3456,39.33285563751317],[-0.3462,39.33285563751317],[-0.3462,39.332655426765015],[-0.3466,39.332655426765015],[-0.34680000000000005,39.33305584826133],[-0.34700000000000003,39.33305584826133],[-0.34700000000000003,39.333656480505795],[-0.3472,39.333656480505795],[-0.3472,39.33385669125395],[-0.3462,39.33385669125395],[-0.3462,39.333656480505795],[-0.34580000000000005,39.333656480505795],[-0.34580000000000005,39.33345626975764],[-0.3456,39.33345626975764],[-0.3456,39.33385669125395],[-0.34600000000000003,39.33405690200211],[-0.34600000000000003,39.33445732349842],[-0.34520000000000006,39.33445732349842],[-0.34540000000000004,39.33485774499473],[-0.34480000000000005,39.33485774499473],[-0.34480000000000005,39.334657534246574],[-0.34440000000000004,39.334657534246574],[-0.34440000000000004,39.33485774499473],[-0.3446,39.33485774499473],[-0.3446,39.3354583772392],[-0.34480000000000005,39.3354583772392],[-0.3446,39.336259220231824],[-0.3456,39.336259220231824],[-0.3456,39.33645943097998],[-0.34600000000000003,39.33665964172813],[-0.34600000000000003,39.336859852476294],[-0.34540000000000004,39.336859852476294],[-0.34540000000000004,39.3372602739726],[-0.34520000000000006,39.3372602739726],[-0.34520000000000006,39.33746048472076],[-0.3446,39.33746048472076],[-0.3446,39.33806111696523],[-0.34420000000000006,39.33806111696523],[-0.34420000000000006,39.337860906217074],[-0.34380000000000005,39.33806111696523],[-0.34400000000000003,39.336859852476294],[-0.34380000000000005,39.336859852476294],[-0.34380000000000005,39.33706006322445],[-0.34320000000000006,39.33706006322445],[-0.34320000000000006,39.336859852476294],[-0.343,39.336859852476294],[-0.34280000000000005,39.33645943097998],[-0.342,39.33645943097998],[-0.342,39.33665964172813],[-0.34180000000000005,39.33665964172813],[-0.34180000000000005,39.336859852476294],[-0.3426,39.33706006322445],[-0.3426,39.3372602739726],[-0.34240000000000004,39.3372602739726],[-0.34240000000000004,39.33766069546891],[-0.342,39.337860906217074],[-0.342,39.33826132771338],[-0.34220000000000006,39.33826132771338],[-0.34240000000000004,39.337860906217074],[-0.34280000000000005,39.337860906217074],[-0.34280000000000005,39.33826132771338],[-0.3426,39.33826132771338],[-0.3426,39.33846153846154],[-0.342,39.33846153846154],[-0.342,39.33866174920969],[-0.34180000000000005,39.33866174920969],[-0.34180000000000005,39.33906217070601],[-0.34140000000000004,39.33906217070601],[-0.34140000000000004,39.33946259220232],[-0.3416,39.33946259220232],[-0.3416,39.34026343519494],[-0.34180000000000005,39.34026343519494],[-0.34180000000000005,39.340463645943096],[-0.3416,39.340463645943096],[-0.3416,39.34086406743941],[-0.34140000000000004,39.34086406743941],[-0.34140000000000004,39.34066385669126],[-0.33980000000000005,39.34066385669126],[-0.33980000000000005,39.34086406743941],[-0.34040000000000004,39.34086406743941],[-0.34040000000000004,39.34106427818757],[-0.34080000000000005,39.34106427818757],[-0.34080000000000005,39.34126448893572],[-0.34,39.34126448893572],[-0.34,39.34166491043204],[-0.34020000000000006,39.34166491043204],[-0.34020000000000006,39.342465753424655],[-0.3396,39.342465753424655],[-0.3396,39.34266596417282],[-0.33940000000000003,39.34266596417282],[-0.33940000000000003,39.342465753424655],[-0.339,39.342465753424655],[-0.33920000000000006,39.34286617492097],[-0.33980000000000005,39.34286617492097],[-0.33980000000000005,39.343066385669125],[-0.3396,39.343066385669125],[-0.33980000000000005,39.343466807165434],[-0.33940000000000003,39.343667017913596],[-0.33940000000000003,39.34386722866175],[-0.33980000000000005,39.34386722866175],[-0.3396,39.34426765015806],[-0.33940000000000003,39.34426765015806],[-0.33940000000000003,39.344067439409905],[-0.339,39.344067439409905],[-0.339,39.34426765015806],[-0.33880000000000005,39.34426765015806],[-0.33880000000000005,39.344067439409905],[-0.33820000000000006,39.344067439409905],[-0.33820000000000006,39.34426765015806],[-0.338,39.34426765015806],[-0.338,39.344668071654375],[-0.3376,39.344668071654375],[-0.3376,39.344067439409905],[-0.338,39.344067439409905],[-0.338,39.343667017913596],[-0.33780000000000004,39.343667017913596],[-0.33780000000000004,39.343466807165434],[-0.33740000000000003,39.343466807165434],[-0.33740000000000003,39.34326659641728],[-0.338,39.34326659641728],[-0.33780000000000004,39.34286617492097],[-0.3376,39.34286617492097],[-0.3376,39.343066385669125],[-0.33720000000000006,39.343066385669125],[-0.33720000000000006,39.34266596417282],[-0.33680000000000004,39.34266596417282],[-0.33680000000000004,39.34286617492097],[-0.33620000000000005,39.34286617492097],[-0.33640000000000003,39.342465753424655],[-0.335,39.342465753424655],[-0.335,39.34266596417282],[-0.33540000000000003,39.34266596417282],[-0.33540000000000003,39.34286617492097],[-0.3356,39.34286617492097],[-0.3356,39.343466807165434],[-0.33580000000000004,39.343466807165434],[-0.33580000000000004,39.34326659641728],[-0.337,39.34326659641728],[-0.337,39.343667017913596],[-0.33680000000000004,39.343667017913596],[-0.33680000000000004,39.34386722866175],[-0.33720000000000006,39.34386722866175],[-0.33720000000000006,39.344067439409905],[-0.33680000000000004,39.34426765015806],[-0.337,39.344668071654375],[-0.3366,39.344668071654375],[-0.3366,39.34426765015806],[-0.33640000000000003,39.34426765015806],[-0.33640000000000003,39.34446786090622],[-0.336,39.344668071654375],[-0.336,39.34486828240253],[-0.33580000000000004,39.34486828240253],[-0.33580000000000004,39.344668071654375],[-0.33540000000000003,39.344668071654375],[-0.33540000000000003,39.34486828240253],[-0.33520000000000005,39.34486828240253],[-0.33520000000000005,39.345068493150684],[-0.33540000000000003,39.345068493150684],[-0.33540000000000003,39.345468914647],[-0.335,39.345468914647],[-0.335,39.34526870389884],[-0.33480000000000004,39.34526870389884],[-0.335,39.346069546891464],[-0.33480000000000004,39.346069546891464],[-0.33480000000000004,39.34646996838778],[-0.3346,39.34646996838778],[-0.3346,39.34707060063224],[-0.33380000000000004,39.34707060063224],[-0.33380000000000004,39.3472708113804],[-0.3336,39.3472708113804],[-0.3336,39.34767123287671],[-0.334,39.34747102212856],[-0.334,39.3472708113804],[-0.33420000000000005,39.3472708113804],[-0.33420000000000005,39.34747102212856],[-0.33540000000000003,39.34747102212856],[-0.33540000000000003,39.3472708113804],[-0.33520000000000005,39.3472708113804],[-0.33520000000000005,39.34687038988409],[-0.33540000000000003,39.34687038988409],[-0.33540000000000003,39.34646996838778],[-0.33520000000000005,39.34646996838778],[-0.33520000000000005,39.34626975763962],[-0.33540000000000003,39.34626975763962],[-0.33540000000000003,39.346069546891464],[-0.33520000000000005,39.346069546891464],[-0.33520000000000005,39.345669125395155],[-0.33580000000000004,39.345669125395155],[-0.33580000000000004,39.346069546891464],[-0.336,39.346069546891464],[-0.336,39.34626975763962],[-0.3356,39.34626975763962],[-0.3356,39.34687038988409],[-0.336,39.34687038988409],[-0.33620000000000005,39.3472708113804],[-0.33580000000000004,39.3472708113804],[-0.33580000000000004,39.34767123287671],[-0.336,39.34767123287671],[-0.336,39.34787144362487],[-0.3356,39.34787144362487],[-0.3356,39.348271865121184],[-0.33580000000000004,39.348271865121184],[-0.33580000000000004,39.34847207586934],[-0.33540000000000003,39.34867228661749],[-0.33540000000000003,39.34927291886196],[-0.335,39.34927291886196],[-0.335,39.34947312961012],[-0.33540000000000003,39.34967334035827],[-0.33540000000000003,39.34987355110643],[-0.33520000000000005,39.34987355110643],[-0.33520000000000005,39.3504741833509],[-0.335,39.3504741833509],[-0.335,39.35067439409905],[-0.3356,39.35067439409905],[-0.3356,39.3504741833509],[-0.336,39.3504741833509],[-0.336,39.35067439409905],[-0.3356,39.350874604847206],[-0.3356,39.35107481559536],[-0.33520000000000005,39.35107481559536],[-0.33520000000000005,39.35147523709168],[-0.33480000000000004,39.35147523709168],[-0.33480000000000004,39.351875658587986],[-0.33440000000000003,39.351875658587986],[-0.33420000000000005,39.35107481559536],[-0.33380000000000004,39.35107481559536],[-0.33380000000000004,39.35167544783983],[-0.3336,39.35167544783983],[-0.3336,39.35147523709168],[-0.33340000000000003,39.35147523709168],[-0.33340000000000003,39.350874604847206],[-0.3336,39.350874604847206],[-0.3336,39.35067439409905],[-0.33280000000000004,39.35067439409905],[-0.33280000000000004,39.35107481559536],[-0.33320000000000005,39.35107481559536],[-0.33320000000000005,39.35167544783983],[-0.33340000000000003,39.35167544783983],[-0.33340000000000003,39.35207586933614],[-0.3336,39.35207586933614],[-0.3336,39.351875658587986],[-0.33420000000000005,39.351875658587986],[-0.33420000000000005,39.35207586933614],[-0.334,39.35207586933614],[-0.334,39.352876712328765],[-0.33440000000000003,39.352876712328765],[-0.33440000000000003,39.35307692307693],[-0.3336,39.35307692307693],[-0.33340000000000003,39.35267650158061],[-0.33280000000000004,39.35267650158061]],[[-0.32720000000000005,39.35167544783983],[-0.32760000000000006,39.35167544783983],[-0.32760000000000006,39.35107481559536],[-0.328,39.35107481559536],[-0.32760000000000006,39.35027397260274],[-0.32720000000000005,39.35027397260274],[-0.32720000000000005,39.3504741833509],[-0.32680000000000003,39.35067439409905],[-0.327,39.35107481559536],[-0.32660000000000006,39.35107481559536],[-0.32660000000000006,39.35147523709168],[-0.327,39.35147523709168],[-0.327,39.351875658587986],[-0.32720000000000005,39.351875658587986],[-0.32720000000000005,39.35167544783983]],[[-0.328,39.35147523709168],[-0.3284,39.35147523709168],[-0.3284,39.350874604847206],[-0.329,39.350874604847206],[-0.329,39.35067439409905],[-0.32820000000000005,39.35067439409905],[-0.328,39.35147523709168]],[[-0.3284,39.35167544783983],[-0.32860000000000006,39.35167544783983],[-0.32860000000000006,39.35147523709168],[-0.3284,39.35147523709168],[-0.3284,39.35167544783983]],[[-0.324,39.34767123287671],[-0.32420000000000004,39.34767123287671],[-0.32420000000000004,39.34747102212856],[-0.324,39.34747102212856],[-0.324,39.34767123287671]],[[-0.33,39.342065331928346],[-0.33020000000000005,39.342065331928346],[-0.33020000000000005,39.34186512118019],[-0.33,39.34186512118019],[-0.33,39.342065331928346]],[[-0.33640000000000003,39.332655426765015],[-0.33640000000000003,39.33305584826133],[-0.33680000000000004,39.333256059009486],[-0.33680000000000004,39.332655426765015],[-0.33640000000000003,39.332655426765015]],[[-0.336,39.333256059009486],[-0.336,39.33345626975764],[-0.33640000000000003,39.33345626975764],[-0.33640000000000003,39.33385669125395],[-0.33680000000000004,39.33405690200211],[-0.33680000000000004,39.33345626975764],[-0.3366,39.33345626975764],[-0.3366,39.333256059009486],[-0.336,39.333256059009486]],[[-0.33780000000000004,39.335858798735515],[-0.33820000000000006,39.335858798735515],[-0.33820000000000006,39.33605900948367],[-0.33880000000000005,39.33605900948367],[-0.33880000000000005,39.335858798735515],[-0.33840000000000003,39.335858798735515],[-0.33840000000000003,39.3354583772392],[-0.33780000000000004,39.3354583772392],[-0.33780000000000004,39.335858798735515]],[[-0.3376,39.335858798735515],[-0.3376,39.33605900948367],[-0.33780000000000004,39.33605900948367],[-0.33780000000000004,39.335858798735515],[-0.3376,39.335858798735515]],[[-0.339,39.334257112750265],[-0.339,39.33405690200211],[-0.33940000000000003,39.33405690200211],[-0.33940000000000003,39.33385669125395],[-0.339,39.333656480505795],[-0.339,39.33345626975764],[-0.3386,39.33345626975764],[-0.33880000000000005,39.334257112750265],[-0.339,39.334257112750265]],[[-0.33820000000000006,39.332655426765015],[-0.33820000000000006,39.33285563751317],[-0.33840000000000003,39.33285563751317],[-0.33840000000000003,39.332655426765015],[-0.33820000000000006,39.332655426765015]],[[-0.34020000000000006,39.33305584826133],[-0.33940000000000003,39.33305584826133],[-0.33940000000000003,39.333256059009486],[-0.3396,39.333256059009486],[-0.33940000000000003,39.333656480505795],[-0.34,39.333656480505795],[-0.34,39.333256059009486],[-0.34020000000000006,39.333256059009486],[-0.34020000000000006,39.33305584826133]],[[-0.34040000000000004,39.33405690200211],[-0.34040000000000004,39.334657534246574],[-0.34,39.33485774499473],[-0.34,39.33505795574289],[-0.341,39.33505795574289],[-0.341,39.33485774499473],[-0.34120000000000006,39.33485774499473],[-0.34140000000000004,39.33445732349842],[-0.341,39.33445732349842],[-0.341,39.334657534246574],[-0.34080000000000005,39.334657534246574],[-0.34080000000000005,39.33445732349842],[-0.3406,39.33445732349842],[-0.3406,39.33405690200211],[-0.34040000000000004,39.33405690200211]],[[-0.34140000000000004,39.33485774499473],[-0.3416,39.33485774499473],[-0.3416,39.334657534246574],[-0.34140000000000004,39.334657534246574],[-0.34140000000000004,39.33485774499473]],[[-0.34500000000000003,39.333256059009486],[-0.3456,39.333256059009486],[-0.3456,39.33305584826133],[-0.34520000000000006,39.33305584826133],[-0.34520000000000006,39.332655426765015],[-0.34500000000000003,39.332655426765015],[-0.34500000000000003,39.333256059009486]],[[-0.34520000000000006,39.334257112750265],[-0.34500000000000003,39.334257112750265],[-0.34500000000000003,39.33445732349842],[-0.34520000000000006,39.33445732349842],[-0.34520000000000006,39.334257112750265]],[[-0.3446,39.33565858798735],[-0.34440000000000004,39.33565858798735],[-0.34440000000000004,39.335258166491045],[-0.34420000000000006,39.335258166491045],[-0.34420000000000006,39.33505795574289],[-0.34380000000000005,39.33505795574289],[-0.34380000000000005,39.334657534246574],[-0.34320000000000006,39.334657534246574],[-0.34320000000000006,39.335258166491045],[-0.34340000000000004,39.335258166491045],[-0.34340000000000004,39.3354583772392],[-0.34280000000000005,39.3354583772392],[-0.343,39.335858798735515],[-0.34320000000000006,39.335858798735515],[-0.34320000000000006,39.33565858798735],[-0.3436,39.33565858798735],[-0.3436,39.33605900948367],[-0.34380000000000005,39.33605900948367],[-0.34400000000000003,39.33645943097998],[-0.34440000000000004,39.33645943097998],[-0.34440000000000004,39.335858798735515],[-0.3446,39.335858798735515],[-0.3446,39.33565858798735]],[[-0.34320000000000006,39.33445732349842],[-0.3426,39.33445732349842],[-0.3426,39.334257112750265],[-0.34220000000000006,39.334257112750265],[-0.34220000000000006,39.33445732349842],[-0.342,39.33445732349842],[-0.342,39.33485774499473],[-0.34220000000000006,39.33485774499473],[-0.34220000000000006,39.334657534246574],[-0.34320000000000006,39.334657534246574],[-0.34320000000000006,39.33445732349842]],[[-0.34380000000000005,39.33665964172813],[-0.3436,39.33665964172813],[-0.3436,39.336859852476294],[-0.34380000000000005,39.336859852476294],[-0.34380000000000005,39.33665964172813]],[[-0.34,39.34106427818757],[-0.33980000000000005,39.34106427818757],[-0.33980000000000005,39.34126448893572],[-0.34,39.34126448893572],[-0.34,39.34106427818757]],[[-0.33480000000000004,39.34266596417282],[-0.33480000000000004,39.343066385669125],[-0.335,39.343066385669125],[-0.335,39.34266596417282],[-0.33480000000000004,39.34266596417282]],[[-0.33320000000000005,39.34767123287671],[-0.33320000000000005,39.34807165437302],[-0.3336,39.34807165437302],[-0.3336,39.348271865121184],[-0.33380000000000004,39.348271865121184],[-0.33380000000000004,39.34867228661749],[-0.3336,39.34867228661749],[-0.3336,39.34887249736565],[-0.33240000000000003,39.34887249736565],[-0.33240000000000003,39.3490727081138],[-0.33160000000000006,39.34887249736565],[-0.33160000000000006,39.34927291886196],[-0.333,39.34927291886196],[-0.333,39.3490727081138],[-0.33320000000000005,39.3490727081138],[-0.33320000000000005,39.34927291886196],[-0.3336,39.34947312961012],[-0.3336,39.34927291886196],[-0.33380000000000004,39.34927291886196],[-0.33380000000000004,39.34887249736565],[-0.33420000000000005,39.34887249736565],[-0.33420000000000005,39.3490727081138],[-0.33440000000000003,39.3490727081138],[-0.33440000000000003,39.35067439409905],[-0.33480000000000004,39.350874604847206],[-0.33480000000000004,39.35007376185458],[-0.3346,39.35007376185458],[-0.3346,39.34987355110643],[-0.33480000000000004,39.34987355110643],[-0.33480000000000004,39.34947312961012],[-0.3346,39.34947312961012],[-0.3346,39.3490727081138],[-0.335,39.3490727081138],[-0.335,39.34887249736565],[-0.33480000000000004,39.34887249736565],[-0.33480000000000004,39.34847207586934],[-0.335,39.34847207586934],[-0.335,39.348271865121184],[-0.33540000000000003,39.348271865121184],[-0.33540000000000003,39.34807165437302],[-0.335,39.34807165437302],[-0.335,39.34787144362487],[-0.33480000000000004,39.34787144362487],[-0.33480000000000004,39.34807165437302],[-0.33440000000000003,39.34807165437302],[-0.33440000000000003,39.34767123287671],[-0.334,39.34767123287671],[-0.334,39.34787144362487],[-0.33320000000000005,39.34767123287671]],[[-0.33280000000000004,39.34947312961012],[-0.33280000000000004,39.34967334035827],[-0.33340000000000003,39.34967334035827],[-0.33340000000000003,39.34947312961012],[-0.33280000000000004,39.34947312961012]],[[-0.33380000000000004,39.34947312961012],[-0.334,39.34947312961012],[-0.334,39.34927291886196],[-0.33380000000000004,39.34927291886196],[-0.33380000000000004,39.34947312961012]],[[-0.334,39.35067439409905],[-0.334,39.350874604847206],[-0.33440000000000003,39.350874604847206],[-0.33440000000000003,39.35067439409905],[-0.334,39.35067439409905]],[[-0.33480000000000004,39.35107481559536],[-0.335,39.35107481559536],[-0.335,39.350874604847206],[-0.33480000000000004,39.350874604847206],[-0.33480000000000004,39.35107481559536]],[[-0.33540000000000003,39.34767123287671],[-0.3356,39.34767123287671],[-0.3356,39.34747102212856],[-0.33540000000000003,39.34747102212856],[-0.33540000000000003,39.34767123287671]],[[-0.33320000000000005,39.35207586933614],[-0.33320000000000005,39.3522760800843],[-0.33340000000000003,39.3522760800843],[-0.33340000000000003,39.35207586933614],[-0.33320000000000005,39.35207586933614]],[[-0.332,39.35167544783983],[-0.33180000000000004,39.35167544783983],[-0.33180000000000004,39.35207586933614],[-0.33140000000000003,39.35207586933614],[-0.33140000000000003,39.3522760800843],[-0.332,39.3522760800843],[-0.332,39.35207586933614],[-0.33240000000000003,39.3522760800843],[-0.33240000000000003,39.35167544783983],[-0.3326,39.35167544783983],[-0.3326,39.35147523709168],[-0.33240000000000003,39.35147523709168],[-0.33240000000000003,39.350874604847206],[-0.33160000000000006,39.35107481559536],[-0.33160000000000006,39.35147523709168],[-0.332,39.35127502634352],[-0.332,39.35167544783983]],[[-0.33120000000000005,39.351875658587986],[-0.331,39.351875658587986],[-0.331,39.35207586933614],[-0.33120000000000005,39.35207586933614],[-0.33120000000000005,39.351875658587986]],[[-0.33020000000000005,39.351875658587986],[-0.3294,39.351875658587986],[-0.3294,39.35207586933614],[-0.33020000000000005,39.35207586933614],[-0.33020000000000005,39.351875658587986]],[[-0.33080000000000004,39.35167544783983],[-0.33060000000000006,39.35167544783983],[-0.33060000000000006,39.351875658587986],[-0.33080000000000004,39.351875658587986],[-0.33080000000000004,39.35167544783983]],[[-0.33080000000000004,39.35147523709168],[-0.331,39.35147523709168],[-0.331,39.35127502634352],[-0.33080000000000004,39.35127502634352],[-0.33080000000000004,39.35147523709168]],[[-0.33080000000000004,39.35107481559536],[-0.33060000000000006,39.35107481559536],[-0.33060000000000006,39.35127502634352],[-0.33080000000000004,39.35127502634352],[-0.33080000000000004,39.35107481559536]],[[-0.33020000000000005,39.35127502634352],[-0.33020000000000005,39.350874604847206],[-0.33,39.350874604847206],[-0.33,39.35147523709168],[-0.33060000000000006,39.35147523709168],[-0.33060000000000006,39.35127502634352],[-0.33020000000000005,39.35127502634352]],[[-0.33,39.35067439409905],[-0.32980000000000004,39.35067439409905],[-0.32980000000000004,39.350874604847206],[-0.33,39.350874604847206],[-0.33,39.35067439409905]],[[-0.32960000000000006,39.350874604847206],[-0.3294,39.350874604847206],[-0.3294,39.35127502634352],[-0.32960000000000006,39.35127502634352],[-0.32960000000000006,39.350874604847206]],[[-0.329,39.35107481559536],[-0.32860000000000006,39.35107481559536],[-0.32860000000000006,39.35127502634352],[-0.329,39.35127502634352],[-0.329,39.35107481559536]],[[-0.33120000000000005,39.35107481559536],[-0.33160000000000006,39.350874604847206],[-0.33160000000000006,39.35067439409905],[-0.33120000000000005,39.35067439409905],[-0.33120000000000005,39.35107481559536]],[[-0.33120000000000005,39.3504741833509],[-0.331,39.3504741833509],[-0.331,39.35067439409905],[-0.33120000000000005,39.35067439409905],[-0.33120000000000005,39.3504741833509]],[[-0.33220000000000005,39.3504741833509],[-0.332,39.3504741833509],[-0.332,39.35067439409905],[-0.3326,39.35067439409905],[-0.33240000000000003,39.35027397260274],[-0.33220000000000005,39.35027397260274],[-0.33220000000000005,39.3504741833509]],[[-0.3336,39.35027397260274],[-0.33320000000000005,39.35027397260274],[-0.33320000000000005,39.3504741833509],[-0.3336,39.3504741833509],[-0.3336,39.35027397260274]],[[-0.33020000000000005,39.35007376185458],[-0.3304,39.35007376185458],[-0.3304,39.3504741833509],[-0.33060000000000006,39.3504741833509],[-0.33060000000000006,39.34987355110643],[-0.33080000000000004,39.34987355110643],[-0.33080000000000004,39.34947312961012],[-0.3304,39.34967334035827],[-0.33020000000000005,39.35007376185458]],[[-0.33080000000000004,39.35007376185458],[-0.331,39.35007376185458],[-0.331,39.34987355110643],[-0.33080000000000004,39.34987355110643],[-0.33080000000000004,39.35007376185458]],[[-0.33020000000000005,39.34947312961012],[-0.32980000000000004,39.34947312961012],[-0.32980000000000004,39.34987355110643],[-0.33020000000000005,39.34987355110643],[-0.33020000000000005,39.34947312961012]],[[-0.32660000000000006,39.35007376185458],[-0.3264,39.35007376185458],[-0.3264,39.35027397260274],[-0.32660000000000006,39.35027397260274],[-0.32660000000000006,39.35007376185458]],[[-0.3326,39.34987355110643],[-0.33240000000000003,39.34987355110643],[-0.33240000000000003,39.35007376185458],[-0.3326,39.35007376185458],[-0.3326,39.34987355110643]],[[-0.32920000000000005,39.34987355110643],[-0.32880000000000004,39.34987355110643],[-0.32880000000000004,39.35007376185458],[-0.32920000000000005,39.35007376185458],[-0.32920000000000005,39.34987355110643]],[[-0.3274,39.3490727081138],[-0.32720000000000005,39.3490727081138],[-0.32720000000000005,39.34927291886196],[-0.3274,39.34927291886196],[-0.3274,39.34967334035827],[-0.32760000000000006,39.34967334035827],[-0.32760000000000006,39.35007376185458],[-0.32780000000000004,39.35007376185458],[-0.32780000000000004,39.34927291886196],[-0.328,39.34927291886196],[-0.328,39.34887249736565],[-0.3274,39.34887249736565],[-0.3274,39.3490727081138]],[[-0.3274,39.348271865121184],[-0.32720000000000005,39.348271865121184],[-0.32720000000000005,39.34807165437302],[-0.32680000000000003,39.34807165437302],[-0.32680000000000003,39.34767123287671],[-0.32720000000000005,39.34747102212856],[-0.32720000000000005,39.3472708113804],[-0.32680000000000003,39.3472708113804],[-0.32680000000000003,39.34747102212856],[-0.32660000000000006,39.34747102212856],[-0.32660000000000006,39.34807165437302],[-0.3264,39.34807165437302],[-0.3264,39.348271865121184],[-0.32660000000000006,39.348271865121184],[-0.32660000000000006,39.34867228661749],[-0.3264,39.34867228661749],[-0.3264,39.34887249736565],[-0.32660000000000006,39.34887249736565],[-0.32660000000000006,39.3490727081138],[-0.327,39.3490727081138],[-0.32680000000000003,39.34867228661749],[-0.32720000000000005,39.34867228661749],[-0.32720000000000005,39.34887249736565],[-0.3274,39.34887249736565],[-0.3274,39.348271865121184]],[[-0.32660000000000006,39.34707060063224],[-0.32620000000000005,39.34707060063224],[-0.3264,39.34747102212856],[-0.32660000000000006,39.34747102212856],[-0.32660000000000006,39.34707060063224]],[[-0.327,39.34707060063224],[-0.327,39.34687038988409],[-0.32680000000000003,39.34687038988409],[-0.32660000000000006,39.34646996838778],[-0.3264,39.34646996838778],[-0.3264,39.34687038988409],[-0.32660000000000006,39.34687038988409],[-0.32660000000000006,39.34707060063224],[-0.327,39.34707060063224]],[[-0.33220000000000005,39.34947312961012],[-0.332,39.34947312961012],[-0.332,39.34987355110643],[-0.33220000000000005,39.34987355110643],[-0.33220000000000005,39.34947312961012]],[[-0.3264,39.34967334035827],[-0.32660000000000006,39.34967334035827],[-0.32660000000000006,39.34947312961012],[-0.3264,39.34947312961012],[-0.3264,39.3490727081138],[-0.32580000000000003,39.3490727081138],[-0.32620000000000005,39.34987355110643],[-0.3264,39.34987355110643],[-0.3264,39.34967334035827]],[[-0.3284,39.34947312961012],[-0.32880000000000004,39.34947312961012],[-0.32880000000000004,39.3490727081138],[-0.32820000000000005,39.3490727081138],[-0.32820000000000005,39.34967334035827],[-0.3284,39.34967334035827],[-0.3284,39.34947312961012]],[[-0.33120000000000005,39.34847207586934],[-0.33160000000000006,39.348271865121184],[-0.33160000000000006,39.34807165437302],[-0.33180000000000004,39.34807165437302],[-0.33180000000000004,39.348271865121184],[-0.33220000000000005,39.34847207586934],[-0.33220000000000005,39.34867228661749],[-0.333,39.34867228661749],[-0.33280000000000004,39.34787144362487],[-0.3326,39.34787144362487],[-0.3326,39.34767123287671],[-0.333,39.34767123287671],[-0.333,39.34747102212856],[-0.33280000000000004,39.34747102212856],[-0.33280000000000004,39.3472708113804],[-0.33240000000000003,39.3472708113804],[-0.33240000000000003,39.34747102212856],[-0.33220000000000005,39.34747102212856],[-0.33220000000000005,39.34787144362487],[-0.332,39.34787144362487],[-0.332,39.34767123287671],[-0.33160000000000006,39.34767123287671],[-0.33160000000000006,39.3472708113804],[-0.33180000000000004,39.3472708113804],[-0.332,39.34646996838778],[-0.33120000000000005,39.34646996838778],[-0.33120000000000005,39.34626975763962],[-0.33080000000000004,39.34626975763962],[-0.33080000000000004,39.346069546891464],[-0.33120000000000005,39.346069546891464],[-0.33140000000000003,39.34526870389884],[-0.33120000000000005,39.34526870389884],[-0.33120000000000005,39.345468914647],[-0.33020000000000005,39.345468914647],[-0.33020000000000005,39.345669125395155],[-0.33,39.345669125395155],[-0.33,39.3472708113804],[-0.33020000000000005,39.3472708113804],[-0.33020000000000005,39.34747102212856],[-0.33080000000000004,39.34747102212856],[-0.33080000000000004,39.34807165437302],[-0.3304,39.34807165437302],[-0.33020000000000005,39.34847207586934],[-0.33060000000000006,39.34847207586934],[-0.33060000000000006,39.348271865121184],[-0.33080000000000004,39.348271865121184],[-0.33080000000000004,39.3490727081138],[-0.33120000000000005,39.3490727081138],[-0.33120000000000005,39.34887249736565],[-0.33140000000000003,39.34887249736565],[-0.33120000000000005,39.34847207586934]],[[-0.333,39.3472708113804],[-0.333,39.34707060063224],[-0.33280000000000004,39.34707060063224],[-0.33280000000000004,39.3472708113804],[-0.333,39.3472708113804]],[[-0.33240000000000003,39.34707060063224],[-0.33220000000000005,39.34707060063224],[-0.33220000000000005,39.3472708113804],[-0.33240000000000003,39.3472708113804],[-0.33240000000000003,39.34707060063224]],[[-0.33140000000000003,39.346069546891464],[-0.33220000000000005,39.346069546891464],[-0.33220000000000005,39.346670179135934],[-0.33240000000000003,39.346670179135934],[-0.33240000000000003,39.34687038988409],[-0.33280000000000004,39.34687038988409],[-0.33280000000000004,39.346670179135934],[-0.3326,39.346670179135934],[-0.3326,39.34626975763962],[-0.33240000000000003,39.34626975763962],[-0.33240000000000003,39.346069546891464],[-0.3326,39.346069546891464],[-0.3326,39.345669125395155],[-0.33340000000000003,39.345468914647],[-0.3336,39.34586933614331],[-0.33380000000000004,39.34586933614331],[-0.33380000000000004,39.34626975763962],[-0.334,39.34626975763962],[-0.334,39.34646996838778],[-0.33420000000000005,39.34646996838778],[-0.33420000000000005,39.346069546891464],[-0.334,39.346069546891464],[-0.334,39.34586933614331],[-0.33440000000000003,39.34586933614331],[-0.33440000000000003,39.345669125395155],[-0.3346,39.345669125395155],[-0.3346,39.34526870389884],[-0.33420000000000005,39.34526870389884],[-0.334,39.34486828240253],[-0.3336,39.34486828240253],[-0.3336,39.34386722866175],[-0.33340000000000003,39.34386722866175],[-0.33340000000000003,39.34426765015806],[-0.33320000000000005,39.34426765015806],[-0.33320000000000005,39.343667017913596],[-0.33380000000000004,39.343667017913596],[-0.33380000000000004,39.34326659641728],[-0.3346,39.34326659641728],[-0.3346,39.343066385669125],[-0.33440000000000003,39.343066385669125],[-0.33440000000000003,39.34286617492097],[-0.3346,39.34286617492097],[-0.3346,39.342465753424655],[-0.33440000000000003,39.342465753424655],[-0.33440000000000003,39.3422655426765],[-0.3336,39.3422655426765],[-0.3336,39.34186512118019],[-0.33340000000000003,39.34186512118019],[-0.33320000000000005,39.34106427818757],[-0.33280000000000004,39.34126448893572],[-0.33280000000000004,39.34166491043204],[-0.33320000000000005,39.34166491043204],[-0.33320000000000005,39.3422655426765],[-0.333,39.3422655426765],[-0.333,39.34186512118019],[-0.33280000000000004,39.34186512118019],[-0.33280000000000004,39.342465753424655],[-0.3326,39.342465753424655],[-0.3326,39.342065331928346],[-0.33240000000000003,39.342065331928346],[-0.3326,39.34166491043204],[-0.33220000000000005,39.34166491043204],[-0.33220000000000005,39.342065331928346],[-0.332,39.342065331928346],[-0.332,39.3422655426765],[-0.33160000000000006,39.342465753424655],[-0.33160000000000006,39.34266596417282],[-0.332,39.34266596417282],[-0.332,39.342465753424655],[-0.33220000000000005,39.342465753424655],[-0.33240000000000003,39.34286617492097],[-0.332,39.34286617492097],[-0.332,39.343066385669125],[-0.33180000000000004,39.343066385669125],[-0.33180000000000004,39.34286617492097],[-0.33140000000000003,39.34286617492097],[-0.33140000000000003,39.343066385669125],[-0.33180000000000004,39.34326659641728],[-0.33180000000000004,39.343466807165434],[-0.33140000000000003,39.343466807165434],[-0.33140000000000003,39.34386722866175],[-0.33240000000000003,39.34386722866175],[-0.33240000000000003,39.344067439409905],[-0.332,39.344067439409905],[-0.332,39.34446786090622],[-0.33240000000000003,39.34446786090622],[-0.3326,39.34486828240253],[-0.33280000000000004,39.34486828240253],[-0.33280000000000004,39.344668071654375],[-0.33340000000000003,39.344668071654375],[-0.33340000000000003,39.34486828240253],[-0.333,39.34486828240253],[-0.333,39.345068493150684],[-0.33240000000000003,39.345068493150684],[-0.33240000000000003,39.34486828240253],[-0.332,39.34486828240253],[-0.332,39.344668071654375],[-0.33180000000000004,39.344668071654375],[-0.33180000000000004,39.345068493150684],[-0.33160000000000006,39.345068493150684],[-0.33160000000000006,39.345669125395155],[-0.33140000000000003,39.345669125395155],[-0.33140000000000003,39.346069546891464]],[[-0.33320000000000005,39.346670179135934],[-0.333,39.34626975763962],[-0.33280000000000004,39.34626975763962],[-0.33280000000000004,39.346670179135934],[-0.33320000000000005,39.346670179135934]],[[-0.33320000000000005,39.34626975763962],[-0.33320000000000005,39.34586933614331],[-0.33280000000000004,39.34586933614331],[-0.333,39.34626975763962],[-0.33320000000000005,39.34626975763962]],[[-0.33340000000000003,39.34586933614331],[-0.33340000000000003,39.346069546891464],[-0.3336,39.346069546891464],[-0.3336,39.34586933614331],[-0.33340000000000003,39.34586933614331]],[[-0.3346,39.343466807165434],[-0.33440000000000003,39.343466807165434],[-0.33440000000000003,39.343667017913596],[-0.3346,39.343667017913596],[-0.3346,39.34386722866175],[-0.334,39.34386722866175],[-0.334,39.344067439409905],[-0.33420000000000005,39.344067439409905],[-0.33420000000000005,39.34446786090622],[-0.33380000000000004,39.34446786090622],[-0.33380000000000004,39.344668071654375],[-0.335,39.34486828240253],[-0.335,39.344668071654375],[-0.3346,39.344668071654375],[-0.3346,39.344067439409905],[-0.335,39.34426765015806],[-0.335,39.34446786090622],[-0.33520000000000005,39.34446786090622],[-0.33520000000000005,39.34386722866175],[-0.33540000000000003,39.34386722866175],[-0.33540000000000003,39.343466807165434],[-0.33520000000000005,39.343466807165434],[-0.33520000000000005,39.34326659641728],[-0.3346,39.34326659641728],[-0.3346,39.343466807165434]],[[-0.3346,39.3422655426765],[-0.33480000000000004,39.34186512118019],[-0.3346,39.34186512118019],[-0.3346,39.34166491043204],[-0.33420000000000005,39.34166491043204],[-0.334,39.342065331928346],[-0.33440000000000003,39.342065331928346],[-0.33440000000000003,39.3422655426765],[-0.3346,39.3422655426765]],[[-0.33120000000000005,39.345068493150684],[-0.331,39.345068493150684],[-0.331,39.34526870389884],[-0.33120000000000005,39.34526870389884],[-0.33120000000000005,39.345068493150684]],[[-0.33,39.34526870389884],[-0.33020000000000005,39.34526870389884],[-0.33020000000000005,39.345068493150684],[-0.33,39.345068493150684],[-0.33,39.344668071654375],[-0.3304,39.344668071654375],[-0.3304,39.345068493150684],[-0.33080000000000004,39.345068493150684],[-0.33080000000000004,39.34446786090622],[-0.32960000000000006,39.34446786090622],[-0.32960000000000006,39.34526870389884],[-0.32920000000000005,39.345468914647],[-0.32920000000000005,39.345068493150684],[-0.329,39.345068493150684],[-0.329,39.345669125395155],[-0.32880000000000004,39.345669125395155],[-0.32880000000000004,39.34586933614331],[-0.32780000000000004,39.34586933614331],[-0.32780000000000004,39.345669125395155],[-0.3274,39.345669125395155],[-0.3274,39.346069546891464],[-0.32820000000000005,39.346069546891464],[-0.32820000000000005,39.34646996838778],[-0.328,39.34646996838778],[-0.328,39.34687038988409],[-0.32780000000000004,39.34687038988409],[-0.32780000000000004,39.34707060063224],[-0.32860000000000006,39.34707060063224],[-0.32860000000000006,39.34687038988409],[-0.32820000000000005,39.34687038988409],[-0.32820000000000005,39.346670179135934],[-0.32860000000000006,39.346670179135934],[-0.32860000000000006,39.34646996838778],[-0.32880000000000004,39.34646996838778],[-0.32880000000000004,39.34687038988409],[-0.32920000000000005,39.34707060063224],[-0.32920000000000005,39.3472708113804],[-0.32980000000000004,39.3472708113804],[-0.32980000000000004,39.34707060063224],[-0.32960000000000006,39.34707060063224],[-0.32960000000000006,39.34646996838778],[-0.32920000000000005,39.34646996838778],[-0.32920000000000005,39.34626975763962],[-0.329,39.34626975763962],[-0.329,39.34586933614331],[-0.32920000000000005,39.34586933614331],[-0.32920000000000005,39.346069546891464],[-0.32960000000000006,39.346069546891464],[-0.32960000000000006,39.34586933614331],[-0.33,39.345669125395155],[-0.33,39.34526870389884]],[[-0.33120000000000005,39.34446786090622],[-0.33120000000000005,39.344668071654375],[-0.33160000000000006,39.344668071654375],[-0.33160000000000006,39.34426765015806],[-0.33140000000000003,39.34426765015806],[-0.33120000000000005,39.34386722866175],[-0.331,39.34386722866175],[-0.331,39.343466807165434],[-0.33080000000000004,39.343466807165434],[-0.33060000000000006,39.34426765015806],[-0.33080000000000004,39.34426765015806],[-0.33080000000000004,39.34446786090622],[-0.33120000000000005,39.34446786090622]],[[-0.3304,39.34767123287671],[-0.33020000000000005,39.34767123287671],[-0.33020000000000005,39.34807165437302],[-0.3304,39.34807165437302],[-0.3304,39.34767123287671]],[[-0.3284,39.348271865121184],[-0.3284,39.34847207586934],[-0.32860000000000006,39.34847207586934],[-0.32860000000000006,39.34867228661749],[-0.329,39.34867228661749],[-0.32920000000000005,39.3490727081138],[-0.3304,39.3490727081138],[-0.3304,39.34887249736565],[-0.33060000000000006,39.34887249736565],[-0.33060000000000006,39.34867228661749],[-0.3294,39.34847207586934],[-0.32960000000000006,39.34807165437302],[-0.32980000000000004,39.34807165437302],[-0.32980000000000004,39.34767123287671],[-0.32960000000000006,39.34767123287671],[-0.32960000000000006,39.34747102212856],[-0.329,39.34747102212856],[-0.329,39.34787144362487],[-0.32920000000000005,39.34787144362487],[-0.32920000000000005,39.34807165437302],[-0.32880000000000004,39.34807165437302],[-0.32860000000000006,39.34767123287671],[-0.32820000000000005,39.34767123287671],[-0.32820000000000005,39.34747102212856],[-0.3274,39.34767123287671],[-0.3274,39.34807165437302],[-0.32760000000000006,39.34807165437302],[-0.32760000000000006,39.348271865121184],[-0.32780000000000004,39.348271865121184],[-0.32780000000000004,39.34787144362487],[-0.32820000000000005,39.34787144362487],[-0.32820000000000005,39.348271865121184],[-0.3284,39.348271865121184]],[[-0.32880000000000004,39.34767123287671],[-0.32880000000000004,39.3472708113804],[-0.3284,39.3472708113804],[-0.3284,39.34747102212856],[-0.32880000000000004,39.34767123287671]],[[-0.32620000000000005,39.34847207586934],[-0.32560000000000006,39.34847207586934],[-0.32560000000000006,39.348271865121184],[-0.3254,39.348271865121184],[-0.3254,39.34867228661749],[-0.32560000000000006,39.34867228661749],[-0.32560000000000006,39.34887249736565],[-0.32580000000000003,39.34887249736565],[-0.32580000000000003,39.34867228661749],[-0.32620000000000005,39.34867228661749],[-0.32620000000000005,39.34847207586934]],[[-0.33340000000000003,39.3472708113804],[-0.33320000000000005,39.3472708113804],[-0.33320000000000005,39.34747102212856],[-0.33340000000000003,39.34747102212856],[-0.33340000000000003,39.3472708113804]],[[-0.3254,39.34707060063224],[-0.32560000000000006,39.34707060063224],[-0.32560000000000006,39.34646996838778],[-0.32520000000000004,39.34626975763962],[-0.32520000000000004,39.345669125395155],[-0.325,39.345669125395155],[-0.325,39.346670179135934],[-0.32480000000000003,39.346670179135934],[-0.32480000000000003,39.34687038988409],[-0.32520000000000004,39.34687038988409],[-0.32520000000000004,39.346670179135934],[-0.3254,39.346670179135934],[-0.3254,39.34707060063224]],[[-0.3264,39.346069546891464],[-0.32660000000000006,39.346069546891464],[-0.32660000000000006,39.34586933614331],[-0.327,39.345669125395155],[-0.32680000000000003,39.34526870389884],[-0.32660000000000006,39.34526870389884],[-0.3264,39.346069546891464]],[[-0.3264,39.345468914647],[-0.326,39.345468914647],[-0.326,39.345669125395155],[-0.3264,39.345669125395155],[-0.3264,39.345468914647]],[[-0.32880000000000004,39.345068493150684],[-0.3284,39.34486828240253],[-0.3284,39.345468914647],[-0.32860000000000006,39.345468914647],[-0.32880000000000004,39.345068493150684]],[[-0.329,39.34486828240253],[-0.329,39.344668071654375],[-0.32860000000000006,39.344668071654375],[-0.32860000000000006,39.34486828240253],[-0.329,39.34486828240253]],[[-0.3284,39.344668071654375],[-0.328,39.344668071654375],[-0.328,39.34486828240253],[-0.3284,39.34486828240253],[-0.3284,39.344668071654375]],[[-0.32720000000000005,39.345068493150684],[-0.327,39.345068493150684],[-0.327,39.34526870389884],[-0.32720000000000005,39.34526870389884],[-0.32720000000000005,39.345068493150684]],[[-0.32520000000000004,39.344067439409905],[-0.325,39.344067439409905],[-0.325,39.34426765015806],[-0.32460000000000006,39.34426765015806],[-0.32460000000000006,39.34446786090622],[-0.325,39.34446786090622],[-0.325,39.34486828240253],[-0.32560000000000006,39.34486828240253],[-0.32560000000000006,39.345068493150684],[-0.326,39.345068493150684],[-0.326,39.34526870389884],[-0.32620000000000005,39.34526870389884],[-0.32620000000000005,39.345068493150684],[-0.32660000000000006,39.345068493150684],[-0.32660000000000006,39.34486828240253],[-0.3264,39.34486828240253],[-0.32620000000000005,39.34446786090622],[-0.32580000000000003,39.34446786090622],[-0.32580000000000003,39.344067439409905],[-0.32560000000000006,39.344067439409905],[-0.32560000000000006,39.34426765015806],[-0.32520000000000004,39.34426765015806],[-0.32520000000000004,39.344067439409905]],[[-0.32620000000000005,39.344067439409905],[-0.326,39.344067439409905],[-0.326,39.34426765015806],[-0.32680000000000003,39.34446786090622],[-0.327,39.34486828240253],[-0.32720000000000005,39.34486828240253],[-0.32720000000000005,39.344668071654375],[-0.32780000000000004,39.344668071654375],[-0.32780000000000004,39.34446786090622],[-0.32820000000000005,39.34446786090622],[-0.32820000000000005,39.34426765015806],[-0.327,39.34446786090622],[-0.327,39.34426765015806],[-0.32660000000000006,39.34426765015806],[-0.32660000000000006,39.34386722866175],[-0.32620000000000005,39.34386722866175],[-0.32620000000000005,39.344067439409905]],[[-0.33580000000000004,39.344067439409905],[-0.336,39.344067439409905],[-0.336,39.34386722866175],[-0.3366,39.34386722866175],[-0.3366,39.343466807165434],[-0.33640000000000003,39.343466807165434],[-0.33640000000000003,39.343667017913596],[-0.33580000000000004,39.343667017913596],[-0.33580000000000004,39.34386722866175],[-0.3356,39.34386722866175],[-0.3356,39.34446786090622],[-0.33580000000000004,39.34446786090622],[-0.33580000000000004,39.344067439409905]],[[-0.33,39.344067439409905],[-0.33020000000000005,39.344067439409905],[-0.33020000000000005,39.34386722866175],[-0.32980000000000004,39.34386722866175],[-0.32980000000000004,39.34426765015806],[-0.33,39.34426765015806],[-0.33,39.344067439409905]],[[-0.32880000000000004,39.344067439409905],[-0.32860000000000006,39.344067439409905],[-0.32860000000000006,39.34426765015806],[-0.32880000000000004,39.34426765015806],[-0.32880000000000004,39.344067439409905]],[[-0.328,39.343667017913596],[-0.32760000000000006,39.343667017913596],[-0.32760000000000006,39.343466807165434],[-0.32720000000000005,39.343466807165434],[-0.32720000000000005,39.34386722866175],[-0.32780000000000004,39.34386722866175],[-0.32780000000000004,39.344067439409905],[-0.32820000000000005,39.344067439409905],[-0.328,39.343667017913596]],[[-0.33880000000000005,39.343667017913596],[-0.3386,39.343667017913596],[-0.3386,39.34386722866175],[-0.33880000000000005,39.34386722866175],[-0.33880000000000005,39.343667017913596]],[[-0.339,39.34286617492097],[-0.3386,39.343066385669125],[-0.33840000000000003,39.343466807165434],[-0.33920000000000006,39.343466807165434],[-0.33920000000000006,39.343066385669125],[-0.339,39.343066385669125],[-0.339,39.34286617492097]],[[-0.33020000000000005,39.343066385669125],[-0.3304,39.343066385669125],[-0.3304,39.34326659641728],[-0.331,39.34326659641728],[-0.331,39.343066385669125],[-0.33060000000000006,39.343066385669125],[-0.33060000000000006,39.34286617492097],[-0.33020000000000005,39.34286617492097],[-0.33020000000000005,39.343066385669125]],[[-0.33140000000000003,39.3422655426765],[-0.33160000000000006,39.3422655426765],[-0.33160000000000006,39.34166491043204],[-0.33120000000000005,39.34166491043204],[-0.33120000000000005,39.342065331928346],[-0.331,39.342065331928346],[-0.331,39.34286617492097],[-0.33140000000000003,39.34266596417282],[-0.33140000000000003,39.3422655426765]],[[-0.33080000000000004,39.342465753424655],[-0.33060000000000006,39.342465753424655],[-0.33060000000000006,39.34266596417282],[-0.33080000000000004,39.34266596417282],[-0.33080000000000004,39.342465753424655]],[[-0.338,39.3422655426765],[-0.33740000000000003,39.3422655426765],[-0.33740000000000003,39.342465753424655],[-0.338,39.342465753424655],[-0.338,39.3422655426765]],[[-0.3386,39.34186512118019],[-0.3386,39.3422655426765],[-0.33880000000000005,39.3422655426765],[-0.33880000000000005,39.34186512118019],[-0.3386,39.34186512118019]],[[-0.33980000000000005,39.34186512118019],[-0.33980000000000005,39.34166491043204],[-0.33940000000000003,39.34166491043204],[-0.33940000000000003,39.34106427818757],[-0.33920000000000006,39.34106427818757],[-0.33920000000000006,39.34086406743941],[-0.33880000000000005,39.34086406743941],[-0.3386,39.34166491043204],[-0.33880000000000005,39.34166491043204],[-0.33880000000000005,39.34186512118019],[-0.33980000000000005,39.34186512118019]],[[-0.33620000000000005,39.34086406743941],[-0.33620000000000005,39.34066385669126],[-0.336,39.34066385669126],[-0.336,39.34086406743941],[-0.33540000000000003,39.34086406743941],[-0.33540000000000003,39.34126448893572],[-0.33620000000000005,39.34126448893572],[-0.33620000000000005,39.341464699683875],[-0.3366,39.341464699683875],[-0.3366,39.34166491043204],[-0.33620000000000005,39.34166491043204],[-0.33620000000000005,39.342065331928346],[-0.33640000000000003,39.342065331928346],[-0.33640000000000003,39.3422655426765],[-0.337,39.3422655426765],[-0.337,39.342065331928346],[-0.33740000000000003,39.342065331928346],[-0.33740000000000003,39.34186512118019],[-0.3376,39.34186512118019],[-0.3376,39.341464699683875],[-0.338,39.341464699683875],[-0.338,39.34126448893572],[-0.33780000000000004,39.34126448893572],[-0.33780000000000004,39.34106427818757],[-0.338,39.34106427818757],[-0.33780000000000004,39.34066385669126],[-0.3376,39.34066385669126],[-0.3376,39.34086406743941],[-0.33720000000000006,39.34106427818757],[-0.33720000000000006,39.341464699683875],[-0.33740000000000003,39.341464699683875],[-0.33740000000000003,39.34166491043204],[-0.337,39.34166491043204],[-0.337,39.341464699683875],[-0.33680000000000004,39.341464699683875],[-0.33680000000000004,39.34086406743941],[-0.33620000000000005,39.34086406743941]],[[-0.338,39.34066385669126],[-0.338,39.33986301369863],[-0.33780000000000004,39.33986301369863],[-0.33780000000000004,39.34026343519494],[-0.3376,39.34026343519494],[-0.3376,39.340463645943096],[-0.338,39.34066385669126]],[[-0.33780000000000004,39.33966280295047],[-0.3376,39.33966280295047],[-0.3376,39.33946259220232],[-0.33740000000000003,39.33946259220232],[-0.33740000000000003,39.33966280295047],[-0.3366,39.33946259220232],[-0.3366,39.33986301369863],[-0.33720000000000006,39.33986301369863],[-0.33720000000000006,39.34006322444679],[-0.33740000000000003,39.34006322444679],[-0.33740000000000003,39.33986301369863],[-0.33780000000000004,39.33986301369863],[-0.33780000000000004,39.33966280295047]],[[-0.336,39.34186512118019],[-0.33580000000000004,39.34186512118019],[-0.33580000000000004,39.342065331928346],[-0.336,39.342065331928346],[-0.336,39.34186512118019]],[[-0.33520000000000005,39.34166491043204],[-0.33540000000000003,39.34166491043204],[-0.33540000000000003,39.341464699683875],[-0.335,39.341464699683875],[-0.335,39.342065331928346],[-0.33520000000000005,39.342065331928346],[-0.33520000000000005,39.34166491043204]],[[-0.3326,39.34126448893572],[-0.3326,39.340463645943096],[-0.33240000000000003,39.340463645943096],[-0.33240000000000003,39.34066385669126],[-0.33220000000000005,39.34066385669126],[-0.33220000000000005,39.34106427818757],[-0.33180000000000004,39.34126448893572],[-0.33180000000000004,39.34166491043204],[-0.332,39.34166491043204],[-0.33220000000000005,39.34126448893572],[-0.3326,39.34126448893572]],[[-0.333,39.340463645943096],[-0.333,39.34026343519494],[-0.3326,39.34026343519494],[-0.3326,39.340463645943096],[-0.333,39.340463645943096]],[[-0.334,39.341464699683875],[-0.334,39.34126448893572],[-0.33440000000000003,39.34126448893572],[-0.33440000000000003,39.34086406743941],[-0.334,39.34086406743941],[-0.334,39.34106427818757],[-0.33380000000000004,39.34106427818757],[-0.33380000000000004,39.341464699683875],[-0.334,39.341464699683875]],[[-0.3346,39.34086406743941],[-0.3346,39.34066385669126],[-0.33440000000000003,39.34066385669126],[-0.33440000000000003,39.34086406743941],[-0.3346,39.34086406743941]],[[-0.33120000000000005,39.341464699683875],[-0.33140000000000003,39.341464699683875],[-0.33140000000000003,39.34126448893572],[-0.33120000000000005,39.34126448893572],[-0.33120000000000005,39.341464699683875]],[[-0.33120000000000005,39.34106427818757],[-0.33140000000000003,39.34106427818757],[-0.33140000000000003,39.34086406743941],[-0.331,39.34086406743941],[-0.331,39.34126448893572],[-0.33120000000000005,39.34126448893572],[-0.33120000000000005,39.34106427818757]],[[-0.33520000000000005,39.34086406743941],[-0.335,39.34086406743941],[-0.335,39.34066385669126],[-0.33480000000000004,39.34066385669126],[-0.33480000000000004,39.34106427818757],[-0.33520000000000005,39.34106427818757],[-0.33520000000000005,39.34086406743941]],[[-0.3386,39.34066385669126],[-0.33820000000000006,39.34066385669126],[-0.33820000000000006,39.34086406743941],[-0.3386,39.34086406743941],[-0.3386,39.34066385669126]],[[-0.33380000000000004,39.34066385669126],[-0.3336,39.34066385669126],[-0.3336,39.340463645943096],[-0.33340000000000003,39.340463645943096],[-0.33340000000000003,39.34086406743941],[-0.33380000000000004,39.34086406743941],[-0.33380000000000004,39.34066385669126]],[[-0.341,39.34026343519494],[-0.34120000000000006,39.34026343519494],[-0.341,39.33986301369863],[-0.3406,39.33986301369863],[-0.3406,39.33966280295047],[-0.34,39.33966280295047],[-0.34,39.33986301369863],[-0.339,39.33986301369863],[-0.339,39.34066385669126],[-0.33980000000000005,39.340463645943096],[-0.33980000000000005,39.34006322444679],[-0.3406,39.34006322444679],[-0.34080000000000005,39.340463645943096],[-0.341,39.340463645943096],[-0.341,39.34026343519494]],[[-0.34,39.33946259220232],[-0.33980000000000005,39.33946259220232],[-0.33980000000000005,39.33966280295047],[-0.34,39.33966280295047],[-0.34,39.33946259220232]],[[-0.33680000000000004,39.34026343519494],[-0.3366,39.34026343519494],[-0.3366,39.34006322444679],[-0.33620000000000005,39.34006322444679],[-0.33620000000000005,39.340463645943096],[-0.33680000000000004,39.340463645943096],[-0.33680000000000004,39.34026343519494]],[[-0.33220000000000005,39.33966280295047],[-0.332,39.33966280295047],[-0.332,39.34006322444679],[-0.33220000000000005,39.34006322444679],[-0.33220000000000005,39.33966280295047]],[[-0.3386,39.33966280295047],[-0.33840000000000003,39.33966280295047],[-0.33840000000000003,39.33986301369863],[-0.3386,39.33986301369863],[-0.3386,39.33966280295047]],[[-0.34080000000000005,39.33926238145416],[-0.3406,39.33926238145416],[-0.3406,39.33946259220232],[-0.34080000000000005,39.33946259220232],[-0.34080000000000005,39.33926238145416]],[[-0.33880000000000005,39.33906217070601],[-0.339,39.33946259220232],[-0.33920000000000006,39.33946259220232],[-0.33920000000000006,39.33886195995785],[-0.33880000000000005,39.33886195995785],[-0.33880000000000005,39.33866174920969],[-0.3386,39.33866174920969],[-0.33840000000000003,39.33906217070601],[-0.33880000000000005,39.33906217070601]],[[-0.33940000000000003,39.33886195995785],[-0.33940000000000003,39.33866174920969],[-0.33920000000000006,39.33866174920969],[-0.33920000000000006,39.33886195995785],[-0.33940000000000003,39.33886195995785]],[[-0.338,39.33906217070601],[-0.338,39.33886195995785],[-0.33780000000000004,39.33886195995785],[-0.33780000000000004,39.33846153846154],[-0.3376,39.33846153846154],[-0.33740000000000003,39.33886195995785],[-0.33780000000000004,39.33906217070601],[-0.33780000000000004,39.33926238145416],[-0.33840000000000003,39.33926238145416],[-0.33840000000000003,39.33906217070601],[-0.338,39.33906217070601]],[[-0.338,39.33846153846154],[-0.338,39.33826132771338],[-0.33820000000000006,39.33826132771338],[-0.33820000000000006,39.33806111696523],[-0.338,39.33806111696523],[-0.338,39.33766069546891],[-0.337,39.33766069546891],[-0.337,39.337860906217074],[-0.33780000000000004,39.33806111696523],[-0.33780000000000004,39.33846153846154],[-0.338,39.33846153846154]],[[-0.3376,39.33826132771338],[-0.33720000000000006,39.33826132771338],[-0.33720000000000006,39.33846153846154],[-0.3376,39.33846153846154],[-0.3376,39.33826132771338]],[[-0.341,39.33926238145416],[-0.34120000000000006,39.33926238145416],[-0.34120000000000006,39.33886195995785],[-0.34140000000000004,39.33886195995785],[-0.34140000000000004,39.33866174920969],[-0.34120000000000006,39.33866174920969],[-0.34120000000000006,39.33846153846154],[-0.34080000000000005,39.33846153846154],[-0.34080000000000005,39.33826132771338],[-0.34040000000000004,39.33826132771338],[-0.34040000000000004,39.33866174920969],[-0.34080000000000005,39.33866174920969],[-0.34080000000000005,39.33886195995785],[-0.341,39.33886195995785],[-0.341,39.33926238145416]],[[-0.33980000000000005,39.33886195995785],[-0.3396,39.33886195995785],[-0.3396,39.33906217070601],[-0.33980000000000005,39.33906217070601],[-0.33980000000000005,39.33886195995785]],[[-0.334,39.33886195995785],[-0.33380000000000004,39.33886195995785],[-0.33380000000000004,39.33906217070601],[-0.334,39.33906217070601],[-0.334,39.33886195995785]],[[-0.33880000000000005,39.33806111696523],[-0.3386,39.33806111696523],[-0.3386,39.33826132771338],[-0.33880000000000005,39.33826132771338],[-0.33880000000000005,39.33806111696523]],[[-0.33680000000000004,39.33806111696523],[-0.33640000000000003,39.33806111696523],[-0.33640000000000003,39.33826132771338],[-0.33680000000000004,39.33826132771338],[-0.33680000000000004,39.33806111696523]],[[-0.341,39.33806111696523],[-0.34140000000000004,39.33806111696523],[-0.34140000000000004,39.337860906217074],[-0.341,39.337860906217074],[-0.341,39.33806111696523]],[[-0.341,39.33746048472076],[-0.3406,39.33746048472076],[-0.3406,39.3372602739726],[-0.34040000000000004,39.3372602739726],[-0.34040000000000004,39.33766069546891],[-0.3406,39.33766069546891],[-0.3406,39.337860906217074],[-0.341,39.337860906217074],[-0.341,39.33746048472076]],[[-0.34020000000000006,39.33746048472076],[-0.33940000000000003,39.33766069546891],[-0.33940000000000003,39.337860906217074],[-0.34020000000000006,39.337860906217074],[-0.34020000000000006,39.33746048472076]],[[-0.33940000000000003,39.3372602739726],[-0.3396,39.336859852476294],[-0.34020000000000006,39.336859852476294],[-0.34020000000000006,39.33665964172813],[-0.33880000000000005,39.33665964172813],[-0.339,39.336259220231824],[-0.3386,39.336259220231824],[-0.3386,39.33645943097998],[-0.33840000000000003,39.33645943097998],[-0.33840000000000003,39.336859852476294],[-0.33820000000000006,39.336859852476294],[-0.33820000000000006,39.3372602739726],[-0.33840000000000003,39.3372602739726],[-0.33840000000000003,39.33706006322445],[-0.33880000000000005,39.33706006322445],[-0.33880000000000005,39.337860906217074],[-0.33920000000000006,39.337860906217074],[-0.33920000000000006,39.3372602739726],[-0.33940000000000003,39.3372602739726]],[[-0.34020000000000006,39.33706006322445],[-0.3406,39.33706006322445],[-0.3406,39.336859852476294],[-0.34020000000000006,39.336859852476294],[-0.34020000000000006,39.33706006322445]],[[-0.33920000000000006,39.336259220231824],[-0.33920000000000006,39.33605900948367],[-0.339,39.33605900948367],[-0.339,39.336259220231824],[-0.33920000000000006,39.336259220231824]],[[-0.3366,39.3372602739726],[-0.33640000000000003,39.3372602739726],[-0.33640000000000003,39.337860906217074],[-0.3366,39.337860906217074],[-0.33680000000000004,39.33706006322445],[-0.3366,39.33706006322445],[-0.3366,39.3372602739726]],[[-0.334,39.33766069546891],[-0.33380000000000004,39.33766069546891],[-0.33380000000000004,39.337860906217074],[-0.334,39.337860906217074],[-0.334,39.33766069546891]],[[-0.342,39.33746048472076],[-0.3416,39.33746048472076],[-0.3416,39.33766069546891],[-0.342,39.33766069546891],[-0.342,39.33746048472076]],[[-0.33620000000000005,39.33746048472076],[-0.33580000000000004,39.33746048472076],[-0.33580000000000004,39.33766069546891],[-0.33620000000000005,39.33766069546891],[-0.33620000000000005,39.33746048472076]],[[-0.3376,39.33706006322445],[-0.33740000000000003,39.33706006322445],[-0.33740000000000003,39.33746048472076],[-0.3376,39.33746048472076],[-0.3376,39.33706006322445]],[[-0.33520000000000005,39.3372602739726],[-0.335,39.3372602739726],[-0.335,39.33746048472076],[-0.33520000000000005,39.33746048472076],[-0.33520000000000005,39.3372602739726]],[[-0.335,39.33605900948367],[-0.3346,39.33605900948367],[-0.3346,39.33665964172813],[-0.33480000000000004,39.33665964172813],[-0.33480000000000004,39.336859852476294],[-0.334,39.336859852476294],[-0.334,39.3372602739726],[-0.3346,39.3372602739726],[-0.3346,39.33706006322445],[-0.335,39.33706006322445],[-0.335,39.33605900948367]],[[-0.34500000000000003,39.33665964172813],[-0.34440000000000004,39.33665964172813],[-0.34440000000000004,39.336859852476294],[-0.3446,39.336859852476294],[-0.3446,39.33706006322445],[-0.34500000000000003,39.33706006322445],[-0.34500000000000003,39.33665964172813]],[[-0.338,39.336859852476294],[-0.33780000000000004,39.336859852476294],[-0.33780000000000004,39.33706006322445],[-0.338,39.33706006322445],[-0.338,39.336859852476294]],[[-0.338,39.336259220231824],[-0.3376,39.336259220231824],[-0.33740000000000003,39.33665964172813],[-0.338,39.33665964172813],[-0.338,39.336259220231824]],[[-0.33680000000000004,39.336259220231824],[-0.3366,39.336259220231824],[-0.3366,39.33645943097998],[-0.33680000000000004,39.33645943097998],[-0.33680000000000004,39.336259220231824]],[[-0.343,39.33605900948367],[-0.34280000000000005,39.33605900948367],[-0.34280000000000005,39.336259220231824],[-0.343,39.336259220231824],[-0.343,39.33605900948367]],[[-0.34040000000000004,39.33605900948367],[-0.34,39.33605900948367],[-0.34,39.336259220231824],[-0.34040000000000004,39.336259220231824],[-0.34040000000000004,39.33605900948367]],[[-0.33520000000000005,39.33605900948367],[-0.3356,39.336259220231824],[-0.33580000000000004,39.335858798735515],[-0.33520000000000005,39.335858798735515],[-0.33520000000000005,39.33605900948367]],[[-0.34080000000000005,39.335858798735515],[-0.3406,39.335858798735515],[-0.3406,39.33605900948367],[-0.34080000000000005,39.33605900948367],[-0.34080000000000005,39.335858798735515]],[[-0.3416,39.3354583772392],[-0.34140000000000004,39.3354583772392],[-0.34140000000000004,39.335858798735515],[-0.3416,39.335858798735515],[-0.3416,39.3354583772392]],[[-0.34,39.33565858798735],[-0.33980000000000005,39.33565858798735],[-0.33980000000000005,39.335858798735515],[-0.34,39.335858798735515],[-0.34,39.33565858798735]],[[-0.337,39.33485774499473],[-0.33680000000000004,39.33485774499473],[-0.33680000000000004,39.334657534246574],[-0.33640000000000003,39.334657534246574],[-0.3366,39.33505795574289],[-0.33680000000000004,39.33505795574289],[-0.33680000000000004,39.335858798735515],[-0.33720000000000006,39.335858798735515],[-0.33720000000000006,39.33565858798735],[-0.337,39.33565858798735],[-0.337,39.335258166491045],[-0.33720000000000006,39.335258166491045],[-0.337,39.33485774499473]],[[-0.33640000000000003,39.33445732349842],[-0.33620000000000005,39.33445732349842],[-0.33620000000000005,39.334657534246574],[-0.33640000000000003,39.334657534246574],[-0.33640000000000003,39.33445732349842]],[[-0.339,39.335258166491045],[-0.339,39.33505795574289],[-0.3386,39.33505795574289],[-0.3386,39.33565858798735],[-0.33880000000000005,39.33565858798735],[-0.33880000000000005,39.3354583772392],[-0.339,39.3354583772392],[-0.339,39.33565858798735],[-0.3396,39.33565858798735],[-0.33940000000000003,39.335258166491045],[-0.339,39.335258166491045]],[[-0.3396,39.335258166491045],[-0.3396,39.334657534246574],[-0.33940000000000003,39.334657534246574],[-0.33940000000000003,39.335258166491045],[-0.3396,39.335258166491045]],[[-0.34480000000000005,39.334257112750265],[-0.34440000000000004,39.334257112750265],[-0.34440000000000004,39.33445732349842],[-0.34480000000000005,39.33445732349842],[-0.34480000000000005,39.334257112750265]],[[-0.3436,39.334257112750265],[-0.3436,39.33445732349842],[-0.34380000000000005,39.33445732349842],[-0.34380000000000005,39.334257112750265],[-0.3436,39.334257112750265]],[[-0.34400000000000003,39.334257112750265],[-0.34400000000000003,39.33405690200211],[-0.34380000000000005,39.33405690200211],[-0.34380000000000005,39.334257112750265],[-0.34400000000000003,39.334257112750265]],[[-0.34020000000000006,39.33405690200211],[-0.34,39.33405690200211],[-0.34,39.334257112750265],[-0.34020000000000006,39.334257112750265],[-0.34020000000000006,39.33405690200211]],[[-0.34520000000000006,39.33345626975764],[-0.34480000000000005,39.33345626975764],[-0.34480000000000005,39.333656480505795],[-0.34520000000000006,39.33385669125395],[-0.34520000000000006,39.33405690200211],[-0.34540000000000004,39.33405690200211],[-0.34540000000000004,39.333656480505795],[-0.34520000000000006,39.333656480505795],[-0.34520000000000006,39.33345626975764]],[[-0.34480000000000005,39.33385669125395],[-0.3446,39.33385669125395],[-0.3446,39.333656480505795],[-0.34420000000000006,39.333656480505795],[-0.34420000000000006,39.33405690200211],[-0.34480000000000005,39.33405690200211],[-0.34480000000000005,39.33385669125395]],[[-0.33980000000000005,39.33385669125395],[-0.3396,39.33385669125395],[-0.3396,39.33405690200211],[-0.33980000000000005,39.33405690200211],[-0.33980000000000005,39.33385669125395]],[[-0.3462,39.333256059009486],[-0.3462,39.33345626975764],[-0.34640000000000004,39.33345626975764],[-0.34640000000000004,39.333256059009486],[-0.3462,39.333256059009486]],[[-0.3466,39.333256059009486],[-0.3466,39.33305584826133],[-0.34640000000000004,39.33305584826133],[-0.34640000000000004,39.333256059009486],[-0.3466,39.333256059009486]]]},"properties":{"area_sqm":1425381.8,"area_ha":142.54,"area_km2":1.4254,"backscatter_change_db":-4.81,"flood_confidence":0.201,"pixel_count":3729,"source":"Sentinel-1 RTC COG log-ratio \u0394\u03c3\u00b0 < \u22123 dB"}},{"type":"Feature","geometry":{"type":"Polygon","coordinates":[[[-0.34380000000000005,39.345068493150684],[-0.34340000000000004,39.345068493150684],[-0.34340000000000004,39.345468914647],[-0.34320000000000006,39.345468914647],[-0.34320000000000006,39.34586933614331],[-0.343,39.34586933614331],[-0.343,39.34626975763962],[-0.34280000000000005,39.34626975763962],[-0.34280000000000005,39.34646996838778],[-0.3426,39.34646996838778],[-0.3426,39.346670179135934],[-0.34240000000000004,39.346670179135934],[-0.34220000000000006,39.34707060063224],[-0.34140000000000004,39.3472708113804],[-0.3416,39.34687038988409],[-0.342,39.34687038988409],[-0.342,39.346670179135934],[-0.3416,39.346670179135934],[-0.3416,39.346069546891464],[-0.34120000000000006,39.346069546891464],[-0.34120000000000006,39.34626975763962],[-0.341,39.34626975763962],[-0.34120000000000006,39.345468914647],[-0.341,39.345468914647],[-0.34080000000000005,39.34586933614331],[-0.34040000000000004,39.34586933614331],[-0.34040000000000004,39.346069546891464],[-0.34020000000000006,39.346069546891464],[-0.34020000000000006,39.34586933614331],[-0.33980000000000005,39.34586933614331],[-0.33980000000000005,39.345669125395155],[-0.3396,39.345669125395155],[-0.3396,39.34526870389884],[-0.33880000000000005,39.34526870389884],[-0.33880000000000005,39.34446786090622],[-0.33920000000000006,39.34446786090622],[-0.33920000000000006,39.345068493150684],[-0.33940000000000003,39.345068493150684],[-0.33940000000000003,39.34486828240253],[-0.33980000000000005,39.34486828240253],[-0.34,39.344067439409905],[-0.34020000000000006,39.344067439409905],[-0.34020000000000006,39.34386722866175],[-0.3406,39.34386722866175],[-0.3406,39.344067439409905],[-0.341,39.344067439409905],[-0.341,39.34446786090622],[-0.3406,39.344668071654375],[-0.34080000000000005,39.345068493150684],[-0.341,39.345068493150684],[-0.341,39.344668071654375],[-0.34120000000000006,39.344668071654375],[-0.34140000000000004,39.345068493150684],[-0.34180000000000005,39.34486828240253],[-0.34180000000000005,39.344668071654375],[-0.34220000000000006,39.344668071654375],[-0.34220000000000006,39.345068493150684],[-0.34180000000000005,39.345068493150684],[-0.34180000000000005,39.345468914647],[-0.3416,39.345468914647],[-0.3416,39.345669125395155],[-0.34180000000000005,39.345669125395155],[-0.34180000000000005,39.346069546891464],[-0.34240000000000004,39.346069546891464],[-0.34240000000000004,39.345468914647],[-0.3426,39.345468914647],[-0.3426,39.34526870389884],[-0.343,39.34526870389884],[-0.343,39.345068493150684],[-0.34240000000000004,39.345068493150684],[-0.34240000000000004,39.344668071654375],[-0.34280000000000005,39.34446786090622],[-0.34280000000000005,39.344067439409905],[-0.343,39.344067439409905],[-0.343,39.34426765015806],[-0.34340000000000004,39.34426765015806],[-0.34340000000000004,39.34386722866175],[-0.34400000000000003,39.34386722866175],[-0.34400000000000003,39.344067439409905],[-0.34380000000000005,39.344067439409905],[-0.34380000000000005,39.344668071654375],[-0.3436,39.344668071654375],[-0.34380000000000005,39.345068493150684]],[[-0.34,39.345669125395155],[-0.34,39.345468914647],[-0.34020000000000006,39.345468914647],[-0.34020000000000006,39.34526870389884],[-0.33980000000000005,39.34526870389884],[-0.33980000000000005,39.345669125395155],[-0.34,39.345669125395155]],[[-0.34040000000000004,39.34526870389884],[-0.34040000000000004,39.345068493150684],[-0.34020000000000006,39.345068493150684],[-0.34020000000000006,39.34526870389884],[-0.34040000000000004,39.34526870389884]],[[-0.3406,39.34426765015806],[-0.34020000000000006,39.34426765015806],[-0.34020000000000006,39.344668071654375],[-0.3406,39.344668071654375],[-0.3406,39.34426765015806]],[[-0.34,39.344668071654375],[-0.34,39.34486828240253],[-0.34020000000000006,39.34486828240253],[-0.34020000000000006,39.344668071654375],[-0.34,39.344668071654375]],[[-0.34280000000000005,39.34486828240253],[-0.34320000000000006,39.344668071654375],[-0.34320000000000006,39.34446786090622],[-0.34280000000000005,39.34446786090622],[-0.34280000000000005,39.34486828240253]]]},"properties":{"area_sqm":57718.6,"area_ha":5.77,"area_km2":0.0577,"backscatter_change_db":-4.51,"flood_confidence":0.168,"pixel_count":151,"source":"Sentinel-1 RTC COG log-ratio \u0394\u03c3\u00b0 < \u22123 dB"}},{"type":"Feature","geometry":{"type":"Polygon","coordinates":[[[-0.3406,39.35067439409905],[-0.34080000000000005,39.35067439409905],[-0.34080000000000005,39.350874604847206],[-0.34040000000000004,39.350874604847206],[-0.34040000000000004,39.35107481559536],[-0.33980000000000005,39.35107481559536],[-0.3396,39.35067439409905],[-0.339,39.35067439409905],[-0.339,39.3504741833509],[-0.33880000000000005,39.3504741833509],[-0.33880000000000005,39.35067439409905],[-0.33840000000000003,39.35067439409905],[-0.33840000000000003,39.35007376185458],[-0.339,39.35007376185458],[-0.339,39.35027397260274],[-0.33920000000000006,39.35027397260274],[-0.33920000000000006,39.34967334035827],[-0.3396,39.34967334035827],[-0.3396,39.34947312961012],[-0.33980000000000005,39.34947312961012],[-0.33980000000000005,39.34987355110643],[-0.3396,39.34987355110643],[-0.33980000000000005,39.35027397260274],[-0.3396,39.35027397260274],[-0.3396,39.3504741833509],[-0.34,39.3504741833509],[-0.34,39.35027397260274],[-0.34020000000000006,39.35027397260274],[-0.34,39.34947312961012],[-0.3406,39.34947312961012],[-0.3406,39.34927291886196],[-0.341,39.34927291886196],[-0.341,39.34947312961012],[-0.34080000000000005,39.34947312961012],[-0.34080000000000005,39.35007376185458],[-0.3406,39.35007376185458],[-0.3406,39.35067439409905]],[[-0.33920000000000006,39.3504741833509],[-0.33940000000000003,39.3504741833509],[-0.33940000000000003,39.35027397260274],[-0.33920000000000006,39.35027397260274],[-0.33920000000000006,39.3504741833509]],[[-0.34,39.35067439409905],[-0.34020000000000006,39.35067439409905],[-0.34020000000000006,39.3504741833509],[-0.34,39.3504741833509],[-0.34,39.35067439409905]]]},"properties":{"area_sqm":20258.8,"area_ha":2.03,"area_km2":0.0203,"backscatter_change_db":-4.42,"flood_confidence":0.158,"pixel_count":53,"source":"Sentinel-1 RTC COG log-ratio \u0394\u03c3\u00b0 < \u22123 dB"}},{"type":"Feature","geometry":{"type":"Polygon","coordinates":[[[-0.33520000000000005,39.351875658587986],[-0.33520000000000005,39.35167544783983],[-0.33540000000000003,39.35167544783983],[-0.33540000000000003,39.35127502634352],[-0.3356,39.35127502634352],[-0.33540000000000003,39.352876712328765],[-0.33580000000000004,39.35267650158061],[-0.33580000000000004,39.3522760800843],[-0.33620000000000005,39.3522760800843],[-0.33620000000000005,39.35207586933614],[-0.33640000000000003,39.35207586933614],[-0.33640000000000003,39.3522760800843],[-0.33680000000000004,39.352476290832456],[-0.33680000000000004,39.35267650158061],[-0.33640000000000003,39.35267650158061],[-0.33640000000000003,39.35307692307693],[-0.3366,39.35307692307693],[-0.3366,39.35327713382508],[-0.33520000000000005,39.35327713382508],[-0.33520000000000005,39.35307692307693],[-0.3346,39.35307692307693],[-0.3346,39.35267650158061],[-0.33420000000000005,39.35267650158061],[-0.33420000000000005,39.3522760800843],[-0.33440000000000003,39.3522760800843],[-0.33440000000000003,39.352476290832456],[-0.33480000000000004,39.352476290832456],[-0.33480000000000004,39.3522760800843],[-0.335,39.3522760800843],[-0.335,39.351875658587986],[-0.33520000000000005,39.351875658587986]],[[-0.33620000000000005,39.352476290832456],[-0.336,39.352476290832456],[-0.336,39.35267650158061],[-0.33620000000000005,39.35267650158061],[-0.33620000000000005,39.352476290832456]]]},"properties":{"area_sqm":19876.6,"area_ha":1.99,"area_km2":0.0199,"backscatter_change_db":-4.7,"flood_confidence":0.188,"pixel_count":52,"source":"Sentinel-1 RTC COG log-ratio \u0394\u03c3\u00b0 < \u22123 dB"}},{"type":"Feature","geometry":{"type":"Polygon","coordinates":[[[-0.3406,39.352876712328765],[-0.34080000000000005,39.352876712328765],[-0.34080000000000005,39.35267650158061],[-0.34120000000000006,39.35267650158061],[-0.34120000000000006,39.352476290832456],[-0.341,39.352476290832456],[-0.341,39.351875658587986],[-0.34180000000000005,39.35207586933614],[-0.34180000000000005,39.35307692307693],[-0.3416,39.35307692307693],[-0.34180000000000005,39.353477344573236],[-0.341,39.353477344573236],[-0.34120000000000006,39.353877766069544],[-0.34020000000000006,39.353877766069544],[-0.34020000000000006,39.353477344573236],[-0.3406,39.353477344573236],[-0.3406,39.35327713382508],[-0.34,39.35327713382508],[-0.34,39.352876712328765],[-0.34040000000000004,39.352876712328765],[-0.34040000000000004,39.35267650158061],[-0.3406,39.35267650158061],[-0.3406,39.352876712328765]],[[-0.341,39.35327713382508],[-0.34080000000000005,39.35327713382508],[-0.34080000000000005,39.353477344573236],[-0.341,39.353477344573236],[-0.341,39.35327713382508]]]},"properties":{"area_sqm":19112.1,"area_ha":1.91,"area_km2":0.0191,"backscatter_change_db":-4.2,"flood_confidence":0.134,"pixel_count":50,"source":"Sentinel-1 RTC COG log-ratio \u0394\u03c3\u00b0 < \u22123 dB"}},{"type":"Feature","geometry":{"type":"Polygon","coordinates":[[[-0.32660000000000006,39.31003161222339],[-0.3264,39.31003161222339],[-0.3264,39.31023182297155],[-0.326,39.31003161222339],[-0.326,39.31043203371971],[-0.3264,39.31043203371971],[-0.3264,39.310832455216016],[-0.32620000000000005,39.310832455216016],[-0.326,39.31123287671233],[-0.32520000000000004,39.311433087460486],[-0.32520000000000004,39.31163329820864],[-0.32480000000000003,39.31163329820864],[-0.32480000000000003,39.31123287671233],[-0.3254,39.31123287671233],[-0.3254,39.31103266596418],[-0.325,39.31103266596418],[-0.325,39.310832455216016],[-0.3254,39.31063224446786],[-0.3254,39.31023182297155],[-0.325,39.31023182297155],[-0.32480000000000003,39.31063224446786],[-0.3244,39.31043203371971],[-0.3244,39.31023182297155],[-0.324,39.31023182297155],[-0.324,39.31063224446786],[-0.32420000000000004,39.31063224446786],[-0.32420000000000004,39.310832455216016],[-0.32360000000000005,39.310832455216016],[-0.32380000000000003,39.31003161222339],[-0.3234,39.31003161222339],[-0.32320000000000004,39.31043203371971],[-0.32280000000000003,39.31043203371971],[-0.32280000000000003,39.31023182297155],[-0.3224,39.31023182297155],[-0.3224,39.31043203371971],[-0.322,39.31043203371971],[-0.322,39.31023182297155],[-0.32160000000000005,39.31023182297155],[-0.32160000000000005,39.31043203371971],[-0.321,39.31043203371971],[-0.321,39.31023182297155],[-0.32060000000000005,39.31023182297155],[-0.32060000000000005,39.31043203371971],[-0.32020000000000004,39.31063224446786],[-0.32020000000000004,39.31003161222339],[-0.32,39.31003161222339],[-0.32020000000000004,39.30963119072708],[-0.31980000000000003,39.30943097997893],[-0.31980000000000003,39.3086301369863],[-0.32,39.3086301369863],[-0.32,39.30842992623815],[-0.3204,39.30822971548999],[-0.3204,39.30782929399368],[-0.32080000000000003,39.30782929399368],[-0.32080000000000003,39.30742887249737],[-0.32060000000000005,39.30742887249737],[-0.32060000000000005,39.30662802950474],[-0.3214,39.30642781875659],[-0.3214,39.30622760800843],[-0.32180000000000003,39.30622760800843],[-0.32180000000000003,39.30602739726027],[-0.32160000000000005,39.30602739726027],[-0.32160000000000005,39.30582718651212],[-0.32120000000000004,39.30582718651212],[-0.32120000000000004,39.305626975763964],[-0.32060000000000005,39.305626975763964],[-0.32060000000000005,39.30542676501581],[-0.3204,39.30542676501581],[-0.3204,39.30502634351949],[-0.32020000000000004,39.30502634351949],[-0.32020000000000004,39.30482613277134],[-0.31980000000000003,39.30482613277134],[-0.31980000000000003,39.304625922023185],[-0.32,39.304625922023185],[-0.32,39.30422550052687],[-0.31980000000000003,39.30422550052687],[-0.31980000000000003,39.304025289778714],[-0.32060000000000005,39.30382507903056],[-0.32060000000000005,39.303624868282405],[-0.321,39.30342465753425],[-0.321,39.30322444678609],[-0.32180000000000003,39.30322444678609],[-0.32180000000000003,39.30342465753425],[-0.32320000000000004,39.30342465753425],[-0.32320000000000004,39.303624868282405],[-0.32480000000000003,39.303624868282405],[-0.32480000000000003,39.30382507903056],[-0.32620000000000005,39.30382507903056],[-0.32620000000000005,39.304025289778714],[-0.32780000000000004,39.304025289778714],[-0.32780000000000004,39.30422550052687],[-0.328,39.30422550052687],[-0.328,39.304625922023185],[-0.32820000000000005,39.304625922023185],[-0.32820000000000005,39.30442571127503],[-0.32980000000000004,39.30442571127503],[-0.32980000000000004,39.30542676501581],[-0.33,39.30542676501581],[-0.33,39.30482613277134],[-0.33020000000000005,39.30482613277134],[-0.33020000000000005,39.304625922023185],[-0.33140000000000003,39.304625922023185],[-0.33140000000000003,39.30482613277134],[-0.33280000000000004,39.30482613277134],[-0.33280000000000004,39.30502634351949],[-0.33440000000000003,39.30502634351949],[-0.3346,39.30542676501581],[-0.33480000000000004,39.30542676501581],[-0.33480000000000004,39.305626975763964],[-0.33440000000000003,39.305626975763964],[-0.33440000000000003,39.30582718651212],[-0.3346,39.30582718651212],[-0.3346,39.30602739726027],[-0.33440000000000003,39.30602739726027],[-0.33440000000000003,39.3068282402529],[-0.33420000000000005,39.3068282402529],[-0.33440000000000003,39.30762908324552],[-0.334,39.30782929399368],[-0.334,39.30822971548999],[-0.33420000000000005,39.30822971548999],[-0.33420000000000005,39.3086301369863],[-0.334,39.3086301369863],[-0.334,39.30883034773446],[-0.33420000000000005,39.30883034773446],[-0.33420000000000005,39.30903055848261],[-0.334,39.30903055848261],[-0.334,39.31003161222339],[-0.33380000000000004,39.31003161222339],[-0.33380000000000004,39.310832455216016],[-0.334,39.310832455216016],[-0.334,39.31103266596418],[-0.33380000000000004,39.31103266596418],[-0.33380000000000004,39.311433087460486],[-0.3336,39.311433087460486],[-0.3336,39.31163329820864],[-0.33380000000000004,39.31163329820864],[-0.33380000000000004,39.31223393045311],[-0.3336,39.31223393045311],[-0.33380000000000004,39.31263435194942],[-0.3336,39.31263435194942],[-0.3336,39.313435194942045],[-0.33340000000000003,39.313435194942045],[-0.33340000000000003,39.314035827186515],[-0.3336,39.314035827186515],[-0.3336,39.314436248682824],[-0.33340000000000003,39.314436248682824],[-0.33340000000000003,39.31463645943098],[-0.333,39.314436248682824],[-0.333,39.31423603793467],[-0.33320000000000005,39.31423603793467],[-0.33320000000000005,39.31323498419389],[-0.33280000000000004,39.31323498419389],[-0.33280000000000004,39.3136354056902],[-0.33240000000000003,39.3136354056902],[-0.33240000000000003,39.313435194942045],[-0.33220000000000005,39.313435194942045],[-0.33220000000000005,39.3136354056902],[-0.33180000000000004,39.313835616438354],[-0.33180000000000004,39.314035827186515],[-0.33160000000000006,39.314035827186515],[-0.33160000000000006,39.3136354056902],[-0.33120000000000005,39.313435194942045],[-0.33120000000000005,39.313034773445736],[-0.33140000000000003,39.313034773445736],[-0.33140000000000003,39.312834562697574],[-0.33180000000000004,39.313034773445736],[-0.33180000000000004,39.312434141201265],[-0.33120000000000005,39.312434141201265],[-0.33140000000000003,39.31203371970496],[-0.331,39.31203371970496],[-0.331,39.313034773445736],[-0.33060000000000006,39.31323498419389],[-0.3304,39.312834562697574],[-0.33020000000000005,39.312834562697574],[-0.33020000000000005,39.312434141201265],[-0.33060000000000006,39.312434141201265],[-0.33060000000000006,39.31223393045311],[-0.33,39.31223393045311],[-0.33,39.31203371970496],[-0.32980000000000004,39.31203371970496],[-0.32980000000000004,39.31163329820864],[-0.32960000000000006,39.31163329820864],[-0.32960000000000006,39.31203371970496],[-0.32920000000000005,39.31223393045311],[-0.32920000000000005,39.31163329820864],[-0.329,39.31163329820864],[-0.329,39.31123287671233],[-0.32860000000000006,39.311433087460486],[-0.32860000000000006,39.31103266596418],[-0.3284,39.31103266596418],[-0.3284,39.31063224446786],[-0.32880000000000004,39.310832455216016],[-0.32880000000000004,39.31023182297155],[-0.32860000000000006,39.31023182297155],[-0.3284,39.309831401475236],[-0.32880000000000004,39.309831401475236],[-0.329,39.30943097997893],[-0.3294,39.30923076923077],[-0.3294,39.3086301369863],[-0.32920000000000005,39.3086301369863],[-0.32920000000000005,39.30822971548999],[-0.32960000000000006,39.30822971548999],[-0.32960000000000006,39.30802950474183],[-0.32920000000000005,39.30802950474183],[-0.3294,39.307228661749214],[-0.32960000000000006,39.307228661749214],[-0.32960000000000006,39.3068282402529],[-0.32920000000000005,39.3068282402529],[-0.32920000000000005,39.30702845100105],[-0.329,39.30702845100105],[-0.32880000000000004,39.30662802950474],[-0.32960000000000006,39.30662802950474],[-0.33,39.30582718651212],[-0.32960000000000006,39.30582718651212],[-0.32960000000000006,39.305626975763964],[-0.32920000000000005,39.305626975763964],[-0.32920000000000005,39.30582718651212],[-0.32860000000000006,39.30582718651212],[-0.32860000000000006,39.30602739726027],[-0.329,39.30602739726027],[-0.329,39.30622760800843],[-0.32920000000000005,39.30622760800843],[-0.32920000000000005,39.30642781875659],[-0.3284,39.30642781875659],[-0.3284,39.3068282402529],[-0.32820000000000005,39.3068282402529],[-0.32820000000000005,39.30702845100105],[-0.32880000000000004,39.30702845100105],[-0.32880000000000004,39.30782929399368],[-0.329,39.30782929399368],[-0.329,39.30822971548999],[-0.32860000000000006,39.30822971548999],[-0.32860000000000006,39.30842992623815],[-0.3284,39.30842992623815],[-0.3284,39.30903055848261],[-0.32820000000000005,39.30903055848261],[-0.32820000000000005,39.30822971548999],[-0.328,39.30822971548999],[-0.328,39.30842992623815],[-0.32760000000000006,39.30822971548999],[-0.3274,39.3086301369863],[-0.32660000000000006,39.3086301369863],[-0.32660000000000006,39.30883034773446],[-0.32760000000000006,39.30883034773446],[-0.3274,39.30923076923077],[-0.32720000000000005,39.30923076923077],[-0.32720000000000005,39.30903055848261],[-0.32680000000000003,39.30903055848261],[-0.32680000000000003,39.30943097997893],[-0.3264,39.30963119072708],[-0.32660000000000006,39.31003161222339]],[[-0.3326,39.313435194942045],[-0.3326,39.313034773445736],[-0.33220000000000005,39.313034773445736],[-0.33220000000000005,39.31323498419389],[-0.3326,39.313435194942045]],[[-0.33180000000000004,39.31203371970496],[-0.33180000000000004,39.31163329820864],[-0.33160000000000006,39.31163329820864],[-0.33140000000000003,39.31203371970496],[-0.33180000000000004,39.31203371970496]],[[-0.32920000000000005,39.30963119072708],[-0.3294,39.30963119072708],[-0.3294,39.30943097997893],[-0.32920000000000005,39.30943097997893],[-0.32920000000000005,39.30963119072708]],[[-0.33,39.30642781875659],[-0.33060000000000006,39.30642781875659],[-0.33060000000000006,39.30602739726027],[-0.33,39.30602739726027],[-0.33,39.30642781875659]],[[-0.32620000000000005,39.30883034773446],[-0.3264,39.30923076923077],[-0.32660000000000006,39.30923076923077],[-0.32660000000000006,39.30883034773446],[-0.32620000000000005,39.30883034773446]],[[-0.333,39.31263435194942],[-0.333,39.312834562697574],[-0.33320000000000005,39.312834562697574],[-0.33320000000000005,39.31263435194942],[-0.333,39.31263435194942]],[[-0.33220000000000005,39.312434141201265],[-0.33220000000000005,39.312834562697574],[-0.33280000000000004,39.312834562697574],[-0.3326,39.312434141201265],[-0.333,39.312434141201265],[-0.33320000000000005,39.31203371970496],[-0.33240000000000003,39.31203371970496],[-0.33240000000000003,39.311833508956795],[-0.33220000000000005,39.311833508956795],[-0.33220000000000005,39.31203371970496],[-0.332,39.31203371970496],[-0.332,39.312434141201265],[-0.33220000000000005,39.312434141201265]],[[-0.33020000000000005,39.31163329820864],[-0.33020000000000005,39.311833508956795],[-0.3304,39.311833508956795],[-0.3304,39.31163329820864],[-0.33020000000000005,39.31163329820864]],[[-0.33080000000000004,39.311433087460486],[-0.33080000000000004,39.31163329820864],[-0.33120000000000005,39.31163329820864],[-0.33120000000000005,39.31123287671233],[-0.33080000000000004,39.311433087460486]],[[-0.331,39.31103266596418],[-0.33080000000000004,39.31103266596418],[-0.33080000000000004,39.31123287671233],[-0.331,39.31123287671233],[-0.331,39.31103266596418]],[[-0.329,39.31043203371971],[-0.329,39.31063224446786],[-0.32920000000000005,39.31063224446786],[-0.32920000000000005,39.31043203371971],[-0.329,39.31043203371971]],[[-0.33020000000000005,39.31023182297155],[-0.33020000000000005,39.31043203371971],[-0.3304,39.31043203371971],[-0.3304,39.31023182297155],[-0.33020000000000005,39.31023182297155]],[[-0.3294,39.31043203371971],[-0.32980000000000004,39.31043203371971],[-0.32980000000000004,39.31023182297155],[-0.3294,39.31023182297155],[-0.3294,39.31043203371971]],[[-0.33,39.31023182297155],[-0.33,39.31003161222339],[-0.32980000000000004,39.31003161222339],[-0.32980000000000004,39.31023182297155],[-0.33,39.31023182297155]],[[-0.32560000000000006,39.31003161222339],[-0.32560000000000006,39.309831401475236],[-0.3254,39.309831401475236],[-0.3254,39.31003161222339],[-0.32560000000000006,39.31003161222339]],[[-0.3254,39.30943097997893],[-0.325,39.30943097997893],[-0.32520000000000004,39.309831401475236],[-0.3254,39.309831401475236],[-0.3254,39.30943097997893]],[[-0.3244,39.30903055848261],[-0.3244,39.30883034773446],[-0.32380000000000003,39.30883034773446],[-0.32380000000000003,39.30923076923077],[-0.324,39.30923076923077],[-0.324,39.30943097997893],[-0.32380000000000003,39.30943097997893],[-0.32380000000000003,39.309831401475236],[-0.32420000000000004,39.309831401475236],[-0.32420000000000004,39.31003161222339],[-0.3244,39.31003161222339],[-0.3244,39.30963119072708],[-0.32420000000000004,39.30963119072708],[-0.32420000000000004,39.30923076923077],[-0.32460000000000006,39.30923076923077],[-0.32460000000000006,39.30903055848261],[-0.3244,39.30903055848261]],[[-0.32380000000000003,39.30842992623815],[-0.32360000000000005,39.30842992623815],[-0.32360000000000005,39.30822971548999],[-0.32380000000000003,39.30822971548999],[-0.32380000000000003,39.30802950474183],[-0.32360000000000005,39.30802950474183],[-0.32360000000000005,39.30782929399368],[-0.32380000000000003,39.30782929399368],[-0.32380000000000003,39.3068282402529],[-0.32280000000000003,39.3068282402529],[-0.32280000000000003,39.30702845100105],[-0.3224,39.30702845100105],[-0.3224,39.307228661749214],[-0.322,39.307228661749214],[-0.322,39.30702845100105],[-0.32160000000000005,39.3068282402529],[-0.32160000000000005,39.30742887249737],[-0.32180000000000003,39.30742887249737],[-0.32180000000000003,39.30782929399368],[-0.32220000000000004,39.30782929399368],[-0.32220000000000004,39.30762908324552],[-0.3224,39.30762908324552],[-0.3224,39.30802950474183],[-0.32260000000000005,39.30802950474183],[-0.32260000000000005,39.307228661749214],[-0.32360000000000005,39.307228661749214],[-0.32360000000000005,39.30742887249737],[-0.32320000000000004,39.30742887249737],[-0.32320000000000004,39.30762908324552],[-0.3234,39.30762908324552],[-0.32320000000000004,39.30883034773446],[-0.3224,39.30923076923077],[-0.32260000000000005,39.30963119072708],[-0.323,39.30963119072708],[-0.323,39.30943097997893],[-0.3234,39.30923076923077],[-0.3234,39.30903055848261],[-0.32380000000000003,39.30883034773446],[-0.32380000000000003,39.30842992623815]],[[-0.32220000000000004,39.30802950474183],[-0.32220000000000004,39.30822971548999],[-0.3224,39.30822971548999],[-0.3224,39.30802950474183],[-0.32220000000000004,39.30802950474183]],[[-0.322,39.30822971548999],[-0.322,39.30883034773446],[-0.3224,39.30903055848261],[-0.3224,39.30842992623815],[-0.322,39.30822971548999]],[[-0.32280000000000003,39.30762908324552],[-0.32280000000000003,39.30782929399368],[-0.32320000000000004,39.30782929399368],[-0.32320000000000004,39.30762908324552],[-0.32280000000000003,39.30762908324552]],[[-0.32080000000000003,39.30883034773446],[-0.321,39.30923076923077],[-0.3214,39.30923076923077],[-0.32120000000000004,39.30963119072708],[-0.32160000000000005,39.30963119072708],[-0.32160000000000005,39.31003161222339],[-0.32180000000000003,39.31003161222339],[-0.32180000000000003,39.309831401475236],[-0.322,39.309831401475236],[-0.322,39.30943097997893],[-0.32160000000000005,39.30943097997893],[-0.32180000000000003,39.30903055848261],[-0.32160000000000005,39.30903055848261],[-0.32160000000000005,39.30883034773446],[-0.32120000000000004,39.30883034773446],[-0.32120000000000004,39.3086301369863],[-0.32080000000000003,39.30883034773446]],[[-0.326,39.30943097997893],[-0.326,39.30923076923077],[-0.32580000000000003,39.30923076923077],[-0.32580000000000003,39.30963119072708],[-0.32620000000000005,39.30963119072708],[-0.32620000000000005,39.30943097997893],[-0.326,39.30943097997893]],[[-0.331,39.30923076923077],[-0.331,39.30943097997893],[-0.33120000000000005,39.30943097997893],[-0.33120000000000005,39.30923076923077],[-0.331,39.30923076923077]],[[-0.32560000000000006,39.30883034773446],[-0.32560000000000006,39.30903055848261],[-0.32580000000000003,39.30903055848261],[-0.32580000000000003,39.30883034773446],[-0.32560000000000006,39.30883034773446]],[[-0.32480000000000003,39.3086301369863],[-0.32480000000000003,39.30903055848261],[-0.3254,39.30903055848261],[-0.3254,39.3086301369863],[-0.32480000000000003,39.3086301369863]],[[-0.32260000000000005,39.3086301369863],[-0.32260000000000005,39.30883034773446],[-0.32280000000000003,39.30883034773446],[-0.32280000000000003,39.3086301369863],[-0.32260000000000005,39.3086301369863]],[[-0.324,39.30822971548999],[-0.324,39.30842992623815],[-0.32420000000000004,39.30842992623815],[-0.32420000000000004,39.30822971548999],[-0.324,39.30822971548999]],[[-0.33,39.30762908324552],[-0.32980000000000004,39.30802950474183],[-0.33,39.30802950474183],[-0.33,39.30822971548999],[-0.3304,39.30822971548999],[-0.3304,39.30782929399368],[-0.33,39.30762908324552]],[[-0.32760000000000006,39.307228661749214],[-0.32760000000000006,39.30702845100105],[-0.32780000000000004,39.30702845100105],[-0.32780000000000004,39.30642781875659],[-0.32760000000000006,39.30642781875659],[-0.32760000000000006,39.3068282402529],[-0.32720000000000005,39.30702845100105],[-0.32720000000000005,39.307228661749214],[-0.327,39.307228661749214],[-0.32720000000000005,39.30762908324552],[-0.32660000000000006,39.30762908324552],[-0.32660000000000006,39.30802950474183],[-0.32720000000000005,39.30802950474183],[-0.32720000000000005,39.30782929399368],[-0.3274,39.30782929399368],[-0.3274,39.30802950474183],[-0.32780000000000004,39.30802950474183],[-0.32780000000000004,39.30782929399368],[-0.32820000000000005,39.30782929399368],[-0.32820000000000005,39.30762908324552],[-0.328,39.30762908324552],[-0.328,39.30742887249737],[-0.32760000000000006,39.307228661749214]],[[-0.32760000000000006,39.30582718651212],[-0.3274,39.30582718651212],[-0.3274,39.30542676501581],[-0.32720000000000005,39.30542676501581],[-0.32720000000000005,39.30522655426765],[-0.327,39.30522655426765],[-0.327,39.305626975763964],[-0.32660000000000006,39.305626975763964],[-0.32660000000000006,39.30582718651212],[-0.327,39.30602739726027],[-0.32680000000000003,39.30642781875659],[-0.32760000000000006,39.30642781875659],[-0.32760000000000006,39.30582718651212]],[[-0.32620000000000005,39.30642781875659],[-0.32620000000000005,39.30662802950474],[-0.32680000000000003,39.30662802950474],[-0.32680000000000003,39.30642781875659],[-0.32620000000000005,39.30642781875659]],[[-0.32660000000000006,39.30702845100105],[-0.32620000000000005,39.30702845100105],[-0.32620000000000005,39.3068282402529],[-0.326,39.3068282402529],[-0.326,39.307228661749214],[-0.32620000000000005,39.307228661749214],[-0.3264,39.30762908324552],[-0.32660000000000006,39.30762908324552],[-0.32660000000000006,39.30702845100105]],[[-0.3254,39.30602739726027],[-0.32480000000000003,39.30602739726027],[-0.32480000000000003,39.30642781875659],[-0.32460000000000006,39.30642781875659],[-0.32460000000000006,39.30662802950474],[-0.32480000000000003,39.30662802950474],[-0.32480000000000003,39.3068282402529],[-0.32460000000000006,39.3068282402529],[-0.32460000000000006,39.307228661749214],[-0.32480000000000003,39.307228661749214],[-0.32480000000000003,39.30742887249737],[-0.32520000000000004,39.30742887249737],[-0.32520000000000004,39.30702845100105],[-0.3254,39.30702845100105],[-0.3254,39.30602739726027]],[[-0.32560000000000006,39.30602739726027],[-0.32560000000000006,39.30582718651212],[-0.3254,39.30582718651212],[-0.3254,39.30602739726027],[-0.32560000000000006,39.30602739726027]],[[-0.328,39.30602739726027],[-0.328,39.30622760800843],[-0.32820000000000005,39.30622760800843],[-0.32820000000000005,39.30602739726027],[-0.328,39.30602739726027]],[[-0.3264,39.30602739726027],[-0.3264,39.30582718651212],[-0.326,39.30582718651212],[-0.326,39.30622760800843],[-0.3264,39.30602739726027]],[[-0.32460000000000006,39.30542676501581],[-0.3244,39.30542676501581],[-0.3244,39.30582718651212],[-0.32480000000000003,39.30582718651212],[-0.32460000000000006,39.30542676501581]],[[-0.325,39.305626975763964],[-0.325,39.30542676501581],[-0.32480000000000003,39.30542676501581],[-0.32480000000000003,39.305626975763964],[-0.325,39.305626975763964]],[[-0.32860000000000006,39.305626975763964],[-0.32860000000000006,39.30542676501581],[-0.3284,39.30542676501581],[-0.3284,39.305626975763964],[-0.32860000000000006,39.305626975763964]],[[-0.3284,39.30522655426765],[-0.32860000000000006,39.30522655426765],[-0.32860000000000006,39.30502634351949],[-0.32820000000000005,39.30502634351949],[-0.32820000000000005,39.30542676501581],[-0.3284,39.30542676501581],[-0.3284,39.30522655426765]],[[-0.32620000000000005,39.30522655426765],[-0.3264,39.30522655426765],[-0.3264,39.30502634351949],[-0.32620000000000005,39.30502634351949],[-0.32620000000000005,39.30522655426765]],[[-0.32660000000000006,39.30502634351949],[-0.32660000000000006,39.304625922023185],[-0.3264,39.304625922023185],[-0.3264,39.30502634351949],[-0.32660000000000006,39.30502634351949]],[[-0.32760000000000006,39.30482613277134],[-0.32760000000000006,39.30502634351949],[-0.32780000000000004,39.30502634351949],[-0.32780000000000004,39.30482613277134],[-0.32760000000000006,39.30482613277134]]]},"properties":{"area_sqm":791623.9,"area_ha":79.16,"area_km2":0.7916,"backscatter_change_db":-8.35,"flood_confidence":0.595,"pixel_count":2071,"source":"Sentinel-1 RTC COG log-ratio \u0394\u03c3\u00b0 < \u22123 dB"}},{"type":"Feature","geometry":{"type":"Polygon","coordinates":[[[-0.32720000000000005,39.31163329820864],[-0.32720000000000005,39.311833508956795],[-0.32680000000000003,39.311833508956795],[-0.327,39.311433087460486],[-0.32760000000000006,39.311433087460486],[-0.32760000000000006,39.31103266596418],[-0.3274,39.31103266596418],[-0.32760000000000006,39.31063224446786],[-0.3274,39.31063224446786],[-0.3274,39.31043203371971],[-0.32760000000000006,39.31043203371971],[-0.32760000000000006,39.31023182297155],[-0.32820000000000005,39.31023182297155],[-0.32820000000000005,39.31043203371971],[-0.32780000000000004,39.31043203371971],[-0.32780000000000004,39.310832455216016],[-0.328,39.310832455216016],[-0.328,39.31103266596418],[-0.3284,39.31103266596418],[-0.3284,39.31123287671233],[-0.328,39.311433087460486],[-0.328,39.31163329820864],[-0.32860000000000006,39.31163329820864],[-0.32860000000000006,39.31203371970496],[-0.3284,39.31203371970496],[-0.3284,39.31223393045311],[-0.32780000000000004,39.31223393045311],[-0.32780000000000004,39.312434141201265],[-0.32760000000000006,39.312434141201265],[-0.32760000000000006,39.312834562697574],[-0.32780000000000004,39.312834562697574],[-0.32780000000000004,39.31263435194942],[-0.3284,39.31263435194942],[-0.32860000000000006,39.31223393045311],[-0.32880000000000004,39.31223393045311],[-0.32880000000000004,39.312434141201265],[-0.32920000000000005,39.31223393045311],[-0.32920000000000005,39.312434141201265],[-0.32980000000000004,39.312434141201265],[-0.32980000000000004,39.312834562697574],[-0.3294,39.312834562697574],[-0.32920000000000005,39.31323498419389],[-0.33,39.313034773445736],[-0.33,39.31323498419389],[-0.33060000000000006,39.31323498419389],[-0.33060000000000006,39.313435194942045],[-0.33080000000000004,39.313435194942045],[-0.33080000000000004,39.313835616438354],[-0.33060000000000006,39.313835616438354],[-0.33060000000000006,39.314035827186515],[-0.33080000000000004,39.314035827186515],[-0.33080000000000004,39.314436248682824],[-0.33060000000000006,39.314436248682824],[-0.33060000000000006,39.31523709167545],[-0.32980000000000004,39.31523709167545],[-0.33,39.31563751317176],[-0.32960000000000006,39.31563751317176],[-0.32960000000000006,39.316037934668074],[-0.32980000000000004,39.316037934668074],[-0.32960000000000006,39.31643835616438],[-0.32980000000000004,39.31643835616438],[-0.32980000000000004,39.31663856691254],[-0.32920000000000005,39.31663856691254],[-0.32920000000000005,39.31643835616438],[-0.3294,39.31643835616438],[-0.3294,39.316037934668074],[-0.329,39.316037934668074],[-0.329,39.31623814541623],[-0.32880000000000004,39.31623814541623],[-0.32880000000000004,39.31583772391992],[-0.32920000000000005,39.31563751317176],[-0.32920000000000005,39.315036880927295],[-0.3294,39.315036880927295],[-0.3294,39.31483667017913],[-0.32980000000000004,39.31483667017913],[-0.32980000000000004,39.314436248682824],[-0.3294,39.314436248682824],[-0.3294,39.31463645943098],[-0.32920000000000005,39.31463645943098],[-0.32920000000000005,39.31423603793467],[-0.329,39.31423603793467],[-0.329,39.3136354056902],[-0.32860000000000006,39.3136354056902],[-0.32860000000000006,39.313435194942045],[-0.329,39.313435194942045],[-0.32880000000000004,39.313034773445736],[-0.3284,39.313034773445736],[-0.3284,39.3136354056902],[-0.328,39.3136354056902],[-0.328,39.313034773445736],[-0.32780000000000004,39.313034773445736],[-0.32780000000000004,39.3136354056902],[-0.3274,39.3136354056902],[-0.3274,39.313435194942045],[-0.32720000000000005,39.313435194942045],[-0.32720000000000005,39.313034773445736],[-0.32680000000000003,39.313034773445736],[-0.32680000000000003,39.31263435194942],[-0.3274,39.31263435194942],[-0.3274,39.31163329820864],[-0.32720000000000005,39.31163329820864]],[[-0.33,39.314436248682824],[-0.33,39.314035827186515],[-0.32980000000000004,39.314035827186515],[-0.32980000000000004,39.314436248682824],[-0.33,39.314436248682824]],[[-0.32960000000000006,39.31523709167545],[-0.3294,39.31523709167545],[-0.3294,39.315437302423604],[-0.32960000000000006,39.315437302423604],[-0.32960000000000006,39.31523709167545]],[[-0.3304,39.313435194942045],[-0.33020000000000005,39.313435194942045],[-0.33020000000000005,39.3136354056902],[-0.3304,39.3136354056902],[-0.3304,39.313435194942045]]]},"properties":{"area_sqm":72243.8,"area_ha":7.22,"area_km2":0.0722,"backscatter_change_db":-4.57,"flood_confidence":0.175,"pixel_count":189,"source":"Sentinel-1 RTC COG log-ratio \u0394\u03c3\u00b0 < \u22123 dB"}},{"type":"Feature","geometry":{"type":"Polygon","coordinates":[[[-0.326,39.31763962065332],[-0.326,39.31743940990516],[-0.32560000000000006,39.31723919915701],[-0.32560000000000006,39.3168387776607],[-0.3254,39.3168387776607],[-0.3254,39.31623814541623],[-0.32560000000000006,39.31623814541623],[-0.32560000000000006,39.316037934668074],[-0.32620000000000005,39.316037934668074],[-0.32620000000000005,39.31623814541623],[-0.3264,39.31623814541623],[-0.3264,39.31663856691254],[-0.327,39.31663856691254],[-0.327,39.3168387776607],[-0.328,39.3168387776607],[-0.328,39.317038988408854],[-0.3284,39.317038988408854],[-0.3284,39.31723919915701],[-0.32860000000000006,39.31723919915701],[-0.32860000000000006,39.31743940990516],[-0.32780000000000004,39.31743940990516],[-0.32780000000000004,39.31763962065332],[-0.32720000000000005,39.31763962065332],[-0.32720000000000005,39.31783983140148],[-0.32660000000000006,39.31783983140148],[-0.32660000000000006,39.31743940990516],[-0.327,39.31743940990516],[-0.327,39.31723919915701],[-0.32660000000000006,39.31723919915701],[-0.32660000000000006,39.3168387776607],[-0.326,39.3168387776607],[-0.326,39.31723919915701],[-0.3264,39.31723919915701],[-0.32620000000000005,39.31763962065332],[-0.326,39.31763962065332]]]},"properties":{"area_sqm":23699.0,"area_ha":2.37,"area_km2":0.0237,"backscatter_change_db":-4.75,"flood_confidence":0.194,"pixel_count":62,"source":"Sentinel-1 RTC COG log-ratio \u0394\u03c3\u00b0 < \u22123 dB"}},{"type":"Feature","geometry":{"type":"Polygon","coordinates":[[[-0.32880000000000004,39.31844046364594],[-0.3284,39.31824025289779],[-0.3284,39.31783983140148],[-0.329,39.31783983140148],[-0.329,39.31763962065332],[-0.32860000000000006,39.31763962065332],[-0.32860000000000006,39.31743940990516],[-0.329,39.31743940990516],[-0.329,39.31723919915701],[-0.32920000000000005,39.31723919915701],[-0.32920000000000005,39.31743940990516],[-0.32980000000000004,39.31743940990516],[-0.32980000000000004,39.31763962065332],[-0.33020000000000005,39.31763962065332],[-0.33020000000000005,39.31783983140148],[-0.33080000000000004,39.31783983140148],[-0.33080000000000004,39.31824025289779],[-0.33060000000000006,39.31824025289779],[-0.33060000000000006,39.31844046364594],[-0.33120000000000005,39.31844046364594],[-0.33120000000000005,39.31824025289779],[-0.33160000000000006,39.31824025289779],[-0.33180000000000004,39.318640674394096],[-0.33140000000000003,39.318640674394096],[-0.33140000000000003,39.31904109589041],[-0.331,39.31904109589041],[-0.33080000000000004,39.31944151738672],[-0.33020000000000005,39.31944151738672],[-0.33020000000000005,39.31904109589041],[-0.33080000000000004,39.31904109589041],[-0.33080000000000004,39.31884088514226],[-0.32980000000000004,39.31884088514226],[-0.32980000000000004,39.31904109589041],[-0.329,39.31884088514226],[-0.329,39.31904109589041],[-0.32860000000000006,39.31904109589041],[-0.32860000000000006,39.31884088514226],[-0.32880000000000004,39.31884088514226],[-0.32880000000000004,39.31844046364594]],[[-0.33020000000000005,39.31804004214963],[-0.33020000000000005,39.31824025289779],[-0.32980000000000004,39.31824025289779],[-0.32980000000000004,39.31844046364594],[-0.3304,39.31844046364594],[-0.3304,39.31804004214963],[-0.33020000000000005,39.31804004214963]],[[-0.32920000000000005,39.31804004214963],[-0.32920000000000005,39.31824025289779],[-0.329,39.31824025289779],[-0.329,39.31844046364594],[-0.3294,39.31844046364594],[-0.3294,39.31804004214963],[-0.32920000000000005,39.31804004214963]]]},"properties":{"area_sqm":32108.4,"area_ha":3.21,"area_km2":0.0321,"backscatter_change_db":-4.67,"flood_confidence":0.186,"pixel_count":84,"source":"Sentinel-1 RTC COG log-ratio \u0394\u03c3\u00b0 < \u22123 dB"}},{"type":"Feature","geometry":{"type":"Polygon","coordinates":[[[-0.32380000000000003,39.32404636459431],[-0.32380000000000003,39.324246575342464],[-0.3234,39.324246575342464],[-0.3234,39.323846153846155],[-0.323,39.323846153846155],[-0.323,39.323445732349846],[-0.3234,39.323445732349846],[-0.3234,39.323645943098],[-0.32360000000000005,39.323645943098],[-0.32360000000000005,39.323245521601685],[-0.32380000000000003,39.323245521601685],[-0.32380000000000003,39.32304531085353],[-0.32360000000000005,39.32304531085353],[-0.32360000000000005,39.32264488935722],[-0.32380000000000003,39.32264488935722],[-0.32380000000000003,39.322845100105376],[-0.32520000000000004,39.322845100105376],[-0.325,39.32244467860906],[-0.32520000000000004,39.32244467860906],[-0.3254,39.32204425711275],[-0.32580000000000003,39.32204425711275],[-0.32560000000000006,39.32244467860906],[-0.3254,39.32244467860906],[-0.32560000000000006,39.323245521601685],[-0.325,39.323245521601685],[-0.325,39.323445732349846],[-0.32480000000000003,39.323445732349846],[-0.32480000000000003,39.323245521601685],[-0.3244,39.323245521601685],[-0.3244,39.32304531085353],[-0.32420000000000004,39.32304531085353],[-0.32420000000000004,39.323245521601685],[-0.324,39.323245521601685],[-0.324,39.323445732349846],[-0.32420000000000004,39.323445732349846],[-0.32420000000000004,39.323846153846155],[-0.32460000000000006,39.323645943098],[-0.32460000000000006,39.323846153846155],[-0.325,39.323846153846155],[-0.325,39.32404636459431],[-0.3254,39.32404636459431],[-0.3254,39.323445732349846],[-0.32560000000000006,39.323445732349846],[-0.32560000000000006,39.323645943098],[-0.326,39.323645943098],[-0.326,39.323846153846155],[-0.3264,39.323846153846155],[-0.3264,39.323645943098],[-0.32680000000000003,39.323846153846155],[-0.32680000000000003,39.32404636459431],[-0.3264,39.32404636459431],[-0.3264,39.324246575342464],[-0.32620000000000005,39.324246575342464],[-0.32620000000000005,39.32404636459431],[-0.32580000000000003,39.32404636459431],[-0.32580000000000003,39.324246575342464],[-0.326,39.324246575342464],[-0.326,39.32464699683878],[-0.32580000000000003,39.32464699683878],[-0.32580000000000003,39.324446786090625],[-0.32520000000000004,39.324446786090625],[-0.32520000000000004,39.324246575342464],[-0.32480000000000003,39.324246575342464],[-0.32480000000000003,39.32404636459431],[-0.324,39.32404636459431],[-0.324,39.323645943098],[-0.32360000000000005,39.323846153846155],[-0.32360000000000005,39.32404636459431],[-0.32380000000000003,39.32404636459431]]]},"properties":{"area_sqm":27139.2,"area_ha":2.71,"area_km2":0.0271,"backscatter_change_db":-4.1,"flood_confidence":0.123,"pixel_count":71,"source":"Sentinel-1 RTC COG log-ratio \u0394\u03c3\u00b0 < \u22123 dB"}},{"type":"Feature","geometry":{"type":"Polygon","coordinates":[[[-0.325,39.325848261327714],[-0.325,39.32604847207587],[-0.32480000000000003,39.32604847207587],[-0.325,39.326448893572184],[-0.3254,39.326448893572184],[-0.3254,39.32604847207587],[-0.32620000000000005,39.32604847207587],[-0.32620000000000005,39.325848261327714],[-0.32660000000000006,39.325848261327714],[-0.32660000000000006,39.325447839831405],[-0.32680000000000003,39.325447839831405],[-0.32680000000000003,39.324847207586934],[-0.3264,39.324847207586934],[-0.32660000000000006,39.324446786090625],[-0.327,39.32464699683878],[-0.327,39.32504741833509],[-0.32760000000000006,39.32504741833509],[-0.32760000000000006,39.32524762908324],[-0.328,39.32524762908324],[-0.328,39.325447839831405],[-0.32780000000000004,39.325447839831405],[-0.32780000000000004,39.32564805057956],[-0.328,39.32564805057956],[-0.328,39.325848261327714],[-0.32780000000000004,39.325848261327714],[-0.32780000000000004,39.32624868282402],[-0.32760000000000006,39.32624868282402],[-0.32760000000000006,39.325848261327714],[-0.32720000000000005,39.32564805057956],[-0.32720000000000005,39.325848261327714],[-0.327,39.325848261327714],[-0.32680000000000003,39.32624868282402],[-0.326,39.32624868282402],[-0.326,39.326448893572184],[-0.32560000000000006,39.326448893572184],[-0.32560000000000006,39.32664910432034],[-0.3254,39.32664910432034],[-0.3254,39.32704952581665],[-0.32520000000000004,39.32704952581665],[-0.32520000000000004,39.32765015806112],[-0.32480000000000003,39.32765015806112],[-0.32480000000000003,39.32704952581665],[-0.325,39.32704952581665],[-0.325,39.32664910432034],[-0.32480000000000003,39.32664910432034],[-0.32480000000000003,39.326448893572184],[-0.32420000000000004,39.326448893572184],[-0.32420000000000004,39.32604847207587],[-0.32460000000000006,39.32624868282402],[-0.32460000000000006,39.325848261327714],[-0.325,39.325848261327714]]]},"properties":{"area_sqm":24845.8,"area_ha":2.48,"area_km2":0.0248,"backscatter_change_db":-4.06,"flood_confidence":0.118,"pixel_count":65,"source":"Sentinel-1 RTC COG log-ratio \u0394\u03c3\u00b0 < \u22123 dB"}},{"type":"Feature","geometry":{"type":"Polygon","coordinates":[[[-0.325,39.32885142255005],[-0.325,39.32845100105374],[-0.32460000000000006,39.32845100105374],[-0.32460000000000006,39.32885142255005],[-0.32420000000000004,39.3286512118019],[-0.3244,39.32825079030559],[-0.32460000000000006,39.32825079030559],[-0.32460000000000006,39.32805057955743],[-0.325,39.32805057955743],[-0.325,39.32785036880927],[-0.32520000000000004,39.32785036880927],[-0.32520000000000004,39.32805057955743],[-0.32580000000000003,39.32805057955743],[-0.32580000000000003,39.32845100105374],[-0.32620000000000005,39.32845100105374],[-0.326,39.32805057955743],[-0.32760000000000006,39.32805057955743],[-0.3274,39.32765015806112],[-0.32780000000000004,39.32765015806112],[-0.32780000000000004,39.32805057955743],[-0.328,39.32805057955743],[-0.328,39.32825079030559],[-0.327,39.32825079030559],[-0.327,39.32845100105374],[-0.3274,39.32845100105374],[-0.32720000000000005,39.32885142255005],[-0.327,39.32885142255005],[-0.327,39.32945205479452],[-0.3264,39.32945205479452],[-0.3264,39.32925184404637],[-0.326,39.32925184404637],[-0.326,39.32905163329821],[-0.32620000000000005,39.32905163329821],[-0.32620000000000005,39.3286512118019],[-0.326,39.3286512118019],[-0.32580000000000003,39.32905163329821],[-0.32560000000000006,39.32905163329821],[-0.32560000000000006,39.3286512118019],[-0.3254,39.3286512118019],[-0.3254,39.32885142255005],[-0.325,39.32885142255005]],[[-0.32660000000000006,39.32925184404637],[-0.32660000000000006,39.32885142255005],[-0.32680000000000003,39.32885142255005],[-0.32680000000000003,39.3286512118019],[-0.3264,39.3286512118019],[-0.3264,39.32925184404637],[-0.32660000000000006,39.32925184404637]]]},"properties":{"area_sqm":24463.5,"area_ha":2.45,"area_km2":0.0245,"backscatter_change_db":-4.28,"flood_confidence":0.142,"pixel_count":64,"source":"Sentinel-1 RTC COG log-ratio \u0394\u03c3\u00b0 < \u22123 dB"}},{"type":"Feature","geometry":{"type":"Polygon","coordinates":[[[-0.32920000000000005,39.33665964172813],[-0.32920000000000005,39.336259220231824],[-0.32960000000000006,39.336259220231824],[-0.32960000000000006,39.33645943097998],[-0.3294,39.33645943097998],[-0.3294,39.33665964172813],[-0.32960000000000006,39.33665964172813],[-0.3294,39.33746048472076],[-0.329,39.3372602739726],[-0.329,39.33746048472076],[-0.32880000000000004,39.33746048472076],[-0.32880000000000004,39.337860906217074],[-0.32860000000000006,39.337860906217074],[-0.32860000000000006,39.33806111696523],[-0.32820000000000005,39.33806111696523],[-0.32820000000000005,39.33826132771338],[-0.328,39.33826132771338],[-0.328,39.33766069546891],[-0.32720000000000005,39.337860906217074],[-0.32720000000000005,39.33826132771338],[-0.32660000000000006,39.33826132771338],[-0.32660000000000006,39.33806111696523],[-0.32580000000000003,39.33826132771338],[-0.32580000000000003,39.337860906217074],[-0.326,39.337860906217074],[-0.326,39.33766069546891],[-0.32620000000000005,39.33766069546891],[-0.3264,39.3372602739726],[-0.32660000000000006,39.3372602739726],[-0.32660000000000006,39.33665964172813],[-0.32720000000000005,39.33665964172813],[-0.32720000000000005,39.336859852476294],[-0.327,39.336859852476294],[-0.32720000000000005,39.3372602739726],[-0.327,39.3372602739726],[-0.327,39.33746048472076],[-0.3274,39.33746048472076],[-0.3274,39.3372602739726],[-0.32780000000000004,39.33706006322445],[-0.32780000000000004,39.33645943097998],[-0.3284,39.33645943097998],[-0.3284,39.33665964172813],[-0.32860000000000006,39.33665964172813],[-0.32860000000000006,39.336259220231824],[-0.32880000000000004,39.336259220231824],[-0.32880000000000004,39.33665964172813],[-0.32920000000000005,39.33665964172813]],[[-0.32680000000000003,39.33746048472076],[-0.32680000000000003,39.33766069546891],[-0.327,39.33766069546891],[-0.327,39.33746048472076],[-0.32680000000000003,39.33746048472076]],[[-0.32660000000000006,39.33766069546891],[-0.32660000000000006,39.337860906217074],[-0.32680000000000003,39.337860906217074],[-0.32680000000000003,39.33766069546891],[-0.32660000000000006,39.33766069546891]],[[-0.32820000000000005,39.336859852476294],[-0.328,39.336859852476294],[-0.328,39.33706006322445],[-0.32820000000000005,39.33706006322445],[-0.32820000000000005,39.336859852476294]]]},"properties":{"area_sqm":35548.5,"area_ha":3.55,"area_km2":0.0355,"backscatter_change_db":-4.59,"flood_confidence":0.176,"pixel_count":93,"source":"Sentinel-1 RTC COG log-ratio \u0394\u03c3\u00b0 < \u22123 dB"}},{"type":"Feature","geometry":{"type":"Polygon","coordinates":[[[-0.3124,39.30322444678609],[-0.3124,39.303024236037935],[-0.31200000000000006,39.303024236037935],[-0.31200000000000006,39.30282402528978],[-0.3118,39.30282402528978],[-0.3118,39.302623814541626],[-0.3114,39.302623814541626],[-0.3114,39.302423603793464],[-0.31120000000000003,39.302423603793464],[-0.31100000000000005,39.302023182297155],[-0.31160000000000004,39.302023182297155],[-0.31160000000000004,39.301822971549],[-0.3124,39.301822971549],[-0.3124,39.302023182297155],[-0.31360000000000005,39.302023182297155],[-0.3138,39.302423603793464],[-0.31400000000000006,39.302423603793464],[-0.31400000000000006,39.30222339304531],[-0.31520000000000004,39.30222339304531],[-0.31520000000000004,39.302423603793464],[-0.3168,39.302423603793464],[-0.3168,39.302623814541626],[-0.3174,39.302623814541626],[-0.3174,39.30282402528978],[-0.31700000000000006,39.30282402528978],[-0.31700000000000006,39.303024236037935],[-0.31620000000000004,39.303024236037935],[-0.31620000000000004,39.30342465753425],[-0.31600000000000006,39.30342465753425],[-0.31600000000000006,39.303624868282405],[-0.3158,39.303624868282405],[-0.3158,39.30342465753425],[-0.3154,39.30342465753425],[-0.3154,39.303624868282405],[-0.31460000000000005,39.303624868282405],[-0.31460000000000005,39.30342465753425],[-0.31400000000000006,39.30342465753425],[-0.31400000000000006,39.303624868282405],[-0.3138,39.303624868282405],[-0.3138,39.30342465753425],[-0.31320000000000003,39.30342465753425],[-0.31320000000000003,39.30322444678609],[-0.3124,39.30322444678609]],[[-0.3164,39.302623814541626],[-0.31600000000000006,39.302623814541626],[-0.31600000000000006,39.30282402528978],[-0.3164,39.30282402528978],[-0.3164,39.302623814541626]],[[-0.3124,39.302423603793464],[-0.31260000000000004,39.302423603793464],[-0.31260000000000004,39.302623814541626],[-0.3134,39.302623814541626],[-0.31320000000000003,39.30222339304531],[-0.3124,39.30222339304531],[-0.3124,39.302423603793464]]]},"properties":{"area_sqm":55807.4,"area_ha":5.58,"area_km2":0.0558,"backscatter_change_db":-8.05,"flood_confidence":0.561,"pixel_count":146,"source":"Sentinel-1 RTC COG log-ratio \u0394\u03c3\u00b0 < \u22123 dB"}},{"type":"Feature","geometry":{"type":"Polygon","coordinates":[[[-0.323,39.31223393045311],[-0.32280000000000003,39.311833508956795],[-0.32260000000000005,39.311833508956795],[-0.32260000000000005,39.311433087460486],[-0.32280000000000003,39.311433087460486],[-0.32280000000000003,39.31163329820864],[-0.32320000000000004,39.31163329820864],[-0.32320000000000004,39.31203371970496],[-0.3234,39.31203371970496],[-0.3234,39.31263435194942],[-0.323,39.312834562697574],[-0.323,39.313034773445736],[-0.3234,39.313034773445736],[-0.3234,39.312834562697574],[-0.32360000000000005,39.312834562697574],[-0.32360000000000005,39.313835616438354],[-0.3234,39.313835616438354],[-0.3234,39.31423603793467],[-0.32260000000000005,39.31423603793467],[-0.32260000000000005,39.313835616438354],[-0.3224,39.313835616438354],[-0.32260000000000005,39.313435194942045],[-0.32220000000000004,39.313435194942045],[-0.32220000000000004,39.313034773445736],[-0.322,39.313034773445736],[-0.322,39.31263435194942],[-0.3224,39.31263435194942],[-0.3224,39.31223393045311],[-0.323,39.31223393045311]],[[-0.32320000000000004,39.313435194942045],[-0.32280000000000003,39.313435194942045],[-0.32280000000000003,39.314035827186515],[-0.32320000000000004,39.314035827186515],[-0.32320000000000004,39.313435194942045]]]},"properties":{"area_sqm":21787.8,"area_ha":2.18,"area_km2":0.0218,"backscatter_change_db":-4.35,"flood_confidence":0.15,"pixel_count":57,"source":"Sentinel-1 RTC COG log-ratio \u0394\u03c3\u00b0 < \u22123 dB"}},{"type":"Feature","geometry":{"type":"Polygon","coordinates":[[[-0.32320000000000004,39.315437302423604],[-0.3234,39.315437302423604],[-0.3234,39.31483667017913],[-0.32260000000000005,39.315036880927295],[-0.32260000000000005,39.31483667017913],[-0.322,39.31483667017913],[-0.322,39.314436248682824],[-0.32320000000000004,39.31463645943098],[-0.3234,39.31423603793467],[-0.32380000000000003,39.31423603793467],[-0.32380000000000003,39.314035827186515],[-0.32420000000000004,39.314035827186515],[-0.32420000000000004,39.313835616438354],[-0.3244,39.313835616438354],[-0.3244,39.31423603793467],[-0.32420000000000004,39.31423603793467],[-0.32420000000000004,39.31483667017913],[-0.3244,39.31483667017913],[-0.3244,39.31523709167545],[-0.32460000000000006,39.31523709167545],[-0.32460000000000006,39.315437302423604],[-0.32420000000000004,39.31563751317176],[-0.32420000000000004,39.31583772391992],[-0.3234,39.316037934668074],[-0.3234,39.31643835616438],[-0.323,39.31643835616438],[-0.32280000000000003,39.316037934668074],[-0.323,39.316037934668074],[-0.323,39.31563751317176],[-0.32320000000000004,39.31563751317176],[-0.32320000000000004,39.315437302423604]],[[-0.32420000000000004,39.315036880927295],[-0.324,39.315036880927295],[-0.324,39.31483667017913],[-0.32360000000000005,39.31483667017913],[-0.324,39.31563751317176],[-0.32420000000000004,39.31563751317176],[-0.32420000000000004,39.315036880927295]],[[-0.324,39.314436248682824],[-0.32380000000000003,39.314436248682824],[-0.32380000000000003,39.31463645943098],[-0.324,39.31463645943098],[-0.324,39.314436248682824]]]},"properties":{"area_sqm":22170.1,"area_ha":2.22,"area_km2":0.0222,"backscatter_change_db":-4.52,"flood_confidence":0.169,"pixel_count":58,"source":"Sentinel-1 RTC COG log-ratio \u0394\u03c3\u00b0 < \u22123 dB"}},{"type":"Feature","geometry":{"type":"Polygon","coordinates":[[[-0.31420000000000003,39.320242360379346],[-0.31400000000000006,39.31984193888304],[-0.31360000000000005,39.31984193888304],[-0.31360000000000005,39.31904109589041],[-0.3134,39.31904109589041],[-0.31320000000000003,39.318640674394096],[-0.31300000000000006,39.318640674394096],[-0.31300000000000006,39.31824025289779],[-0.31260000000000004,39.31824025289779],[-0.31260000000000004,39.31804004214963],[-0.31220000000000003,39.31783983140148],[-0.31220000000000003,39.31743940990516],[-0.3118,39.31723919915701],[-0.3118,39.3168387776607],[-0.31160000000000004,39.3168387776607],[-0.3114,39.31643835616438],[-0.31120000000000003,39.31643835616438],[-0.31100000000000005,39.31563751317176],[-0.3108,39.31563751317176],[-0.3108,39.31523709167545],[-0.31120000000000003,39.31523709167545],[-0.31120000000000003,39.31463645943098],[-0.31260000000000004,39.31463645943098],[-0.31260000000000004,39.31483667017913],[-0.31300000000000006,39.31483667017913],[-0.31300000000000006,39.315036880927295],[-0.3134,39.315036880927295],[-0.3134,39.31563751317176],[-0.3138,39.31563751317176],[-0.3138,39.315437302423604],[-0.31400000000000006,39.315437302423604],[-0.31400000000000006,39.315036880927295],[-0.3138,39.315036880927295],[-0.3138,39.31483667017913],[-0.31420000000000003,39.31483667017913],[-0.31420000000000003,39.31563751317176],[-0.3144,39.31563751317176],[-0.31460000000000005,39.316037934668074],[-0.31500000000000006,39.316037934668074],[-0.31500000000000006,39.31623814541623],[-0.31560000000000005,39.31623814541623],[-0.3158,39.31663856691254],[-0.31620000000000004,39.31663856691254],[-0.3164,39.317038988408854],[-0.31700000000000006,39.317038988408854],[-0.31700000000000006,39.31763962065332],[-0.31720000000000004,39.31763962065332],[-0.31720000000000004,39.31804004214963],[-0.3168,39.31804004214963],[-0.3168,39.31824025289779],[-0.31720000000000004,39.31844046364594],[-0.31720000000000004,39.32104320337197],[-0.3174,39.32104320337197],[-0.3174,39.321243414120126],[-0.31720000000000004,39.321243414120126],[-0.31720000000000004,39.32164383561644],[-0.31520000000000004,39.32164383561644],[-0.31520000000000004,39.32144362486828],[-0.3148,39.32144362486828],[-0.3148,39.321243414120126],[-0.31460000000000005,39.321243414120126],[-0.31460000000000005,39.32084299262382],[-0.3144,39.32084299262382],[-0.31420000000000003,39.3204425711275],[-0.31400000000000006,39.3204425711275],[-0.31400000000000006,39.320242360379346],[-0.31420000000000003,39.320242360379346]],[[-0.3144,39.31964172813488],[-0.31420000000000003,39.31964172813488],[-0.31420000000000003,39.31984193888304],[-0.3144,39.31984193888304],[-0.3144,39.31964172813488]],[[-0.31620000000000004,39.31824025289779],[-0.31660000000000005,39.31804004214963],[-0.31660000000000005,39.31763962065332],[-0.31600000000000006,39.31763962065332],[-0.31600000000000006,39.31804004214963],[-0.3158,39.31804004214963],[-0.3158,39.31824025289779],[-0.31600000000000006,39.31824025289779],[-0.31600000000000006,39.31844046364594],[-0.31620000000000004,39.31844046364594],[-0.31620000000000004,39.31824025289779]],[[-0.31360000000000005,39.317038988408854],[-0.3138,39.317038988408854],[-0.3138,39.31663856691254],[-0.31360000000000005,39.31663856691254],[-0.31360000000000005,39.316037934668074],[-0.3134,39.316037934668074],[-0.3134,39.31643835616438],[-0.31320000000000003,39.31643835616438],[-0.31300000000000006,39.31723919915701],[-0.31360000000000005,39.31723919915701],[-0.31360000000000005,39.317038988408854]]]},"properties":{"area_sqm":229345.4,"area_ha":22.93,"area_km2":0.2293,"backscatter_change_db":-10.16,"flood_confidence":0.796,"pixel_count":600,"source":"Sentinel-1 RTC COG log-ratio \u0394\u03c3\u00b0 < \u22123 dB"}},{"type":"Feature","geometry":{"type":"Polygon","coordinates":[[[-0.3108,39.324446786090625],[-0.3108,39.324246575342464],[-0.31060000000000004,39.324246575342464],[-0.31060000000000004,39.323645943098],[-0.31120000000000003,39.323645943098],[-0.31120000000000003,39.323445732349846],[-0.31200000000000006,39.323445732349846],[-0.31200000000000006,39.323245521601685],[-0.31260000000000004,39.323245521601685],[-0.31260000000000004,39.32304531085353],[-0.31320000000000003,39.32304531085353],[-0.31320000000000003,39.323245521601685],[-0.3134,39.323245521601685],[-0.3134,39.323645943098],[-0.31360000000000005,39.323645943098],[-0.31360000000000005,39.324246575342464],[-0.3138,39.324246575342464],[-0.3138,39.32464699683878],[-0.31400000000000006,39.32464699683878],[-0.31400000000000006,39.324847207586934],[-0.3144,39.32504741833509],[-0.3144,39.325447839831405],[-0.31360000000000005,39.325447839831405],[-0.31360000000000005,39.32564805057956],[-0.31260000000000004,39.32564805057956],[-0.31260000000000004,39.325848261327714],[-0.3118,39.32564805057956],[-0.3118,39.325848261327714],[-0.31160000000000004,39.325848261327714],[-0.31160000000000004,39.32564805057956],[-0.31120000000000003,39.325447839831405],[-0.31120000000000003,39.324847207586934],[-0.31100000000000005,39.324847207586934],[-0.31100000000000005,39.324446786090625],[-0.3108,39.324446786090625]]]},"properties":{"area_sqm":65363.4,"area_ha":6.54,"area_km2":0.0654,"backscatter_change_db":-10.89,"flood_confidence":0.876,"pixel_count":171,"source":"Sentinel-1 RTC COG log-ratio \u0394\u03c3\u00b0 < \u22123 dB"}},{"type":"Feature","geometry":{"type":"Polygon","coordinates":[[[-0.3168,39.32845100105374],[-0.3168,39.32805057955743],[-0.3164,39.32805057955743],[-0.3164,39.32785036880927],[-0.31660000000000005,39.32785036880927],[-0.31660000000000005,39.32765015806112],[-0.3164,39.32765015806112],[-0.3164,39.3272497365648],[-0.31600000000000006,39.3272497365648],[-0.31600000000000006,39.32664910432034],[-0.31560000000000005,39.326448893572184],[-0.31560000000000005,39.32604847207587],[-0.31600000000000006,39.32604847207587],[-0.31600000000000006,39.325447839831405],[-0.3158,39.325447839831405],[-0.3158,39.32564805057956],[-0.31520000000000004,39.32564805057956],[-0.31520000000000004,39.325447839831405],[-0.31560000000000005,39.325447839831405],[-0.3158,39.32464699683878],[-0.31660000000000005,39.32464699683878],[-0.3168,39.32504741833509],[-0.31700000000000006,39.32504741833509],[-0.31700000000000006,39.32464699683878],[-0.31720000000000004,39.32464699683878],[-0.31720000000000004,39.32504741833509],[-0.31760000000000005,39.32504741833509],[-0.31760000000000005,39.325447839831405],[-0.3174,39.325447839831405],[-0.3174,39.32564805057956],[-0.3178,39.32564805057956],[-0.3178,39.32604847207587],[-0.31800000000000006,39.32604847207587],[-0.31820000000000004,39.326448893572184],[-0.3184,39.326448893572184],[-0.3184,39.32684931506849],[-0.31860000000000005,39.32684931506849],[-0.31860000000000005,39.3272497365648],[-0.3184,39.3272497365648],[-0.3184,39.327449947312964],[-0.31860000000000005,39.327449947312964],[-0.31860000000000005,39.32785036880927],[-0.319,39.32785036880927],[-0.319,39.32805057955743],[-0.31880000000000003,39.32805057955743],[-0.31880000000000003,39.32885142255005],[-0.319,39.32885142255005],[-0.319,39.32905163329821],[-0.31880000000000003,39.32905163329821],[-0.31880000000000003,39.32965226554268],[-0.3194,39.32965226554268],[-0.3194,39.32985247629083],[-0.319,39.32985247629083],[-0.319,39.33025289778715],[-0.31820000000000004,39.33025289778715],[-0.31820000000000004,39.3304531085353],[-0.31800000000000006,39.3304531085353],[-0.31800000000000006,39.32985247629083],[-0.31760000000000005,39.32965226554268],[-0.3174,39.32885142255005],[-0.31720000000000004,39.32885142255005],[-0.31700000000000006,39.32845100105374],[-0.3168,39.32845100105374]],[[-0.3184,39.32885142255005],[-0.31860000000000005,39.32885142255005],[-0.31860000000000005,39.3286512118019],[-0.3184,39.3286512118019],[-0.3184,39.32885142255005]],[[-0.3184,39.32805057955743],[-0.31820000000000004,39.32805057955743],[-0.31800000000000006,39.32765015806112],[-0.31760000000000005,39.327449947312964],[-0.31760000000000005,39.32805057955743],[-0.3178,39.32805057955743],[-0.3178,39.32825079030559],[-0.31820000000000004,39.32825079030559],[-0.31820000000000004,39.3286512118019],[-0.3184,39.3286512118019],[-0.3184,39.32805057955743]],[[-0.31660000000000005,39.32684931506849],[-0.31700000000000006,39.32684931506849],[-0.31700000000000006,39.32765015806112],[-0.3174,39.32765015806112],[-0.3174,39.327449947312964],[-0.31720000000000004,39.327449947312964],[-0.3174,39.32704952581665],[-0.31720000000000004,39.32704952581665],[-0.31720000000000004,39.32664910432034],[-0.31700000000000006,39.32664910432034],[-0.31700000000000006,39.326448893572184],[-0.31620000000000004,39.326448893572184],[-0.31620000000000004,39.32664910432034],[-0.31660000000000005,39.32664910432034],[-0.31660000000000005,39.32684931506849]]]},"properties":{"area_sqm":90591.4,"area_ha":9.06,"area_km2":0.0906,"backscatter_change_db":-6.55,"flood_confidence":0.394,"pixel_count":237,"source":"Sentinel-1 RTC COG log-ratio \u0394\u03c3\u00b0 < \u22123 dB"}},{"type":"Feature","geometry":{"type":"Polygon","coordinates":[[[-0.322,39.3354583772392],[-0.322,39.33505795574289],[-0.32160000000000005,39.33505795574289],[-0.32160000000000005,39.334657534246574],[-0.322,39.33485774499473],[-0.322,39.33445732349842],[-0.32220000000000004,39.33445732349842],[-0.32220000000000004,39.33345626975764],[-0.32260000000000005,39.333256059009486],[-0.32260000000000005,39.33305584826133],[-0.323,39.33305584826133],[-0.323,39.333256059009486],[-0.32380000000000003,39.333256059009486],[-0.32380000000000003,39.333656480505795],[-0.32360000000000005,39.333656480505795],[-0.32360000000000005,39.33385669125395],[-0.324,39.33405690200211],[-0.324,39.33445732349842],[-0.32420000000000004,39.33445732349842],[-0.32420000000000004,39.334657534246574],[-0.32380000000000003,39.33485774499473],[-0.32380000000000003,39.33445732349842],[-0.32360000000000005,39.33445732349842],[-0.32360000000000005,39.334257112750265],[-0.3234,39.334257112750265],[-0.3234,39.33445732349842],[-0.32260000000000005,39.334257112750265],[-0.32260000000000005,39.334657534246574],[-0.32280000000000003,39.334657534246574],[-0.32280000000000003,39.33485774499473],[-0.3224,39.33485774499473],[-0.3224,39.335258166491045],[-0.32260000000000005,39.335258166491045],[-0.32260000000000005,39.3354583772392],[-0.3234,39.3354583772392],[-0.3234,39.335858798735515],[-0.32260000000000005,39.33605900948367],[-0.32260000000000005,39.335858798735515],[-0.32220000000000004,39.335858798735515],[-0.32220000000000004,39.33565858798735],[-0.32180000000000003,39.33565858798735],[-0.32180000000000003,39.33605900948367],[-0.32160000000000005,39.33605900948367],[-0.32160000000000005,39.3354583772392],[-0.322,39.3354583772392]],[[-0.32220000000000004,39.334657534246574],[-0.3224,39.334657534246574],[-0.3224,39.33445732349842],[-0.32220000000000004,39.33445732349842],[-0.32220000000000004,39.334657534246574]],[[-0.3234,39.33405690200211],[-0.32320000000000004,39.33405690200211],[-0.32320000000000004,39.334257112750265],[-0.3234,39.334257112750265],[-0.3234,39.33405690200211]],[[-0.3224,39.3354583772392],[-0.3224,39.33565858798735],[-0.32260000000000005,39.33565858798735],[-0.32260000000000005,39.3354583772392],[-0.3224,39.3354583772392]],[[-0.323,39.333656480505795],[-0.32320000000000004,39.333656480505795],[-0.32320000000000004,39.33345626975764],[-0.32280000000000003,39.33345626975764],[-0.32280000000000003,39.33405690200211],[-0.323,39.33405690200211],[-0.323,39.333656480505795]]]},"properties":{"area_sqm":30197.1,"area_ha":3.02,"area_km2":0.0302,"backscatter_change_db":-4.34,"flood_confidence":0.149,"pixel_count":79,"source":"Sentinel-1 RTC COG log-ratio \u0394\u03c3\u00b0 < \u22123 dB"}},{"type":"Feature","geometry":{"type":"Polygon","coordinates":[[[-0.31460000000000005,39.34687038988409],[-0.31460000000000005,39.34626975763962],[-0.3144,39.34626975763962],[-0.3144,39.346069546891464],[-0.31460000000000005,39.346069546891464],[-0.31460000000000005,39.34586933614331],[-0.31500000000000006,39.34586933614331],[-0.31500000000000006,39.345468914647],[-0.3148,39.345468914647],[-0.3148,39.34486828240253],[-0.31520000000000004,39.344668071654375],[-0.31520000000000004,39.34626975763962],[-0.31500000000000006,39.34626975763962],[-0.31500000000000006,39.34687038988409],[-0.31520000000000004,39.34687038988409],[-0.31520000000000004,39.34787144362487],[-0.31560000000000005,39.34787144362487],[-0.3158,39.34747102212856],[-0.31620000000000004,39.34747102212856],[-0.31600000000000006,39.348271865121184],[-0.31560000000000005,39.348271865121184],[-0.31560000000000005,39.34807165437302],[-0.3154,39.34807165437302],[-0.3154,39.3490727081138],[-0.31500000000000006,39.34887249736565],[-0.31500000000000006,39.34847207586934],[-0.3148,39.34847207586934],[-0.3148,39.3490727081138],[-0.3144,39.34887249736565],[-0.3144,39.34787144362487],[-0.3148,39.34787144362487],[-0.3148,39.34687038988409],[-0.31460000000000005,39.34687038988409]]]},"properties":{"area_sqm":25610.2,"area_ha":2.56,"area_km2":0.0256,"backscatter_change_db":-4.79,"flood_confidence":0.199,"pixel_count":67,"source":"Sentinel-1 RTC COG log-ratio \u0394\u03c3\u00b0 < \u22123 dB"}},{"type":"Feature","geometry":{"type":"Polygon","coordinates":[[[-0.32060000000000005,39.3504741833509],[-0.32060000000000005,39.35007376185458],[-0.32080000000000003,39.35007376185458],[-0.321,39.34967334035827],[-0.32120000000000004,39.34967334035827],[-0.32120000000000004,39.34927291886196],[-0.32180000000000003,39.34927291886196],[-0.32180000000000003,39.3490727081138],[-0.32060000000000005,39.3490727081138],[-0.32060000000000005,39.34887249736565],[-0.3214,39.34887249736565],[-0.3214,39.34867228661749],[-0.32180000000000003,39.34867228661749],[-0.32180000000000003,39.34887249736565],[-0.32220000000000004,39.34887249736565],[-0.32220000000000004,39.3490727081138],[-0.3224,39.3490727081138],[-0.3224,39.34947312961012],[-0.322,39.34947312961012],[-0.322,39.34967334035827],[-0.32160000000000005,39.34987355110643],[-0.32160000000000005,39.3504741833509],[-0.32120000000000004,39.3504741833509],[-0.32120000000000004,39.35127502634352],[-0.32060000000000005,39.35127502634352],[-0.32060000000000005,39.35107481559536],[-0.31980000000000003,39.35127502634352],[-0.31980000000000003,39.35107481559536],[-0.31960000000000005,39.35107481559536],[-0.31960000000000005,39.350874604847206],[-0.32020000000000004,39.350874604847206],[-0.3204,39.3504741833509],[-0.32060000000000005,39.3504741833509]]]},"properties":{"area_sqm":24081.3,"area_ha":2.41,"area_km2":0.0241,"backscatter_change_db":-6.52,"flood_confidence":0.391,"pixel_count":63,"source":"Sentinel-1 RTC COG log-ratio \u0394\u03c3\u00b0 < \u22123 dB"}},{"type":"Feature","geometry":{"type":"Polygon","coordinates":[[[-0.30200000000000005,39.30762908324552],[-0.30200000000000005,39.30702845100105],[-0.3022,39.30702845100105],[-0.3022,39.3068282402529],[-0.3032,39.3068282402529],[-0.3032,39.307228661749214],[-0.30340000000000006,39.307228661749214],[-0.30340000000000006,39.30762908324552],[-0.30360000000000004,39.30762908324552],[-0.30360000000000004,39.30782929399368],[-0.3032,39.30782929399368],[-0.3032,39.30802950474183],[-0.30260000000000004,39.30802950474183],[-0.30240000000000006,39.30842992623815],[-0.30200000000000005,39.30842992623815],[-0.30200000000000005,39.3086301369863],[-0.30160000000000003,39.3086301369863],[-0.30160000000000003,39.30883034773446],[-0.30140000000000006,39.30883034773446],[-0.30160000000000003,39.30802950474183],[-0.30140000000000006,39.30802950474183],[-0.30140000000000006,39.30782929399368],[-0.30100000000000005,39.30782929399368],[-0.30100000000000005,39.30762908324552],[-0.3018,39.30762908324552],[-0.3018,39.30782929399368],[-0.3022,39.30782929399368],[-0.3022,39.30762908324552],[-0.30200000000000005,39.30762908324552]],[[-0.3028,39.307228661749214],[-0.30240000000000006,39.307228661749214],[-0.30260000000000004,39.30762908324552],[-0.3028,39.30762908324552],[-0.3028,39.307228661749214]]]},"properties":{"area_sqm":21023.3,"area_ha":2.1,"area_km2":0.021,"backscatter_change_db":-4.55,"flood_confidence":0.172,"pixel_count":55,"source":"Sentinel-1 RTC COG log-ratio \u0394\u03c3\u00b0 < \u22123 dB"}},{"type":"Feature","geometry":{"type":"Polygon","coordinates":[[[-0.31420000000000003,39.30702845100105],[-0.31400000000000006,39.30702845100105],[-0.31400000000000006,39.30742887249737],[-0.31360000000000005,39.307228661749214],[-0.31360000000000005,39.30702845100105],[-0.3134,39.30702845100105],[-0.3134,39.30742887249737],[-0.31360000000000005,39.30742887249737],[-0.31360000000000005,39.30802950474183],[-0.31400000000000006,39.30822971548999],[-0.3138,39.3086301369863],[-0.3134,39.3086301369863],[-0.3134,39.30903055848261],[-0.31360000000000005,39.30903055848261],[-0.3138,39.30943097997893],[-0.31400000000000006,39.30943097997893],[-0.31400000000000006,39.30923076923077],[-0.31420000000000003,39.30923076923077],[-0.31400000000000006,39.30883034773446],[-0.31420000000000003,39.30883034773446],[-0.3144,39.30842992623815],[-0.31500000000000006,39.30842992623815],[-0.31500000000000006,39.3086301369863],[-0.31520000000000004,39.3086301369863],[-0.31520000000000004,39.30842992623815],[-0.31560000000000005,39.30842992623815],[-0.31560000000000005,39.30903055848261],[-0.31520000000000004,39.30903055848261],[-0.31520000000000004,39.30943097997893],[-0.31620000000000004,39.30943097997893],[-0.31620000000000004,39.30963119072708],[-0.31560000000000005,39.30963119072708],[-0.31560000000000005,39.309831401475236],[-0.31500000000000006,39.309831401475236],[-0.31500000000000006,39.31003161222339],[-0.31560000000000005,39.31003161222339],[-0.31560000000000005,39.31023182297155],[-0.3158,39.31023182297155],[-0.3158,39.31043203371971],[-0.31620000000000004,39.31043203371971],[-0.31620000000000004,39.31063224446786],[-0.31560000000000005,39.31063224446786],[-0.31560000000000005,39.31043203371971],[-0.3154,39.31043203371971],[-0.3154,39.310832455216016],[-0.31600000000000006,39.310832455216016],[-0.31600000000000006,39.31103266596418],[-0.31620000000000004,39.31103266596418],[-0.31620000000000004,39.310832455216016],[-0.3164,39.310832455216016],[-0.3164,39.31043203371971],[-0.3168,39.31023182297155],[-0.3168,39.31063224446786],[-0.31660000000000005,39.31063224446786],[-0.31660000000000005,39.31123287671233],[-0.31700000000000006,39.31123287671233],[-0.31720000000000004,39.31203371970496],[-0.3164,39.31203371970496],[-0.3164,39.311833508956795],[-0.3158,39.311833508956795],[-0.3158,39.31203371970496],[-0.31560000000000005,39.31203371970496],[-0.31560000000000005,39.311833508956795],[-0.31500000000000006,39.311833508956795],[-0.31500000000000006,39.312434141201265],[-0.3168,39.312434141201265],[-0.3168,39.31263435194942],[-0.31700000000000006,39.31263435194942],[-0.31700000000000006,39.31223393045311],[-0.31720000000000004,39.31223393045311],[-0.31720000000000004,39.312834562697574],[-0.3174,39.312834562697574],[-0.3174,39.313034773445736],[-0.3168,39.313034773445736],[-0.3168,39.3136354056902],[-0.31720000000000004,39.3136354056902],[-0.31720000000000004,39.313835616438354],[-0.3174,39.313835616438354],[-0.3174,39.314035827186515],[-0.31720000000000004,39.314035827186515],[-0.31720000000000004,39.315036880927295],[-0.31700000000000006,39.315036880927295],[-0.31700000000000006,39.31523709167545],[-0.31760000000000005,39.31523709167545],[-0.31760000000000005,39.315437302423604],[-0.31720000000000004,39.315437302423604],[-0.31720000000000004,39.31563751317176],[-0.31700000000000006,39.31563751317176],[-0.31700000000000006,39.315437302423604],[-0.31660000000000005,39.315437302423604],[-0.31660000000000005,39.31563751317176],[-0.3164,39.31563751317176],[-0.31620000000000004,39.31523709167545],[-0.31520000000000004,39.31523709167545],[-0.31520000000000004,39.315036880927295],[-0.3148,39.315036880927295],[-0.3148,39.31483667017913],[-0.3144,39.31483667017913],[-0.31420000000000003,39.314436248682824],[-0.31360000000000005,39.314436248682824],[-0.3138,39.31483667017913],[-0.3134,39.31483667017913],[-0.3134,39.31423603793467],[-0.31300000000000006,39.314035827186515],[-0.31300000000000006,39.313835616438354],[-0.3128,39.313835616438354],[-0.31260000000000004,39.313435194942045],[-0.31220000000000003,39.313435194942045],[-0.31220000000000003,39.313835616438354],[-0.31120000000000003,39.313835616438354],[-0.31100000000000005,39.313435194942045],[-0.3104,39.313435194942045],[-0.31020000000000003,39.313034773445736],[-0.30960000000000004,39.313034773445736],[-0.30960000000000004,39.312834562697574],[-0.3088,39.312834562697574],[-0.3088,39.31263435194942],[-0.30820000000000003,39.31263435194942],[-0.30820000000000003,39.312434141201265],[-0.30800000000000005,39.312434141201265],[-0.30800000000000005,39.312834562697574],[-0.3074,39.312834562697574],[-0.3074,39.31223393045311],[-0.30660000000000004,39.31203371970496],[-0.30660000000000004,39.311833508956795],[-0.3064,39.311833508956795],[-0.30660000000000004,39.31263435194942],[-0.3058,39.31263435194942],[-0.3058,39.312434141201265],[-0.30560000000000004,39.312434141201265],[-0.30560000000000004,39.31263435194942],[-0.3052,39.31263435194942],[-0.30500000000000005,39.31223393045311],[-0.30460000000000004,39.31203371970496],[-0.30460000000000004,39.31163329820864],[-0.30360000000000004,39.31163329820864],[-0.30340000000000006,39.31123287671233],[-0.30260000000000004,39.31103266596418],[-0.30260000000000004,39.31063224446786],[-0.3022,39.31063224446786],[-0.3022,39.31043203371971],[-0.30160000000000003,39.31043203371971],[-0.30160000000000003,39.31063224446786],[-0.3012,39.31063224446786],[-0.3012,39.31043203371971],[-0.30100000000000005,39.31043203371971],[-0.30100000000000005,39.31023182297155],[-0.30140000000000006,39.31023182297155],[-0.30140000000000006,39.31003161222339],[-0.30160000000000003,39.31003161222339],[-0.30160000000000003,39.30963119072708],[-0.30200000000000005,39.30943097997893],[-0.30200000000000005,39.30923076923077],[-0.3028,39.30923076923077],[-0.3028,39.30943097997893],[-0.3032,39.30943097997893],[-0.30340000000000006,39.30903055848261],[-0.3042,39.30883034773446],[-0.3042,39.3086301369863],[-0.3048,39.3086301369863],[-0.3048,39.30883034773446],[-0.30660000000000004,39.30883034773446],[-0.30660000000000004,39.3086301369863],[-0.30700000000000005,39.3086301369863],[-0.30700000000000005,39.30883034773446],[-0.30760000000000004,39.30883034773446],[-0.30760000000000004,39.30903055848261],[-0.3084,39.30903055848261],[-0.3084,39.30883034773446],[-0.30860000000000004,39.30883034773446],[-0.30860000000000004,39.30842992623815],[-0.30800000000000005,39.30842992623815],[-0.30800000000000005,39.30822971548999],[-0.30760000000000004,39.30822971548999],[-0.30760000000000004,39.30842992623815],[-0.30660000000000004,39.30842992623815],[-0.30660000000000004,39.30822971548999],[-0.30700000000000005,39.30822971548999],[-0.30700000000000005,39.30782929399368],[-0.3062,39.30782929399368],[-0.3062,39.30822971548999],[-0.30560000000000004,39.30822971548999],[-0.30560000000000004,39.30802950474183],[-0.3052,39.30782929399368],[-0.3052,39.30742887249737],[-0.30500000000000005,39.30742887249737],[-0.3052,39.30702845100105],[-0.30660000000000004,39.30702845100105],[-0.3064,39.30662802950474],[-0.3062,39.30662802950474],[-0.3062,39.3068282402529],[-0.3058,39.3068282402529],[-0.3058,39.30602739726027],[-0.30600000000000005,39.30602739726027],[-0.30600000000000005,39.30582718651212],[-0.3064,39.30582718651212],[-0.3064,39.30602739726027],[-0.30660000000000004,39.30602739726027],[-0.30660000000000004,39.305626975763964],[-0.30600000000000005,39.305626975763964],[-0.30600000000000005,39.30542676501581],[-0.30660000000000004,39.30542676501581],[-0.30660000000000004,39.30502634351949],[-0.3064,39.30502634351949],[-0.3064,39.30482613277134],[-0.30600000000000005,39.30502634351949],[-0.30600000000000005,39.304625922023185],[-0.3058,39.304625922023185],[-0.3058,39.30502634351949],[-0.30540000000000006,39.30522655426765],[-0.30540000000000006,39.30542676501581],[-0.30500000000000005,39.30522655426765],[-0.30500000000000005,39.30482613277134],[-0.30400000000000005,39.30482613277134],[-0.30400000000000005,39.30502634351949],[-0.30340000000000006,39.30502634351949],[-0.30340000000000006,39.30522655426765],[-0.3038,39.30522655426765],[-0.3038,39.30542676501581],[-0.30340000000000006,39.305626975763964],[-0.30340000000000006,39.30602739726027],[-0.3028,39.30602739726027],[-0.3028,39.305626975763964],[-0.30260000000000004,39.305626975763964],[-0.30260000000000004,39.30542676501581],[-0.30240000000000006,39.30542676501581],[-0.30240000000000006,39.305626975763964],[-0.30200000000000005,39.30542676501581],[-0.3022,39.30502634351949],[-0.30140000000000006,39.30482613277134],[-0.30140000000000006,39.304625922023185],[-0.3018,39.304625922023185],[-0.3018,39.30442571127503],[-0.3022,39.30442571127503],[-0.3022,39.304025289778714],[-0.3028,39.304025289778714],[-0.3028,39.303624868282405],[-0.30240000000000006,39.30342465753425],[-0.30240000000000006,39.303024236037935],[-0.3028,39.303024236037935],[-0.3028,39.302623814541626],[-0.3032,39.30282402528978],[-0.3032,39.30342465753425],[-0.30300000000000005,39.30342465753425],[-0.30300000000000005,39.303624868282405],[-0.3032,39.303624868282405],[-0.3032,39.304025289778714],[-0.3038,39.304025289778714],[-0.3038,39.30382507903056],[-0.30360000000000004,39.30382507903056],[-0.30360000000000004,39.30342465753425],[-0.3038,39.30342465753425],[-0.3038,39.30322444678609],[-0.30340000000000006,39.303024236037935],[-0.3032,39.30222339304531],[-0.3028,39.30222339304531],[-0.3028,39.302423603793464],[-0.3022,39.302423603793464],[-0.3022,39.30222339304531],[-0.30200000000000005,39.30222339304531],[-0.30200000000000005,39.301822971549],[-0.30240000000000006,39.301822971549],[-0.30240000000000006,39.301422550052685],[-0.3028,39.301422550052685],[-0.3028,39.301022128556376],[-0.30300000000000005,39.301022128556376],[-0.30300000000000005,39.30122233930453],[-0.30340000000000006,39.30122233930453],[-0.30340000000000006,39.301022128556376],[-0.3032,39.301022128556376],[-0.30340000000000006,39.30062170706007],[-0.3042,39.30062170706007],[-0.3042,39.30082191780822],[-0.30440000000000006,39.30082191780822],[-0.30440000000000006,39.30122233930453],[-0.3048,39.30122233930453],[-0.3048,39.30082191780822],[-0.3052,39.30082191780822],[-0.30540000000000006,39.30122233930453],[-0.30600000000000005,39.30122233930453],[-0.30600000000000005,39.301022128556376],[-0.3062,39.301022128556376],[-0.3062,39.30122233930453],[-0.30720000000000003,39.30122233930453],[-0.30720000000000003,39.301422550052685],[-0.30660000000000004,39.301422550052685],[-0.30660000000000004,39.301822971549],[-0.3064,39.301822971549],[-0.3064,39.30222339304531],[-0.30600000000000005,39.302423603793464],[-0.30600000000000005,39.302623814541626],[-0.3064,39.302623814541626],[-0.3064,39.302423603793464],[-0.30660000000000004,39.302423603793464],[-0.3068,39.30282402528978],[-0.30720000000000003,39.302623814541626],[-0.3074,39.303024236037935],[-0.30760000000000004,39.303024236037935],[-0.30760000000000004,39.30322444678609],[-0.30720000000000003,39.30322444678609],[-0.30720000000000003,39.304025289778714],[-0.30760000000000004,39.304025289778714],[-0.30760000000000004,39.30422550052687],[-0.3078,39.30422550052687],[-0.3078,39.304625922023185],[-0.3084,39.304625922023185],[-0.30820000000000003,39.30502634351949],[-0.30760000000000004,39.30502634351949],[-0.30760000000000004,39.30522655426765],[-0.3078,39.30522655426765],[-0.3078,39.30542676501581],[-0.30860000000000004,39.30542676501581],[-0.30860000000000004,39.30622760800843],[-0.30900000000000005,39.30622760800843],[-0.30900000000000005,39.30662802950474],[-0.3088,39.30662802950474],[-0.3088,39.3068282402529],[-0.30920000000000003,39.3068282402529],[-0.30920000000000003,39.30702845100105],[-0.30900000000000005,39.30702845100105],[-0.30900000000000005,39.30742887249737],[-0.3094,39.30742887249737],[-0.3094,39.30782929399368],[-0.30920000000000003,39.30782929399368],[-0.30920000000000003,39.30802950474183],[-0.3088,39.30802950474183],[-0.3088,39.30842992623815],[-0.30900000000000005,39.30842992623815],[-0.30900000000000005,39.3086301369863],[-0.3088,39.3086301369863],[-0.3088,39.30903055848261],[-0.31000000000000005,39.30903055848261],[-0.31000000000000005,39.30923076923077],[-0.31020000000000003,39.30923076923077],[-0.31020000000000003,39.30963119072708],[-0.3104,39.30963119072708],[-0.3104,39.31063224446786],[-0.31020000000000003,39.31063224446786],[-0.31020000000000003,39.31103266596418],[-0.31060000000000004,39.31103266596418],[-0.31060000000000004,39.311433087460486],[-0.31100000000000005,39.31163329820864],[-0.31100000000000005,39.31223393045311],[-0.3114,39.31223393045311],[-0.3114,39.31263435194942],[-0.3118,39.312834562697574],[-0.31200000000000006,39.31323498419389],[-0.3124,39.313034773445736],[-0.3124,39.312834562697574],[-0.31220000000000003,39.312834562697574],[-0.31220000000000003,39.312434141201265],[-0.31200000000000006,39.312434141201265],[-0.31200000000000006,39.31223393045311],[-0.31160000000000004,39.31223393045311],[-0.31160000000000004,39.31163329820864],[-0.3114,39.31163329820864],[-0.3114,39.31123287671233],[-0.31160000000000004,39.31123287671233],[-0.31160000000000004,39.310832455216016],[-0.3118,39.310832455216016],[-0.3118,39.31103266596418],[-0.31220000000000003,39.31123287671233],[-0.31220000000000003,39.311433087460486],[-0.3118,39.311433087460486],[-0.3118,39.31163329820864],[-0.31220000000000003,39.31163329820864],[-0.31200000000000006,39.31203371970496],[-0.3124,39.31203371970496],[-0.3124,39.311433087460486],[-0.31300000000000006,39.311433087460486],[-0.31300000000000006,39.31123287671233],[-0.3134,39.31123287671233],[-0.3134,39.310832455216016],[-0.31300000000000006,39.310832455216016],[-0.31300000000000006,39.31063224446786],[-0.31320000000000003,39.31063224446786],[-0.3134,39.31023182297155],[-0.31260000000000004,39.31023182297155],[-0.31260000000000004,39.31043203371971],[-0.31220000000000003,39.31043203371971],[-0.31220000000000003,39.31003161222339],[-0.31260000000000004,39.31003161222339],[-0.31260000000000004,39.30963119072708],[-0.31300000000000006,39.30943097997893],[-0.31300000000000006,39.30923076923077],[-0.31260000000000004,39.30923076923077],[-0.31260000000000004,39.30903055848261],[-0.3124,39.30903055848261],[-0.3124,39.30883034773446],[-0.3128,39.30883034773446],[-0.3128,39.3086301369863],[-0.3124,39.3086301369863],[-0.3124,39.30842992623815],[-0.3118,39.30842992623815],[-0.3118,39.30903055848261],[-0.31160000000000004,39.30903055848261],[-0.31160000000000004,39.30883034773446],[-0.3114,39.30883034773446],[-0.3114,39.30903055848261],[-0.31100000000000005,39.30903055848261],[-0.31100000000000005,39.30842992623815],[-0.3104,39.30842992623815],[-0.3104,39.30802950474183],[-0.3108,39.30782929399368],[-0.3108,39.30762908324552],[-0.31020000000000003,39.30762908324552],[-0.31020000000000003,39.307228661749214],[-0.31060000000000004,39.307228661749214],[-0.31060000000000004,39.30622760800843],[-0.3098,39.30642781875659],[-0.3098,39.30602739726027],[-0.31000000000000005,39.30602739726027],[-0.31000000000000005,39.30582718651212],[-0.31020000000000003,39.30582718651212],[-0.31020000000000003,39.30602739726027],[-0.31060000000000004,39.30602739726027],[-0.31060000000000004,39.30542676501581],[-0.31020000000000003,39.30542676501581],[-0.31020000000000003,39.305626975763964],[-0.31000000000000005,39.305626975763964],[-0.3098,39.30522655426765],[-0.3094,39.30542676501581],[-0.3094,39.30502634351949],[-0.3098,39.30482613277134],[-0.3098,39.30502634351949],[-0.31020000000000003,39.30522655426765],[-0.31020000000000003,39.30482613277134],[-0.31060000000000004,39.30482613277134],[-0.31060000000000004,39.30442571127503],[-0.31020000000000003,39.30442571127503],[-0.31020000000000003,39.30422550052687],[-0.3094,39.30442571127503],[-0.3094,39.30422550052687],[-0.30920000000000003,39.30422550052687],[-0.30920000000000003,39.30382507903056],[-0.3094,39.30382507903056],[-0.3094,39.303624868282405],[-0.30900000000000005,39.303624868282405],[-0.30900000000000005,39.30342465753425],[-0.3084,39.30342465753425],[-0.3084,39.303024236037935],[-0.30820000000000003,39.303024236037935],[-0.30820000000000003,39.30282402528978],[-0.30860000000000004,39.302623814541626],[-0.30860000000000004,39.302423603793464],[-0.30900000000000005,39.302423603793464],[-0.30920000000000003,39.302023182297155],[-0.3104,39.30222339304531],[-0.3104,39.302623814541626],[-0.3108,39.302623814541626],[-0.31100000000000005,39.303024236037935],[-0.3114,39.303024236037935],[-0.3114,39.30342465753425],[-0.31120000000000003,39.30342465753425],[-0.3114,39.30382507903056],[-0.31160000000000004,39.30382507903056],[-0.31160000000000004,39.30322444678609],[-0.31200000000000006,39.30342465753425],[-0.3118,39.304625922023185],[-0.31220000000000003,39.304625922023185],[-0.31220000000000003,39.304025289778714],[-0.31260000000000004,39.30382507903056],[-0.31260000000000004,39.303624868282405],[-0.31300000000000006,39.303624868282405],[-0.31300000000000006,39.30382507903056],[-0.31320000000000003,39.30382507903056],[-0.31320000000000003,39.30422550052687],[-0.3128,39.30422550052687],[-0.3128,39.304625922023185],[-0.31260000000000004,39.304625922023185],[-0.31260000000000004,39.30482613277134],[-0.3134,39.304625922023185],[-0.3134,39.304025289778714],[-0.31360000000000005,39.304025289778714],[-0.31360000000000005,39.30422550052687],[-0.31420000000000003,39.30422550052687],[-0.31420000000000003,39.304025289778714],[-0.31500000000000006,39.304025289778714],[-0.31500000000000006,39.30422550052687],[-0.31560000000000005,39.30422550052687],[-0.31560000000000005,39.304625922023185],[-0.3154,39.304625922023185],[-0.3154,39.30482613277134],[-0.31560000000000005,39.30482613277134],[-0.3154,39.305626975763964],[-0.3158,39.305626975763964],[-0.3158,39.30542676501581],[-0.31600000000000006,39.30542676501581],[-0.31600000000000006,39.30502634351949],[-0.3164,39.30502634351949],[-0.3164,39.30522655426765],[-0.31660000000000005,39.30522655426765],[-0.31660000000000005,39.30542676501581],[-0.31620000000000004,39.30542676501581],[-0.31620000000000004,39.30582718651212],[-0.3164,39.30582718651212],[-0.3164,39.30602739726027],[-0.31620000000000004,39.30602739726027],[-0.31620000000000004,39.30642781875659],[-0.31600000000000006,39.30642781875659],[-0.31600000000000006,39.30662802950474],[-0.31560000000000005,39.3068282402529],[-0.31560000000000005,39.307228661749214],[-0.31520000000000004,39.307228661749214],[-0.31520000000000004,39.30782929399368],[-0.31500000000000006,39.30782929399368],[-0.31500000000000006,39.30802950474183],[-0.31460000000000005,39.30802950474183],[-0.31460000000000005,39.30742887249737],[-0.3144,39.30742887249737],[-0.31460000000000005,39.30702845100105],[-0.3144,39.30702845100105],[-0.3144,39.3068282402529],[-0.31420000000000003,39.3068282402529],[-0.31420000000000003,39.30702845100105]],[[-0.3032,39.31063224446786],[-0.3032,39.310832455216016],[-0.30340000000000006,39.310832455216016],[-0.30360000000000004,39.31123287671233],[-0.30440000000000006,39.31123287671233],[-0.30440000000000006,39.311433087460486],[-0.3048,39.311433087460486],[-0.3048,39.31163329820864],[-0.3052,39.31163329820864],[-0.3052,39.31123287671233],[-0.3048,39.31123287671233],[-0.30460000000000004,39.310832455216016],[-0.30440000000000006,39.310832455216016],[-0.30440000000000006,39.31103266596418],[-0.30400000000000005,39.31103266596418],[-0.30400000000000005,39.31063224446786],[-0.3038,39.31063224446786],[-0.30360000000000004,39.31023182297155],[-0.3028,39.31023182297155],[-0.3028,39.309831401475236],[-0.30300000000000005,39.309831401475236],[-0.30300000000000005,39.30963119072708],[-0.30260000000000004,39.30963119072708],[-0.30260000000000004,39.31003161222339],[-0.3022,39.31003161222339],[-0.3022,39.31023182297155],[-0.30240000000000006,39.31023182297155],[-0.30260000000000004,39.31063224446786],[-0.3032,39.31063224446786]],[[-0.30720000000000003,39.30782929399368],[-0.30720000000000003,39.30762908324552],[-0.3074,39.30762908324552],[-0.3074,39.307228661749214],[-0.30700000000000005,39.307228661749214],[-0.30700000000000005,39.30742887249737],[-0.3068,39.30742887249737],[-0.3068,39.30762908324552],[-0.30720000000000003,39.30782929399368]],[[-0.30300000000000005,39.30522655426765],[-0.30300000000000005,39.30542676501581],[-0.30340000000000006,39.30542676501581],[-0.30340000000000006,39.30522655426765],[-0.30300000000000005,39.30522655426765]],[[-0.30240000000000006,39.30502634351949],[-0.30240000000000006,39.30482613277134],[-0.3022,39.30482613277134],[-0.3022,39.30502634351949],[-0.30240000000000006,39.30502634351949]],[[-0.3028,39.30422550052687],[-0.30300000000000005,39.30422550052687],[-0.30300000000000005,39.304025289778714],[-0.3028,39.304025289778714],[-0.3028,39.30422550052687]],[[-0.30300000000000005,39.30442571127503],[-0.3028,39.30442571127503],[-0.30260000000000004,39.30482613277134],[-0.30300000000000005,39.30482613277134],[-0.30300000000000005,39.304625922023185],[-0.3038,39.304625922023185],[-0.3038,39.30442571127503],[-0.3032,39.30442571127503],[-0.3032,39.30422550052687],[-0.30300000000000005,39.30422550052687],[-0.30300000000000005,39.30442571127503]],[[-0.30340000000000006,39.301422550052685],[-0.30360000000000004,39.301422550052685],[-0.30360000000000004,39.301822971549],[-0.30340000000000006,39.301822971549],[-0.30340000000000006,39.301622760800846],[-0.30300000000000005,39.301622760800846],[-0.3032,39.302023182297155],[-0.30360000000000004,39.302023182297155],[-0.30360000000000004,39.30222339304531],[-0.30400000000000005,39.30222339304531],[-0.30400000000000005,39.302023182297155],[-0.3042,39.302023182297155],[-0.3042,39.30222339304531],[-0.3048,39.30222339304531],[-0.30460000000000004,39.301822971549],[-0.3042,39.301822971549],[-0.3042,39.301422550052685],[-0.3038,39.301422550052685],[-0.3038,39.30122233930453],[-0.30340000000000006,39.30122233930453],[-0.30340000000000006,39.301422550052685]],[[-0.30500000000000005,39.302023182297155],[-0.30500000000000005,39.302423603793464],[-0.3048,39.302423603793464],[-0.30460000000000004,39.30282402528978],[-0.3052,39.30282402528978],[-0.3052,39.302623814541626],[-0.30540000000000006,39.302623814541626],[-0.30540000000000006,39.30222339304531],[-0.30560000000000004,39.30222339304531],[-0.30560000000000004,39.302023182297155],[-0.3052,39.302023182297155],[-0.3052,39.301622760800846],[-0.3048,39.301422550052685],[-0.3048,39.302023182297155],[-0.30500000000000005,39.302023182297155]],[[-0.3052,39.303024236037935],[-0.3058,39.303024236037935],[-0.3058,39.30322444678609],[-0.30600000000000005,39.30322444678609],[-0.30600000000000005,39.30282402528978],[-0.3052,39.30282402528978],[-0.3052,39.303024236037935]],[[-0.30560000000000004,39.302423603793464],[-0.3058,39.302423603793464],[-0.3058,39.30222339304531],[-0.30560000000000004,39.30222339304531],[-0.30560000000000004,39.302423603793464]],[[-0.3058,39.302023182297155],[-0.3058,39.301622760800846],[-0.30560000000000004,39.301622760800846],[-0.30560000000000004,39.302023182297155],[-0.3058,39.302023182297155]],[[-0.30820000000000003,39.3068282402529],[-0.30820000000000003,39.30662802950474],[-0.30800000000000005,39.30662802950474],[-0.30800000000000005,39.307228661749214],[-0.3088,39.30702845100105],[-0.3088,39.3068282402529],[-0.30820000000000003,39.3068282402529]],[[-0.30800000000000005,39.30642781875659],[-0.3074,39.30642781875659],[-0.3074,39.30662802950474],[-0.30720000000000003,39.30662802950474],[-0.30700000000000005,39.30702845100105],[-0.30760000000000004,39.30702845100105],[-0.30760000000000004,39.30662802950474],[-0.30800000000000005,39.30662802950474],[-0.30800000000000005,39.30642781875659]],[[-0.3128,39.309831401475236],[-0.31300000000000006,39.309831401475236],[-0.31300000000000006,39.30963119072708],[-0.3128,39.30963119072708],[-0.3128,39.309831401475236]],[[-0.31300000000000006,39.31003161222339],[-0.31320000000000003,39.31003161222339],[-0.31320000000000003,39.309831401475236],[-0.31300000000000006,39.309831401475236],[-0.31300000000000006,39.31003161222339]],[[-0.31320000000000003,39.3086301369863],[-0.3134,39.30822971548999],[-0.3128,39.30822971548999],[-0.3128,39.3086301369863],[-0.31320000000000003,39.3086301369863]],[[-0.3128,39.30802950474183],[-0.31260000000000004,39.30802950474183],[-0.31260000000000004,39.30822971548999],[-0.3128,39.30822971548999],[-0.3128,39.30802950474183]],[[-0.31120000000000003,39.30842992623815],[-0.31120000000000003,39.3086301369863],[-0.3114,39.3086301369863],[-0.3114,39.30822971548999],[-0.31100000000000005,39.30802950474183],[-0.31100000000000005,39.30842992623815],[-0.31120000000000003,39.30842992623815]],[[-0.3114,39.30762908324552],[-0.3114,39.30802950474183],[-0.31160000000000004,39.30802950474183],[-0.31160000000000004,39.307228661749214],[-0.31200000000000006,39.30702845100105],[-0.31200000000000006,39.3068282402529],[-0.31160000000000004,39.3068282402529],[-0.31160000000000004,39.30662802950474],[-0.3118,39.30662802950474],[-0.3118,39.30622760800843],[-0.31200000000000006,39.30622760800843],[-0.31220000000000003,39.30582718651212],[-0.3118,39.30582718651212],[-0.31160000000000004,39.30622760800843],[-0.3114,39.30622760800843],[-0.3114,39.30642781875659],[-0.31120000000000003,39.30642781875659],[-0.31120000000000003,39.30662802950474],[-0.3114,39.30662802950474],[-0.3114,39.30702845100105],[-0.31100000000000005,39.30702845100105],[-0.31100000000000005,39.307228661749214],[-0.3108,39.307228661749214],[-0.3108,39.30762908324552],[-0.3114,39.30762908324552]],[[-0.3124,39.30582718651212],[-0.3124,39.30602739726027],[-0.3128,39.30622760800843],[-0.3128,39.30582718651212],[-0.31260000000000004,39.30582718651212],[-0.31260000000000004,39.305626975763964],[-0.31300000000000006,39.305626975763964],[-0.31300000000000006,39.30522655426765],[-0.3128,39.30522655426765],[-0.3128,39.30502634351949],[-0.3124,39.30502634351949],[-0.3124,39.305626975763964],[-0.31220000000000003,39.305626975763964],[-0.31220000000000003,39.30582718651212],[-0.3124,39.30582718651212]],[[-0.31120000000000003,39.30622760800843],[-0.3108,39.30622760800843],[-0.3108,39.30642781875659],[-0.31120000000000003,39.30642781875659],[-0.31120000000000003,39.30622760800843]],[[-0.31520000000000004,39.30702845100105],[-0.31500000000000006,39.30702845100105],[-0.31500000000000006,39.307228661749214],[-0.31520000000000004,39.307228661749214],[-0.31520000000000004,39.30702845100105]],[[-0.31560000000000005,39.31423603793467],[-0.3154,39.31423603793467],[-0.3154,39.314436248682824],[-0.31560000000000005,39.314436248682824],[-0.31560000000000005,39.31423603793467]],[[-0.31460000000000005,39.3136354056902],[-0.3144,39.3136354056902],[-0.3144,39.313835616438354],[-0.31460000000000005,39.313835616438354],[-0.31460000000000005,39.3136354056902]],[[-0.31320000000000003,39.313835616438354],[-0.31360000000000005,39.313835616438354],[-0.31360000000000005,39.3136354056902],[-0.31320000000000003,39.3136354056902],[-0.31320000000000003,39.313835616438354]],[[-0.3138,39.3136354056902],[-0.3138,39.313435194942045],[-0.31360000000000005,39.313435194942045],[-0.31360000000000005,39.3136354056902],[-0.3138,39.3136354056902]],[[-0.31460000000000005,39.313435194942045],[-0.31460000000000005,39.31323498419389],[-0.3138,39.313034773445736],[-0.3138,39.313435194942045],[-0.31460000000000005,39.313435194942045]],[[-0.31320000000000003,39.313435194942045],[-0.31360000000000005,39.31323498419389],[-0.31360000000000005,39.313034773445736],[-0.3134,39.313034773445736],[-0.3134,39.31263435194942],[-0.31300000000000006,39.31263435194942],[-0.31300000000000006,39.31323498419389],[-0.3128,39.31323498419389],[-0.31300000000000006,39.3136354056902],[-0.31320000000000003,39.3136354056902],[-0.31320000000000003,39.313435194942045]],[[-0.3138,39.31263435194942],[-0.3138,39.312434141201265],[-0.31360000000000005,39.312434141201265],[-0.3138,39.31203371970496],[-0.31420000000000003,39.31203371970496],[-0.31420000000000003,39.31223393045311],[-0.3144,39.31223393045311],[-0.3144,39.31203371970496],[-0.3148,39.31203371970496],[-0.3148,39.31163329820864],[-0.31460000000000005,39.31163329820864],[-0.31460000000000005,39.311433087460486],[-0.31420000000000003,39.311433087460486],[-0.31420000000000003,39.31163329820864],[-0.3134,39.311433087460486],[-0.3134,39.31163329820864],[-0.31320000000000003,39.31163329820864],[-0.31320000000000003,39.31203371970496],[-0.3134,39.31203371970496],[-0.3134,39.31263435194942],[-0.3138,39.31263435194942]],[[-0.3158,39.313435194942045],[-0.31600000000000006,39.313435194942045],[-0.31600000000000006,39.31323498419389],[-0.3164,39.31323498419389],[-0.3164,39.312834562697574],[-0.31660000000000005,39.312834562697574],[-0.31660000000000005,39.31263435194942],[-0.31620000000000004,39.31263435194942],[-0.31620000000000004,39.313034773445736],[-0.31600000000000006,39.313034773445736],[-0.31600000000000006,39.312834562697574],[-0.31560000000000005,39.312834562697574],[-0.31560000000000005,39.31323498419389],[-0.3158,39.31323498419389],[-0.3158,39.313435194942045]],[[-0.31500000000000006,39.312834562697574],[-0.3148,39.312834562697574],[-0.3148,39.313034773445736],[-0.31500000000000006,39.313034773445736],[-0.31500000000000006,39.312834562697574]],[[-0.31320000000000003,39.31223393045311],[-0.31300000000000006,39.31223393045311],[-0.31300000000000006,39.312434141201265],[-0.31320000000000003,39.312434141201265],[-0.31320000000000003,39.31223393045311]],[[-0.3062,39.311833508956795],[-0.30540000000000006,39.31163329820864],[-0.30540000000000006,39.31203371970496],[-0.3052,39.31203371970496],[-0.3052,39.31223393045311],[-0.30560000000000004,39.31223393045311],[-0.30560000000000004,39.31203371970496],[-0.3062,39.31203371970496],[-0.3062,39.311833508956795]],[[-0.31560000000000005,39.311433087460486],[-0.3154,39.311433087460486],[-0.3154,39.31163329820864],[-0.31560000000000005,39.31163329820864],[-0.31560000000000005,39.311433087460486]],[[-0.3138,39.31063224446786],[-0.31420000000000003,39.31063224446786],[-0.31420000000000003,39.31023182297155],[-0.31360000000000005,39.31023182297155],[-0.31360000000000005,39.310832455216016],[-0.3138,39.310832455216016],[-0.3138,39.31063224446786]],[[-0.30900000000000005,39.31063224446786],[-0.30860000000000004,39.31063224446786],[-0.30860000000000004,39.310832455216016],[-0.30900000000000005,39.310832455216016],[-0.30900000000000005,39.31063224446786]],[[-0.30760000000000004,39.31023182297155],[-0.3074,39.31023182297155],[-0.3074,39.310832455216016],[-0.30800000000000005,39.310832455216016],[-0.30800000000000005,39.31063224446786],[-0.3078,39.31063224446786],[-0.3078,39.31003161222339],[-0.30760000000000004,39.31003161222339],[-0.30760000000000004,39.31023182297155]],[[-0.31520000000000004,39.31043203371971],[-0.3148,39.31043203371971],[-0.3148,39.31063224446786],[-0.31520000000000004,39.31063224446786],[-0.31520000000000004,39.31043203371971]],[[-0.30660000000000004,39.309831401475236],[-0.3062,39.309831401475236],[-0.3062,39.31023182297155],[-0.30660000000000004,39.31023182297155],[-0.30660000000000004,39.309831401475236]],[[-0.30200000000000005,39.31003161222339],[-0.3018,39.31003161222339],[-0.3018,39.31023182297155],[-0.30200000000000005,39.31023182297155],[-0.30200000000000005,39.31003161222339]],[[-0.3144,39.30963119072708],[-0.31400000000000006,39.30963119072708],[-0.31400000000000006,39.31003161222339],[-0.3144,39.31003161222339],[-0.3144,39.30963119072708]],[[-0.30560000000000004,39.30963119072708],[-0.3052,39.30963119072708],[-0.3052,39.31003161222339],[-0.30560000000000004,39.31003161222339],[-0.30560000000000004,39.30963119072708]],[[-0.30440000000000006,39.30943097997893],[-0.30400000000000005,39.30943097997893],[-0.30400000000000005,39.30963119072708],[-0.30440000000000006,39.30963119072708],[-0.30440000000000006,39.30943097997893]],[[-0.31300000000000006,39.30742887249737],[-0.3128,39.30742887249737],[-0.3128,39.30782929399368],[-0.31300000000000006,39.30782929399368],[-0.31300000000000006,39.30742887249737]],[[-0.3078,39.30762908324552],[-0.30760000000000004,39.30762908324552],[-0.30760000000000004,39.30782929399368],[-0.3078,39.30782929399368],[-0.3078,39.30762908324552]],[[-0.30560000000000004,39.30742887249737],[-0.30540000000000006,39.30742887249737],[-0.30540000000000006,39.30762908324552],[-0.30560000000000004,39.30762908324552],[-0.30560000000000004,39.30742887249737]],[[-0.3128,39.30662802950474],[-0.3124,39.30642781875659],[-0.3124,39.30702845100105],[-0.3128,39.30702845100105],[-0.3128,39.30662802950474]],[[-0.31320000000000003,39.30622760800843],[-0.31320000000000003,39.30602739726027],[-0.31300000000000006,39.30602739726027],[-0.31300000000000006,39.3068282402529],[-0.31360000000000005,39.3068282402529],[-0.31360000000000005,39.30642781875659],[-0.31420000000000003,39.30642781875659],[-0.31420000000000003,39.30662802950474],[-0.3148,39.30662802950474],[-0.3148,39.3068282402529],[-0.31500000000000006,39.3068282402529],[-0.31500000000000006,39.30622760800843],[-0.31520000000000004,39.30622760800843],[-0.3154,39.30582718651212],[-0.3148,39.30582718651212],[-0.31460000000000005,39.30542676501581],[-0.3144,39.30542676501581],[-0.3144,39.30582718651212],[-0.31420000000000003,39.30582718651212],[-0.31420000000000003,39.30522655426765],[-0.31460000000000005,39.30502634351949],[-0.31460000000000005,39.304625922023185],[-0.3144,39.304625922023185],[-0.31420000000000003,39.30502634351949],[-0.3134,39.30502634351949],[-0.3134,39.30542676501581],[-0.31360000000000005,39.30542676501581],[-0.3138,39.30582718651212],[-0.31360000000000005,39.30582718651212],[-0.31360000000000005,39.30622760800843],[-0.31320000000000003,39.30622760800843]],[[-0.31500000000000006,39.304625922023185],[-0.31500000000000006,39.30442571127503],[-0.31460000000000005,39.30442571127503],[-0.31460000000000005,39.304625922023185],[-0.31500000000000006,39.304625922023185]],[[-0.31520000000000004,39.30642781875659],[-0.31520000000000004,39.30662802950474],[-0.31560000000000005,39.30662802950474],[-0.31560000000000005,39.30642781875659],[-0.31520000000000004,39.30642781875659]],[[-0.3158,39.30642781875659],[-0.3158,39.30622760800843],[-0.31560000000000005,39.30622760800843],[-0.31560000000000005,39.30642781875659],[-0.3158,39.30642781875659]],[[-0.3068,39.30622760800843],[-0.30660000000000004,39.30622760800843],[-0.30660000000000004,39.30642781875659],[-0.3068,39.30642781875659],[-0.3068,39.30622760800843]],[[-0.30800000000000005,39.30602739726027],[-0.3074,39.30602739726027],[-0.3074,39.30622760800843],[-0.30800000000000005,39.30622760800843],[-0.30800000000000005,39.30602739726027]],[[-0.3134,39.305626975763964],[-0.31320000000000003,39.305626975763964],[-0.31320000000000003,39.30582718651212],[-0.3134,39.30582718651212],[-0.3134,39.305626975763964]],[[-0.31120000000000003,39.30582718651212],[-0.3114,39.30582718651212],[-0.3114,39.30542676501581],[-0.31120000000000003,39.30542676501581],[-0.31120000000000003,39.30582718651212]],[[-0.31120000000000003,39.30522655426765],[-0.3108,39.30522655426765],[-0.3108,39.305626975763964],[-0.31120000000000003,39.30542676501581],[-0.31120000000000003,39.30522655426765]],[[-0.30820000000000003,39.305626975763964],[-0.30800000000000005,39.305626975763964],[-0.30800000000000005,39.30582718651212],[-0.30820000000000003,39.30582718651212],[-0.30820000000000003,39.305626975763964]],[[-0.31200000000000006,39.30482613277134],[-0.31160000000000004,39.30502634351949],[-0.31160000000000004,39.30542676501581],[-0.31200000000000006,39.30542676501581],[-0.31200000000000006,39.30482613277134]],[[-0.31520000000000004,39.30502634351949],[-0.31500000000000006,39.30502634351949],[-0.31500000000000006,39.30522655426765],[-0.31520000000000004,39.30522655426765],[-0.31520000000000004,39.30502634351949]],[[-0.3028,39.30502634351949],[-0.30260000000000004,39.30502634351949],[-0.30260000000000004,39.30522655426765],[-0.3028,39.30522655426765],[-0.3028,39.30502634351949]],[[-0.3138,39.304625922023185],[-0.31360000000000005,39.304625922023185],[-0.31360000000000005,39.30482613277134],[-0.3138,39.30482613277134],[-0.3138,39.304625922023185]],[[-0.30540000000000006,39.304625922023185],[-0.3052,39.304625922023185],[-0.3052,39.30482613277134],[-0.30560000000000004,39.30482613277134],[-0.30560000000000004,39.30442571127503],[-0.30600000000000005,39.30442571127503],[-0.30600000000000005,39.30422550052687],[-0.3064,39.30422550052687],[-0.3064,39.304025289778714],[-0.30560000000000004,39.303624868282405],[-0.30560000000000004,39.30382507903056],[-0.30540000000000006,39.30382507903056],[-0.30540000000000006,39.304625922023185]],[[-0.31160000000000004,39.30422550052687],[-0.31120000000000003,39.304025289778714],[-0.31120000000000003,39.304625922023185],[-0.31160000000000004,39.304625922023185],[-0.31160000000000004,39.30422550052687]],[[-0.30760000000000004,39.30442571127503],[-0.3074,39.30442571127503],[-0.3074,39.304625922023185],[-0.30760000000000004,39.304625922023185],[-0.30760000000000004,39.30442571127503]],[[-0.3042,39.30422550052687],[-0.30400000000000005,39.30422550052687],[-0.30400000000000005,39.30442571127503],[-0.3042,39.30442571127503],[-0.3042,39.30422550052687]],[[-0.30500000000000005,39.30382507903056],[-0.3048,39.30382507903056],[-0.3048,39.30422550052687],[-0.30500000000000005,39.30422550052687],[-0.30500000000000005,39.30382507903056]],[[-0.30440000000000006,39.30342465753425],[-0.30400000000000005,39.30342465753425],[-0.30400000000000005,39.30382507903056],[-0.30440000000000006,39.30382507903056],[-0.30440000000000006,39.30342465753425]],[[-0.30960000000000004,39.30282402528978],[-0.3098,39.303624868282405],[-0.31000000000000005,39.303624868282405],[-0.31000000000000005,39.30282402528978],[-0.30960000000000004,39.30282402528978]],[[-0.31020000000000003,39.30282402528978],[-0.31020000000000003,39.302623814541626],[-0.31000000000000005,39.302623814541626],[-0.31000000000000005,39.30282402528978],[-0.31020000000000003,39.30282402528978]],[[-0.30440000000000006,39.30282402528978],[-0.3042,39.30282402528978],[-0.3042,39.30322444678609],[-0.30440000000000006,39.30322444678609],[-0.30440000000000006,39.30282402528978]],[[-0.30660000000000004,39.30282402528978],[-0.3062,39.30282402528978],[-0.3062,39.303024236037935],[-0.30660000000000004,39.303024236037935],[-0.30660000000000004,39.30282402528978]],[[-0.30400000000000005,39.302423603793464],[-0.3038,39.302423603793464],[-0.3038,39.30282402528978],[-0.30400000000000005,39.30282402528978],[-0.30400000000000005,39.302423603793464]]]},"properties":{"area_sqm":894447.1,"area_ha":89.44,"area_km2":0.8944,"backscatter_change_db":-6.02,"flood_confidence":0.336,"pixel_count":2340,"source":"Sentinel-1 RTC COG log-ratio \u0394\u03c3\u00b0 < \u22123 dB"}},{"type":"Feature","geometry":{"type":"Polygon","coordinates":[[[-0.3084,39.32004214963119],[-0.3084,39.320242360379346],[-0.30820000000000003,39.320242360379346],[-0.30800000000000005,39.31984193888304],[-0.3078,39.31984193888304],[-0.3078,39.31964172813488],[-0.30800000000000005,39.31964172813488],[-0.30800000000000005,39.31944151738672],[-0.3078,39.31944151738672],[-0.3078,39.31904109589041],[-0.30720000000000003,39.31904109589041],[-0.30720000000000003,39.31844046364594],[-0.30700000000000005,39.31844046364594],[-0.30700000000000005,39.31804004214963],[-0.30660000000000004,39.31783983140148],[-0.30660000000000004,39.31763962065332],[-0.3062,39.31743940990516],[-0.3062,39.317038988408854],[-0.30560000000000004,39.317038988408854],[-0.30560000000000004,39.3168387776607],[-0.3058,39.3168387776607],[-0.3058,39.31623814541623],[-0.30540000000000006,39.316037934668074],[-0.30540000000000006,39.31563751317176],[-0.30500000000000005,39.31563751317176],[-0.30500000000000005,39.315036880927295],[-0.3048,39.315036880927295],[-0.3048,39.31463645943098],[-0.30460000000000004,39.31463645943098],[-0.30440000000000006,39.31423603793467],[-0.3052,39.314436248682824],[-0.3052,39.31423603793467],[-0.30600000000000005,39.31423603793467],[-0.30600000000000005,39.314035827186515],[-0.3068,39.314035827186515],[-0.3068,39.31423603793467],[-0.30720000000000003,39.314035827186515],[-0.30720000000000003,39.31423603793467],[-0.30760000000000004,39.31423603793467],[-0.30760000000000004,39.314436248682824],[-0.30800000000000005,39.31463645943098],[-0.30800000000000005,39.31483667017913],[-0.3084,39.31483667017913],[-0.3084,39.315036880927295],[-0.30860000000000004,39.315036880927295],[-0.30860000000000004,39.315437302423604],[-0.30900000000000005,39.315437302423604],[-0.30900000000000005,39.31583772391992],[-0.3094,39.31583772391992],[-0.3094,39.31643835616438],[-0.30960000000000004,39.31643835616438],[-0.30960000000000004,39.3168387776607],[-0.3098,39.3168387776607],[-0.3098,39.31723919915701],[-0.31000000000000005,39.31723919915701],[-0.31000000000000005,39.31763962065332],[-0.3104,39.31783983140148],[-0.3104,39.31844046364594],[-0.3108,39.31844046364594],[-0.3108,39.31884088514226],[-0.31100000000000005,39.31884088514226],[-0.31100000000000005,39.31944151738672],[-0.3114,39.31964172813488],[-0.3114,39.32004214963119],[-0.31160000000000004,39.32004214963119],[-0.31160000000000004,39.3204425711275],[-0.3118,39.3204425711275],[-0.3118,39.32084299262382],[-0.31200000000000006,39.32084299262382],[-0.31200000000000006,39.32104320337197],[-0.3118,39.32104320337197],[-0.3118,39.32144362486828],[-0.31160000000000004,39.32144362486828],[-0.31160000000000004,39.321243414120126],[-0.31100000000000005,39.321243414120126],[-0.31100000000000005,39.32144362486828],[-0.31020000000000003,39.32144362486828],[-0.31020000000000003,39.32164383561644],[-0.31000000000000005,39.32164383561644],[-0.31000000000000005,39.32204425711275],[-0.3098,39.32204425711275],[-0.3098,39.321844046364596],[-0.30920000000000003,39.321844046364596],[-0.30920000000000003,39.32164383561644],[-0.30900000000000005,39.32164383561644],[-0.30900000000000005,39.321243414120126],[-0.30860000000000004,39.32104320337197],[-0.30860000000000004,39.320242360379346],[-0.3088,39.320242360379346],[-0.3088,39.32004214963119],[-0.3084,39.32004214963119]],[[-0.30960000000000004,39.31984193888304],[-0.30920000000000003,39.31984193888304],[-0.30920000000000003,39.32004214963119],[-0.30960000000000004,39.32004214963119],[-0.30960000000000004,39.31984193888304]]]},"properties":{"area_sqm":243106.1,"area_ha":24.31,"area_km2":0.2431,"backscatter_change_db":-10.28,"flood_confidence":0.809,"pixel_count":636,"source":"Sentinel-1 RTC COG log-ratio \u0394\u03c3\u00b0 < \u22123 dB"}},{"type":"Feature","geometry":{"type":"Polygon","coordinates":[[[-0.30160000000000003,39.33766069546891],[-0.30160000000000003,39.3372602739726],[-0.3012,39.3372602739726],[-0.3012,39.33746048472076],[-0.30100000000000005,39.33746048472076],[-0.30100000000000005,39.3372602739726],[-0.3008,39.3372602739726],[-0.3008,39.336859852476294],[-0.30040000000000006,39.336859852476294],[-0.30040000000000006,39.33665964172813],[-0.3012,39.33665964172813],[-0.3012,39.336259220231824],[-0.30160000000000003,39.336259220231824],[-0.3018,39.335858798735515],[-0.30240000000000006,39.335858798735515],[-0.30240000000000006,39.33565858798735],[-0.30260000000000004,39.33565858798735],[-0.30260000000000004,39.335858798735515],[-0.30300000000000005,39.335858798735515],[-0.30300000000000005,39.336259220231824],[-0.3022,39.33605900948367],[-0.3022,39.336259220231824],[-0.30240000000000006,39.336259220231824],[-0.30240000000000006,39.33645943097998],[-0.3022,39.33645943097998],[-0.3022,39.336859852476294],[-0.30240000000000006,39.336859852476294],[-0.30240000000000006,39.33706006322445],[-0.3028,39.33706006322445],[-0.3028,39.33746048472076],[-0.3032,39.33746048472076],[-0.3032,39.3372602739726],[-0.30360000000000004,39.33706006322445],[-0.30340000000000006,39.337860906217074],[-0.3032,39.337860906217074],[-0.3032,39.33806111696523],[-0.30260000000000004,39.33806111696523],[-0.30260000000000004,39.337860906217074],[-0.3022,39.337860906217074],[-0.3022,39.33766069546891],[-0.30260000000000004,39.33766069546891],[-0.30260000000000004,39.33746048472076],[-0.3022,39.33746048472076],[-0.3022,39.3372602739726],[-0.3018,39.3372602739726],[-0.30200000000000005,39.33766069546891],[-0.30160000000000003,39.33766069546891]]]},"properties":{"area_sqm":27903.7,"area_ha":2.79,"area_km2":0.0279,"backscatter_change_db":-4.4,"flood_confidence":0.156,"pixel_count":73,"source":"Sentinel-1 RTC COG log-ratio \u0394\u03c3\u00b0 < \u22123 dB"}},{"type":"Feature","geometry":{"type":"Polygon","coordinates":[[[-0.3028,39.348271865121184],[-0.30260000000000004,39.34867228661749],[-0.30300000000000005,39.34887249736565],[-0.30300000000000005,39.3490727081138],[-0.30240000000000006,39.3490727081138],[-0.30240000000000006,39.348271865121184],[-0.30260000000000004,39.348271865121184],[-0.30260000000000004,39.34807165437302],[-0.30300000000000005,39.34807165437302],[-0.30300000000000005,39.34787144362487],[-0.30240000000000006,39.34787144362487],[-0.30240000000000006,39.34767123287671],[-0.3022,39.34767123287671],[-0.30240000000000006,39.3472708113804],[-0.30260000000000004,39.3472708113804],[-0.30260000000000004,39.34707060063224],[-0.30240000000000006,39.34707060063224],[-0.30240000000000006,39.346670179135934],[-0.3022,39.346670179135934],[-0.30200000000000005,39.34707060063224],[-0.3018,39.34707060063224],[-0.3018,39.34767123287671],[-0.30200000000000005,39.34767123287671],[-0.3022,39.34807165437302],[-0.30140000000000006,39.34807165437302],[-0.30140000000000006,39.34787144362487],[-0.30160000000000003,39.34787144362487],[-0.30160000000000003,39.34767123287671],[-0.30140000000000006,39.34767123287671],[-0.30140000000000006,39.34747102212856],[-0.30160000000000003,39.34747102212856],[-0.30140000000000006,39.34707060063224],[-0.30100000000000005,39.34707060063224],[-0.30100000000000005,39.3472708113804],[-0.30040000000000006,39.3472708113804],[-0.30040000000000006,39.34767123287671],[-0.30000000000000004,39.34787144362487],[-0.30000000000000004,39.348271865121184],[-0.2998,39.348271865121184],[-0.2998,39.34807165437302],[-0.29940000000000005,39.34807165437302],[-0.29940000000000005,39.348271865121184],[-0.2992,39.348271865121184],[-0.2992,39.34787144362487],[-0.29840000000000005,39.34787144362487],[-0.2982,39.348271865121184],[-0.2978,39.348271865121184],[-0.2978,39.34787144362487],[-0.29760000000000003,39.34787144362487],[-0.29760000000000003,39.34767123287671],[-0.2978,39.34767123287671],[-0.2978,39.34747102212856],[-0.29800000000000004,39.34747102212856],[-0.29800000000000004,39.34767123287671],[-0.29840000000000005,39.34767123287671],[-0.29840000000000005,39.34747102212856],[-0.29960000000000003,39.34747102212856],[-0.29960000000000003,39.3472708113804],[-0.2998,39.3472708113804],[-0.2998,39.34687038988409],[-0.30000000000000004,39.34687038988409],[-0.30000000000000004,39.346670179135934],[-0.29960000000000003,39.346670179135934],[-0.29960000000000003,39.34687038988409],[-0.2992,39.34687038988409],[-0.2992,39.34707060063224],[-0.29860000000000003,39.34707060063224],[-0.29860000000000003,39.34646996838778],[-0.2988,39.34646996838778],[-0.2988,39.346670179135934],[-0.29940000000000005,39.346670179135934],[-0.29940000000000005,39.34646996838778],[-0.2998,39.34646996838778],[-0.2998,39.346069546891464],[-0.29940000000000005,39.346069546891464],[-0.29940000000000005,39.345468914647],[-0.2992,39.345468914647],[-0.2992,39.345068493150684],[-0.29900000000000004,39.345068493150684],[-0.29900000000000004,39.34486828240253],[-0.29960000000000003,39.34486828240253],[-0.29960000000000003,39.344668071654375],[-0.2988,39.34446786090622],[-0.2988,39.34426765015806],[-0.3002,39.34426765015806],[-0.3002,39.34446786090622],[-0.30040000000000006,39.34446786090622],[-0.30040000000000006,39.34386722866175],[-0.30060000000000003,39.34386722866175],[-0.30060000000000003,39.343466807165434],[-0.30100000000000005,39.343466807165434],[-0.30100000000000005,39.34386722866175],[-0.3012,39.34386722866175],[-0.3012,39.343667017913596],[-0.3028,39.343667017913596],[-0.3028,39.34326659641728],[-0.30300000000000005,39.34326659641728],[-0.30300000000000005,39.343066385669125],[-0.30340000000000006,39.343066385669125],[-0.30360000000000004,39.34266596417282],[-0.3042,39.34266596417282],[-0.3042,39.3422655426765],[-0.30440000000000006,39.3422655426765],[-0.30440000000000006,39.342465753424655],[-0.3048,39.342465753424655],[-0.3048,39.342065331928346],[-0.30460000000000004,39.342065331928346],[-0.30460000000000004,39.34186512118019],[-0.30500000000000005,39.34166491043204],[-0.30500000000000005,39.34126448893572],[-0.3048,39.34126448893572],[-0.3048,39.34106427818757],[-0.30440000000000006,39.34106427818757],[-0.30440000000000006,39.34126448893572],[-0.3042,39.34126448893572],[-0.3042,39.340463645943096],[-0.30400000000000005,39.340463645943096],[-0.3042,39.34006322444679],[-0.30440000000000006,39.34006322444679],[-0.30440000000000006,39.33966280295047],[-0.3038,39.33966280295047],[-0.3038,39.33926238145416],[-0.3032,39.33926238145416],[-0.3032,39.33866174920969],[-0.30340000000000006,39.33866174920969],[-0.30340000000000006,39.33846153846154],[-0.30300000000000005,39.33846153846154],[-0.30300000000000005,39.33886195995785],[-0.3028,39.33886195995785],[-0.3028,39.33946259220232],[-0.3022,39.33946259220232],[-0.30200000000000005,39.33906217070601],[-0.3018,39.33906217070601],[-0.3018,39.33926238145416],[-0.30140000000000006,39.33926238145416],[-0.30140000000000006,39.33906217070601],[-0.3012,39.33906217070601],[-0.3012,39.33926238145416],[-0.30100000000000005,39.33926238145416],[-0.30100000000000005,39.34006322444679],[-0.30140000000000006,39.34006322444679],[-0.30140000000000006,39.33946259220232],[-0.3018,39.33946259220232],[-0.3018,39.33986301369863],[-0.30260000000000004,39.33986301369863],[-0.30260000000000004,39.34006322444679],[-0.3022,39.34006322444679],[-0.3022,39.34026343519494],[-0.30260000000000004,39.340463645943096],[-0.3028,39.34086406743941],[-0.3032,39.34086406743941],[-0.3032,39.34126448893572],[-0.3028,39.34126448893572],[-0.30260000000000004,39.34166491043204],[-0.3032,39.34166491043204],[-0.3032,39.341464699683875],[-0.30340000000000006,39.341464699683875],[-0.30340000000000006,39.34106427818757],[-0.3038,39.34106427818757],[-0.3038,39.34126448893572],[-0.3042,39.341464699683875],[-0.3042,39.34166491043204],[-0.30360000000000004,39.34166491043204],[-0.30340000000000006,39.342065331928346],[-0.30300000000000005,39.342065331928346],[-0.3032,39.342465753424655],[-0.3028,39.342465753424655],[-0.3028,39.34266596417282],[-0.30260000000000004,39.34266596417282],[-0.30260000000000004,39.3422655426765],[-0.30240000000000006,39.3422655426765],[-0.30240000000000006,39.342065331928346],[-0.30200000000000005,39.342065331928346],[-0.30200000000000005,39.3422655426765],[-0.3022,39.3422655426765],[-0.3022,39.34266596417282],[-0.30160000000000003,39.34266596417282],[-0.30160000000000003,39.3422655426765],[-0.30140000000000006,39.3422655426765],[-0.30140000000000006,39.342465753424655],[-0.3008,39.342465753424655],[-0.30100000000000005,39.34286617492097],[-0.30060000000000003,39.34286617492097],[-0.30060000000000003,39.34266596417282],[-0.30040000000000006,39.34266596417282],[-0.30040000000000006,39.343066385669125],[-0.3002,39.343066385669125],[-0.3002,39.34326659641728],[-0.2998,39.34326659641728],[-0.2998,39.343066385669125],[-0.29960000000000003,39.343066385669125],[-0.29960000000000003,39.34266596417282],[-0.2998,39.34266596417282],[-0.2998,39.342465753424655],[-0.3002,39.342465753424655],[-0.3002,39.34166491043204],[-0.30040000000000006,39.34166491043204],[-0.30060000000000003,39.34126448893572],[-0.30100000000000005,39.34126448893572],[-0.30100000000000005,39.34106427818757],[-0.30140000000000006,39.34106427818757],[-0.30140000000000006,39.34086406743941],[-0.30160000000000003,39.34086406743941],[-0.30160000000000003,39.34126448893572],[-0.3022,39.34126448893572],[-0.3022,39.34106427818757],[-0.30200000000000005,39.34106427818757],[-0.30200000000000005,39.34026343519494],[-0.3018,39.34026343519494],[-0.3018,39.34066385669126],[-0.30140000000000006,39.34066385669126],[-0.30140000000000006,39.34026343519494],[-0.3008,39.34026343519494],[-0.3008,39.34006322444679],[-0.30060000000000003,39.34006322444679],[-0.30060000000000003,39.33946259220232],[-0.3002,39.33946259220232],[-0.30000000000000004,39.33906217070601],[-0.3002,39.33906217070601],[-0.3002,39.33886195995785],[-0.30060000000000003,39.33886195995785],[-0.30060000000000003,39.33926238145416],[-0.3008,39.33926238145416],[-0.3008,39.33886195995785],[-0.3012,39.33886195995785],[-0.3012,39.33866174920969],[-0.30140000000000006,39.33866174920969],[-0.30140000000000006,39.33846153846154],[-0.3018,39.33826132771338],[-0.30160000000000003,39.337860906217074],[-0.3022,39.337860906217074],[-0.3022,39.33806111696523],[-0.30200000000000005,39.33806111696523],[-0.30200000000000005,39.33846153846154],[-0.30260000000000004,39.33846153846154],[-0.30260000000000004,39.33826132771338],[-0.3032,39.33826132771338],[-0.30340000000000006,39.337860906217074],[-0.3038,39.337860906217074],[-0.3038,39.33746048472076],[-0.3042,39.33746048472076],[-0.30440000000000006,39.337860906217074],[-0.30400000000000005,39.337860906217074],[-0.30400000000000005,39.33846153846154],[-0.30460000000000004,39.33846153846154],[-0.30460000000000004,39.33926238145416],[-0.3048,39.33926238145416],[-0.3048,39.34026343519494],[-0.30440000000000006,39.340463645943096],[-0.30440000000000006,39.34066385669126],[-0.30460000000000004,39.34066385669126],[-0.30460000000000004,39.34086406743941],[-0.30540000000000006,39.34086406743941],[-0.30540000000000006,39.34066385669126],[-0.30560000000000004,39.34066385669126],[-0.3058,39.34106427818757],[-0.30660000000000004,39.34106427818757],[-0.30660000000000004,39.341464699683875],[-0.3064,39.341464699683875],[-0.3062,39.34186512118019],[-0.3058,39.34186512118019],[-0.3058,39.342065331928346],[-0.30560000000000004,39.342065331928346],[-0.30560000000000004,39.342465753424655],[-0.30540000000000006,39.342465753424655],[-0.30540000000000006,39.34266596417282],[-0.3058,39.34266596417282],[-0.3058,39.3422655426765],[-0.30600000000000005,39.3422655426765],[-0.30600000000000005,39.342065331928346],[-0.30660000000000004,39.342065331928346],[-0.3068,39.342465753424655],[-0.30700000000000005,39.342465753424655],[-0.30700000000000005,39.34266596417282],[-0.3074,39.34286617492097],[-0.30720000000000003,39.34326659641728],[-0.3068,39.34326659641728],[-0.3068,39.34386722866175],[-0.3064,39.344067439409905],[-0.3064,39.34426765015806],[-0.3068,39.34426765015806],[-0.3068,39.34446786090622],[-0.30720000000000003,39.34446786090622],[-0.30720000000000003,39.344668071654375],[-0.3068,39.344668071654375],[-0.30700000000000005,39.345068493150684],[-0.3064,39.345068493150684],[-0.3064,39.34526870389884],[-0.3062,39.34526870389884],[-0.3062,39.345669125395155],[-0.30660000000000004,39.34586933614331],[-0.30660000000000004,39.34626975763962],[-0.3058,39.34646996838778],[-0.3058,39.346069546891464],[-0.30600000000000005,39.346069546891464],[-0.30600000000000005,39.34586933614331],[-0.30540000000000006,39.34586933614331],[-0.30540000000000006,39.34646996838778],[-0.30560000000000004,39.34646996838778],[-0.30560000000000004,39.346670179135934],[-0.30600000000000005,39.346670179135934],[-0.30600000000000005,39.34687038988409],[-0.3058,39.34687038988409],[-0.3058,39.3472708113804],[-0.3062,39.3472708113804],[-0.3062,39.34747102212856],[-0.30660000000000004,39.34767123287671],[-0.30660000000000004,39.34807165437302],[-0.30600000000000005,39.34807165437302],[-0.30600000000000005,39.348271865121184],[-0.3058,39.348271865121184],[-0.3058,39.34767123287671],[-0.30500000000000005,39.34747102212856],[-0.30500000000000005,39.3472708113804],[-0.3048,39.3472708113804],[-0.3048,39.34687038988409],[-0.30460000000000004,39.34687038988409],[-0.30460000000000004,39.34707060063224],[-0.3042,39.34707060063224],[-0.3042,39.34747102212856],[-0.30460000000000004,39.34747102212856],[-0.30440000000000006,39.34787144362487],[-0.30560000000000004,39.34807165437302],[-0.30540000000000006,39.34847207586934],[-0.30500000000000005,39.34847207586934],[-0.30500000000000005,39.34867228661749],[-0.3048,39.34867228661749],[-0.3048,39.34847207586934],[-0.30340000000000006,39.34847207586934],[-0.30340000000000006,39.348271865121184],[-0.3028,39.348271865121184]],[[-0.29960000000000003,39.34767123287671],[-0.2998,39.34767123287671],[-0.2998,39.34747102212856],[-0.29960000000000003,39.34747102212856],[-0.29960000000000003,39.34767123287671]],[[-0.3008,39.34386722866175],[-0.3008,39.344067439409905],[-0.30100000000000005,39.344067439409905],[-0.30100000000000005,39.34386722866175],[-0.3008,39.34386722866175]],[[-0.3028,39.34386722866175],[-0.3032,39.34386722866175],[-0.3032,39.343667017913596],[-0.3038,39.343667017913596],[-0.3038,39.343466807165434],[-0.30300000000000005,39.343466807165434],[-0.3028,39.34386722866175]],[[-0.30340000000000006,39.33886195995785],[-0.30360000000000004,39.33886195995785],[-0.30360000000000004,39.33906217070601],[-0.3042,39.33906217070601],[-0.3042,39.33866174920969],[-0.30400000000000005,39.33866174920969],[-0.30400000000000005,39.33886195995785],[-0.3038,39.33886195995785],[-0.3038,39.33866174920969],[-0.30340000000000006,39.33866174920969],[-0.30340000000000006,39.33886195995785]],[[-0.3028,39.3422655426765],[-0.3028,39.342065331928346],[-0.30260000000000004,39.342065331928346],[-0.30260000000000004,39.3422655426765],[-0.3028,39.3422655426765]],[[-0.30140000000000006,39.342065331928346],[-0.3012,39.342065331928346],[-0.3012,39.34186512118019],[-0.30100000000000005,39.34186512118019],[-0.30100000000000005,39.3422655426765],[-0.30140000000000006,39.3422655426765],[-0.30140000000000006,39.342065331928346]],[[-0.3008,39.3422655426765],[-0.30060000000000003,39.3422655426765],[-0.30060000000000003,39.342465753424655],[-0.3008,39.342465753424655],[-0.3008,39.3422655426765]],[[-0.30440000000000006,39.33926238145416],[-0.30440000000000006,39.33946259220232],[-0.30460000000000004,39.33946259220232],[-0.30460000000000004,39.33926238145416],[-0.30440000000000006,39.33926238145416]],[[-0.3064,39.342465753424655],[-0.3064,39.34266596417282],[-0.3068,39.34266596417282],[-0.3068,39.342465753424655],[-0.3064,39.342465753424655]],[[-0.3062,39.34426765015806],[-0.3062,39.344067439409905],[-0.3058,39.344067439409905],[-0.3058,39.34386722866175],[-0.30560000000000004,39.34386722866175],[-0.3058,39.343066385669125],[-0.30540000000000006,39.343066385669125],[-0.30540000000000006,39.344067439409905],[-0.3052,39.344067439409905],[-0.30540000000000006,39.34446786090622],[-0.30500000000000005,39.34446786090622],[-0.30500000000000005,39.34486828240253],[-0.30540000000000006,39.34486828240253],[-0.30540000000000006,39.34526870389884],[-0.30560000000000004,39.34526870389884],[-0.3058,39.34486828240253],[-0.30600000000000005,39.34486828240253],[-0.30600000000000005,39.344668071654375],[-0.3064,39.34446786090622],[-0.3064,39.34426765015806],[-0.3062,39.34426765015806]],[[-0.30540000000000006,39.345468914647],[-0.30500000000000005,39.345468914647],[-0.30500000000000005,39.34586933614331],[-0.3048,39.34586933614331],[-0.30500000000000005,39.34626975763962],[-0.3052,39.34626975763962],[-0.3052,39.34586933614331],[-0.30540000000000006,39.34586933614331],[-0.30540000000000006,39.345468914647]],[[-0.30500000000000005,39.34526870389884],[-0.3042,39.34526870389884],[-0.3042,39.345468914647],[-0.30400000000000005,39.345468914647],[-0.30400000000000005,39.34586933614331],[-0.30460000000000004,39.34586933614331],[-0.30440000000000006,39.345468914647],[-0.30500000000000005,39.345468914647],[-0.30500000000000005,39.34526870389884]],[[-0.3042,39.34787144362487],[-0.30400000000000005,39.348271865121184],[-0.30440000000000006,39.348271865121184],[-0.30440000000000006,39.34787144362487],[-0.3042,39.34787144362487]],[[-0.30400000000000005,39.34767123287671],[-0.3038,39.34767123287671],[-0.3038,39.34787144362487],[-0.30400000000000005,39.34787144362487],[-0.30400000000000005,39.34767123287671]],[[-0.30340000000000006,39.346069546891464],[-0.30360000000000004,39.346069546891464],[-0.3038,39.345669125395155],[-0.30340000000000006,39.345669125395155],[-0.30340000000000006,39.345468914647],[-0.3032,39.345468914647],[-0.30300000000000005,39.34626975763962],[-0.3028,39.34626975763962],[-0.3028,39.346069546891464],[-0.30240000000000006,39.346069546891464],[-0.30240000000000006,39.34626975763962],[-0.30260000000000004,39.34626975763962],[-0.30260000000000004,39.34646996838778],[-0.30300000000000005,39.34646996838778],[-0.30300000000000005,39.346670179135934],[-0.3028,39.346670179135934],[-0.3028,39.34747102212856],[-0.30340000000000006,39.34747102212856],[-0.30340000000000006,39.34767123287671],[-0.30360000000000004,39.34767123287671],[-0.30360000000000004,39.34747102212856],[-0.30400000000000005,39.34747102212856],[-0.30400000000000005,39.3472708113804],[-0.3038,39.3472708113804],[-0.30400000000000005,39.34687038988409],[-0.30340000000000006,39.34687038988409],[-0.30340000000000006,39.346670179135934],[-0.3032,39.346670179135934],[-0.3032,39.34626975763962],[-0.30340000000000006,39.34626975763962],[-0.30340000000000006,39.346069546891464]],[[-0.3002,39.34707060063224],[-0.30000000000000004,39.34707060063224],[-0.30000000000000004,39.34747102212856],[-0.3002,39.34747102212856],[-0.3002,39.34707060063224]],[[-0.3052,39.34687038988409],[-0.30540000000000006,39.34687038988409],[-0.30540000000000006,39.346670179135934],[-0.3052,39.346670179135934],[-0.3052,39.34687038988409]],[[-0.3052,39.34646996838778],[-0.30500000000000005,39.34646996838778],[-0.30500000000000005,39.346670179135934],[-0.3052,39.346670179135934],[-0.3052,39.34646996838778]],[[-0.30160000000000003,39.34646996838778],[-0.30100000000000005,39.34646996838778],[-0.30100000000000005,39.34687038988409],[-0.30160000000000003,39.34687038988409],[-0.30160000000000003,39.34646996838778]],[[-0.30460000000000004,39.34626975763962],[-0.30440000000000006,39.34626975763962],[-0.30440000000000006,39.346670179135934],[-0.30460000000000004,39.346670179135934],[-0.30460000000000004,39.34626975763962]],[[-0.30200000000000005,39.346069546891464],[-0.3018,39.346069546891464],[-0.3018,39.34626975763962],[-0.30200000000000005,39.34626975763962],[-0.30200000000000005,39.346069546891464]],[[-0.3008,39.34626975763962],[-0.30100000000000005,39.34626975763962],[-0.30100000000000005,39.346069546891464],[-0.3008,39.346069546891464],[-0.3008,39.34626975763962]],[[-0.3008,39.34586933614331],[-0.30060000000000003,39.34586933614331],[-0.30060000000000003,39.346069546891464],[-0.3008,39.346069546891464],[-0.3008,39.34586933614331]],[[-0.2998,39.34586933614331],[-0.30040000000000006,39.34586933614331],[-0.30060000000000003,39.345468914647],[-0.30100000000000005,39.345468914647],[-0.30100000000000005,39.34526870389884],[-0.3008,39.34526870389884],[-0.3008,39.345068493150684],[-0.30000000000000004,39.34526870389884],[-0.30000000000000004,39.345669125395155],[-0.2998,39.345669125395155],[-0.2998,39.34586933614331]],[[-0.30260000000000004,39.34526870389884],[-0.3022,39.34526870389884],[-0.30200000000000005,39.345669125395155],[-0.30260000000000004,39.345669125395155],[-0.30260000000000004,39.34526870389884]],[[-0.30300000000000005,39.345068493150684],[-0.3028,39.345068493150684],[-0.3028,39.34526870389884],[-0.30300000000000005,39.34526870389884],[-0.30300000000000005,39.345068493150684]],[[-0.30160000000000003,39.34486828240253],[-0.3012,39.34486828240253],[-0.3012,39.34526870389884],[-0.30140000000000006,39.34526870389884],[-0.30140000000000006,39.345068493150684],[-0.30200000000000005,39.345068493150684],[-0.30200000000000005,39.344668071654375],[-0.30160000000000003,39.344668071654375],[-0.30160000000000003,39.34486828240253]],[[-0.3038,39.344067439409905],[-0.30340000000000006,39.344067439409905],[-0.30340000000000006,39.34446786090622],[-0.30300000000000005,39.34446786090622],[-0.30300000000000005,39.344668071654375],[-0.3032,39.344668071654375],[-0.3032,39.345068493150684],[-0.30360000000000004,39.345068493150684],[-0.30360000000000004,39.344668071654375],[-0.3038,39.344668071654375],[-0.3038,39.344067439409905]],[[-0.3002,39.34486828240253],[-0.2998,39.34486828240253],[-0.2998,39.345068493150684],[-0.3002,39.345068493150684],[-0.3002,39.34486828240253]],[[-0.30660000000000004,39.344668071654375],[-0.3064,39.344668071654375],[-0.3064,39.34486828240253],[-0.30660000000000004,39.34486828240253],[-0.30660000000000004,39.344668071654375]],[[-0.30460000000000004,39.344668071654375],[-0.3042,39.344668071654375],[-0.3042,39.34486828240253],[-0.30460000000000004,39.34486828240253],[-0.30460000000000004,39.344668071654375]],[[-0.3012,39.34446786090622],[-0.30100000000000005,39.34446786090622],[-0.30100000000000005,39.344668071654375],[-0.3012,39.344668071654375],[-0.3012,39.34446786090622]],[[-0.30140000000000006,39.344067439409905],[-0.30140000000000006,39.34446786090622],[-0.30160000000000003,39.34446786090622],[-0.3018,39.344067439409905],[-0.30140000000000006,39.344067439409905]],[[-0.30200000000000005,39.344067439409905],[-0.30200000000000005,39.34386722866175],[-0.3018,39.34386722866175],[-0.3018,39.344067439409905],[-0.30200000000000005,39.344067439409905]],[[-0.30440000000000006,39.34386722866175],[-0.3042,39.34386722866175],[-0.3042,39.344067439409905],[-0.30440000000000006,39.344067439409905],[-0.30440000000000006,39.34386722866175]],[[-0.3062,39.34326659641728],[-0.30600000000000005,39.34326659641728],[-0.30600000000000005,39.343667017913596],[-0.3064,39.343667017913596],[-0.3064,39.343066385669125],[-0.30660000000000004,39.343066385669125],[-0.30660000000000004,39.34286617492097],[-0.3062,39.34286617492097],[-0.3062,39.34326659641728]],[[-0.3048,39.34326659641728],[-0.30500000000000005,39.34326659641728],[-0.30500000000000005,39.343066385669125],[-0.30460000000000004,39.343066385669125],[-0.30440000000000006,39.343466807165434],[-0.3048,39.343466807165434],[-0.3048,39.34326659641728]],[[-0.30460000000000004,39.34286617492097],[-0.3048,39.34286617492097],[-0.3048,39.34266596417282],[-0.30440000000000006,39.34266596417282],[-0.30440000000000006,39.343066385669125],[-0.30460000000000004,39.343066385669125],[-0.30460000000000004,39.34286617492097]],[[-0.30540000000000006,39.342065331928346],[-0.3052,39.342065331928346],[-0.3052,39.3422655426765],[-0.30540000000000006,39.3422655426765],[-0.30540000000000006,39.342065331928346]]]},"properties":{"area_sqm":386829.3,"area_ha":38.68,"area_km2":0.3868,"backscatter_change_db":-4.53,"flood_confidence":0.17,"pixel_count":1012,"source":"Sentinel-1 RTC COG log-ratio \u0394\u03c3\u00b0 < \u22123 dB"}},{"type":"Feature","geometry":{"type":"Polygon","coordinates":[[[-0.30700000000000005,39.3472708113804],[-0.3068,39.3472708113804],[-0.3068,39.34687038988409],[-0.30720000000000003,39.34687038988409],[-0.30720000000000003,39.34646996838778],[-0.30760000000000004,39.346670179135934],[-0.30760000000000004,39.34687038988409],[-0.3074,39.34687038988409],[-0.3074,39.3472708113804],[-0.30760000000000004,39.3472708113804],[-0.3078,39.34687038988409],[-0.30800000000000005,39.34687038988409],[-0.30800000000000005,39.34707060063224],[-0.3084,39.34707060063224],[-0.30820000000000003,39.34747102212856],[-0.30760000000000004,39.34747102212856],[-0.30760000000000004,39.34767123287671],[-0.30800000000000005,39.34767123287671],[-0.30800000000000005,39.348271865121184],[-0.3078,39.348271865121184],[-0.30800000000000005,39.34867228661749],[-0.3078,39.34867228661749],[-0.3078,39.34887249736565],[-0.30820000000000003,39.34887249736565],[-0.30800000000000005,39.34927291886196],[-0.3084,39.34927291886196],[-0.3084,39.34967334035827],[-0.30700000000000005,39.34967334035827],[-0.30700000000000005,39.34947312961012],[-0.3064,39.34947312961012],[-0.3064,39.3490727081138],[-0.3068,39.3490727081138],[-0.3068,39.34927291886196],[-0.30700000000000005,39.34927291886196],[-0.30700000000000005,39.3490727081138],[-0.3074,39.34887249736565],[-0.3074,39.34847207586934],[-0.30720000000000003,39.34847207586934],[-0.30720000000000003,39.34867228661749],[-0.3068,39.34847207586934],[-0.3068,39.348271865121184],[-0.30700000000000005,39.348271865121184],[-0.30700000000000005,39.34767123287671],[-0.3068,39.34767123287671],[-0.30700000000000005,39.3472708113804]],[[-0.3074,39.3490727081138],[-0.30760000000000004,39.3490727081138],[-0.30760000000000004,39.34887249736565],[-0.3074,39.34887249736565],[-0.3074,39.3490727081138]],[[-0.30760000000000004,39.34927291886196],[-0.3074,39.34927291886196],[-0.3074,39.34947312961012],[-0.30760000000000004,39.34947312961012],[-0.30760000000000004,39.34927291886196]]]},"properties":{"area_sqm":29432.7,"area_ha":2.94,"area_km2":0.0294,"backscatter_change_db":-4.48,"flood_confidence":0.164,"pixel_count":77,"source":"Sentinel-1 RTC COG log-ratio \u0394\u03c3\u00b0 < \u22123 dB"}},{"type":"Feature","geometry":{"type":"Polygon","coordinates":[[[-0.2962,39.30082191780822],[-0.29640000000000005,39.300421496311905],[-0.29700000000000004,39.300421496311905],[-0.29700000000000004,39.30022128556375],[-0.2972,39.30022128556375],[-0.2972,39.300421496311905],[-0.29740000000000005,39.300421496311905],[-0.29740000000000005,39.30022128556375],[-0.2982,39.300421496311905],[-0.29840000000000005,39.3000210748156],[-0.29900000000000004,39.3000210748156],[-0.29900000000000004,39.30022128556375],[-0.2992,39.30022128556375],[-0.2992,39.300421496311905],[-0.2988,39.300421496311905],[-0.2988,39.30062170706007],[-0.29900000000000004,39.30062170706007],[-0.29900000000000004,39.30122233930453],[-0.29860000000000003,39.30122233930453],[-0.29860000000000003,39.301422550052685],[-0.29840000000000005,39.301422550052685],[-0.29840000000000005,39.301622760800846],[-0.2988,39.301822971549],[-0.2988,39.30222339304531],[-0.29840000000000005,39.30222339304531],[-0.29840000000000005,39.301822971549],[-0.29740000000000005,39.301822971549],[-0.29740000000000005,39.301622760800846],[-0.2968,39.301622760800846],[-0.2968,39.301822971549],[-0.29640000000000005,39.301822971549],[-0.29640000000000005,39.301422550052685],[-0.2968,39.301422550052685],[-0.2968,39.301022128556376],[-0.29660000000000003,39.301022128556376],[-0.29660000000000003,39.30082191780822],[-0.2962,39.30082191780822]],[[-0.2978,39.30122233930453],[-0.29760000000000003,39.30122233930453],[-0.29760000000000003,39.301022128556376],[-0.2972,39.301022128556376],[-0.2972,39.301422550052685],[-0.2978,39.301422550052685],[-0.2978,39.30122233930453]]]},"properties":{"area_sqm":32872.8,"area_ha":3.29,"area_km2":0.0329,"backscatter_change_db":-4.66,"flood_confidence":0.184,"pixel_count":86,"source":"Sentinel-1 RTC COG log-ratio \u0394\u03c3\u00b0 < \u22123 dB"}},{"type":"Feature","geometry":{"type":"Polygon","coordinates":[[[-0.29740000000000005,39.303024236037935],[-0.29740000000000005,39.30282402528978],[-0.29760000000000003,39.30282402528978],[-0.29760000000000003,39.303024236037935],[-0.29800000000000004,39.303024236037935],[-0.29800000000000004,39.30282402528978],[-0.29900000000000004,39.30282402528978],[-0.29900000000000004,39.303024236037935],[-0.2988,39.303024236037935],[-0.2988,39.30342465753425],[-0.2992,39.30342465753425],[-0.29940000000000005,39.30382507903056],[-0.29860000000000003,39.304025289778714],[-0.29860000000000003,39.30442571127503],[-0.29800000000000004,39.30442571127503],[-0.29800000000000004,39.304625922023185],[-0.2978,39.304625922023185],[-0.2978,39.30422550052687],[-0.29740000000000005,39.304025289778714],[-0.29740000000000005,39.303624868282405],[-0.29700000000000004,39.303624868282405],[-0.29700000000000004,39.30342465753425],[-0.2968,39.30342465753425],[-0.2968,39.30282402528978],[-0.2972,39.30282402528978],[-0.2972,39.303024236037935],[-0.29740000000000005,39.303024236037935]]]},"properties":{"area_sqm":25610.2,"area_ha":2.56,"area_km2":0.0256,"backscatter_change_db":-6.21,"flood_confidence":0.357,"pixel_count":67,"source":"Sentinel-1 RTC COG log-ratio \u0394\u03c3\u00b0 < \u22123 dB"}},{"type":"Feature","geometry":{"type":"Polygon","coordinates":[[[-0.2922,39.32965226554268],[-0.29240000000000005,39.32925184404637],[-0.2928,39.32925184404637],[-0.2928,39.32885142255005],[-0.29300000000000004,39.32885142255005],[-0.29300000000000004,39.32905163329821],[-0.29340000000000005,39.32905163329821],[-0.29340000000000005,39.32945205479452],[-0.2926,39.32945205479452],[-0.29240000000000005,39.33025289778715],[-0.29180000000000006,39.33025289778715],[-0.29180000000000006,39.330653319283456],[-0.2916,39.330653319283456],[-0.29140000000000005,39.33025289778715],[-0.2916,39.33025289778715],[-0.2916,39.330052687038986],[-0.29200000000000004,39.330052687038986],[-0.29180000000000006,39.32965226554268],[-0.2916,39.32965226554268],[-0.2916,39.32905163329821],[-0.2912,39.32925184404637],[-0.2912,39.32965226554268],[-0.29100000000000004,39.32965226554268],[-0.29100000000000004,39.32925184404637],[-0.2906,39.32925184404637],[-0.2906,39.3286512118019],[-0.29040000000000005,39.3286512118019],[-0.2906,39.32825079030559],[-0.29080000000000006,39.32825079030559],[-0.29080000000000006,39.32805057955743],[-0.29040000000000005,39.32785036880927],[-0.29040000000000005,39.32825079030559],[-0.28980000000000006,39.32825079030559],[-0.28980000000000006,39.32785036880927],[-0.28940000000000005,39.32785036880927],[-0.28940000000000005,39.32765015806112],[-0.28980000000000006,39.32765015806112],[-0.28980000000000006,39.3272497365648],[-0.2902,39.3272497365648],[-0.2902,39.32684931506849],[-0.29040000000000005,39.32684931506849],[-0.29040000000000005,39.32664910432034],[-0.29080000000000006,39.32664910432034],[-0.29080000000000006,39.32624868282402],[-0.29100000000000004,39.32624868282402],[-0.29100000000000004,39.32684931506849],[-0.29080000000000006,39.32684931506849],[-0.29080000000000006,39.32704952581665],[-0.2912,39.32704952581665],[-0.2912,39.327449947312964],[-0.29080000000000006,39.327449947312964],[-0.29080000000000006,39.32765015806112],[-0.2912,39.32765015806112],[-0.2912,39.32805057955743],[-0.2916,39.32825079030559],[-0.2916,39.3286512118019],[-0.29180000000000006,39.3286512118019],[-0.29180000000000006,39.32845100105374],[-0.2922,39.3286512118019],[-0.2922,39.32885142255005],[-0.29200000000000004,39.32885142255005],[-0.29200000000000004,39.32925184404637],[-0.29180000000000006,39.32925184404637],[-0.29180000000000006,39.32945205479452],[-0.2922,39.32965226554268]],[[-0.29140000000000005,39.3286512118019],[-0.29140000000000005,39.32885142255005],[-0.2916,39.32885142255005],[-0.2916,39.3286512118019],[-0.29140000000000005,39.3286512118019]],[[-0.29100000000000004,39.3286512118019],[-0.29080000000000006,39.3286512118019],[-0.29080000000000006,39.32885142255005],[-0.29100000000000004,39.32885142255005],[-0.29100000000000004,39.3286512118019]]]},"properties":{"area_sqm":40517.7,"area_ha":4.05,"area_km2":0.0405,"backscatter_change_db":-4.33,"flood_confidence":0.148,"pixel_count":106,"source":"Sentinel-1 RTC COG log-ratio \u0394\u03c3\u00b0 < \u22123 dB"}},{"type":"Feature","geometry":{"type":"Polygon","coordinates":[[[-0.30000000000000004,39.32825079030559],[-0.30000000000000004,39.32845100105374],[-0.29960000000000003,39.3286512118019],[-0.29960000000000003,39.32905163329821],[-0.29940000000000005,39.32905163329821],[-0.29940000000000005,39.32885142255005],[-0.29840000000000005,39.32885142255005],[-0.29840000000000005,39.32845100105374],[-0.29800000000000004,39.32845100105374],[-0.29800000000000004,39.3286512118019],[-0.2982,39.3286512118019],[-0.29800000000000004,39.32905163329821],[-0.2982,39.32905163329821],[-0.2982,39.32925184404637],[-0.29940000000000005,39.32925184404637],[-0.29940000000000005,39.32945205479452],[-0.2998,39.32945205479452],[-0.2998,39.32965226554268],[-0.29900000000000004,39.32965226554268],[-0.2992,39.330052687038986],[-0.29940000000000005,39.330052687038986],[-0.29940000000000005,39.330653319283456],[-0.29900000000000004,39.330653319283456],[-0.29900000000000004,39.33085353003161],[-0.2988,39.33085353003161],[-0.2988,39.33125395152793],[-0.29940000000000005,39.33125395152793],[-0.29940000000000005,39.33185458377239],[-0.29960000000000003,39.33185458377239],[-0.29960000000000003,39.33205479452055],[-0.2988,39.33205479452055],[-0.2988,39.33245521601686],[-0.29860000000000003,39.33245521601686],[-0.29860000000000003,39.33305584826133],[-0.2988,39.33305584826133],[-0.2988,39.332655426765015],[-0.29960000000000003,39.332655426765015],[-0.29960000000000003,39.33305584826133],[-0.30000000000000004,39.33305584826133],[-0.30000000000000004,39.333256059009486],[-0.30040000000000006,39.33305584826133],[-0.30040000000000006,39.33285563751317],[-0.3012,39.33305584826133],[-0.3012,39.333256059009486],[-0.3008,39.333256059009486],[-0.3008,39.33345626975764],[-0.3012,39.33345626975764],[-0.3012,39.333656480505795],[-0.30100000000000005,39.333656480505795],[-0.30100000000000005,39.33405690200211],[-0.30060000000000003,39.33405690200211],[-0.30060000000000003,39.334657534246574],[-0.3008,39.334657534246574],[-0.3008,39.33505795574289],[-0.3002,39.33505795574289],[-0.3002,39.334657534246574],[-0.30000000000000004,39.334657534246574],[-0.30000000000000004,39.334257112750265],[-0.3002,39.334257112750265],[-0.3002,39.33405690200211],[-0.30000000000000004,39.33405690200211],[-0.30000000000000004,39.33385669125395],[-0.2998,39.33385669125395],[-0.2998,39.333656480505795],[-0.29940000000000005,39.33345626975764],[-0.2992,39.334257112750265],[-0.29940000000000005,39.334257112750265],[-0.29960000000000003,39.334657534246574],[-0.2992,39.334657534246574],[-0.2992,39.33485774499473],[-0.29900000000000004,39.33485774499473],[-0.2992,39.335258166491045],[-0.29900000000000004,39.335258166491045],[-0.29900000000000004,39.33565858798735],[-0.2988,39.33565858798735],[-0.2988,39.335858798735515],[-0.29900000000000004,39.335858798735515],[-0.29900000000000004,39.33605900948367],[-0.2988,39.33605900948367],[-0.2988,39.33645943097998],[-0.2982,39.33645943097998],[-0.2982,39.336859852476294],[-0.29840000000000005,39.336859852476294],[-0.29840000000000005,39.33746048472076],[-0.29800000000000004,39.33746048472076],[-0.29800000000000004,39.337860906217074],[-0.29760000000000003,39.337860906217074],[-0.29760000000000003,39.33806111696523],[-0.29740000000000005,39.33806111696523],[-0.29740000000000005,39.337860906217074],[-0.2968,39.337860906217074],[-0.2968,39.336859852476294],[-0.29660000000000003,39.336859852476294],[-0.29660000000000003,39.33706006322445],[-0.2962,39.33706006322445],[-0.2962,39.3372602739726],[-0.29640000000000005,39.3372602739726],[-0.29640000000000005,39.33806111696523],[-0.29600000000000004,39.337860906217074],[-0.29600000000000004,39.33826132771338],[-0.29540000000000005,39.33826132771338],[-0.29540000000000005,39.33766069546891],[-0.29500000000000004,39.33766069546891],[-0.29500000000000004,39.33746048472076],[-0.29540000000000005,39.33746048472076],[-0.29540000000000005,39.3372602739726],[-0.2952,39.3372602739726],[-0.29500000000000004,39.336859852476294],[-0.29540000000000005,39.336859852476294],[-0.2952,39.33645943097998],[-0.29540000000000005,39.33645943097998],[-0.29540000000000005,39.33565858798735],[-0.29560000000000003,39.33565858798735],[-0.29560000000000003,39.33445732349842],[-0.2952,39.334257112750265],[-0.29500000000000004,39.33505795574289],[-0.2948,39.33505795574289],[-0.2948,39.335258166491045],[-0.29440000000000005,39.335258166491045],[-0.29440000000000005,39.33485774499473],[-0.2942,39.33485774499473],[-0.2942,39.334657534246574],[-0.29460000000000003,39.334657534246574],[-0.29460000000000003,39.33405690200211],[-0.29440000000000005,39.33405690200211],[-0.29440000000000005,39.33385669125395],[-0.29460000000000003,39.33385669125395],[-0.2948,39.33345626975764],[-0.29400000000000004,39.33345626975764],[-0.29400000000000004,39.33305584826133],[-0.29440000000000005,39.33305584826133],[-0.29440000000000005,39.333256059009486],[-0.29500000000000004,39.333256059009486],[-0.2952,39.33285563751317],[-0.29560000000000003,39.33285563751317],[-0.29560000000000003,39.333256059009486],[-0.2958,39.333256059009486],[-0.2958,39.332655426765015],[-0.29500000000000004,39.332655426765015],[-0.29500000000000004,39.33285563751317],[-0.2942,39.332655426765015],[-0.2942,39.33285563751317],[-0.29400000000000004,39.33285563751317],[-0.29400000000000004,39.33245521601686],[-0.2942,39.33245521601686],[-0.2942,39.332255005268706],[-0.29500000000000004,39.332255005268706],[-0.2948,39.33145416227608],[-0.29460000000000003,39.33145416227608],[-0.29460000000000003,39.331654373024236],[-0.2938,39.331654373024236],[-0.2936,39.33125395152793],[-0.2932,39.33125395152793],[-0.29300000000000004,39.33085353003161],[-0.2926,39.33085353003161],[-0.2926,39.330653319283456],[-0.29240000000000005,39.330653319283456],[-0.29240000000000005,39.33025289778715],[-0.2926,39.33025289778715],[-0.2926,39.3304531085353],[-0.29340000000000005,39.3304531085353],[-0.29340000000000005,39.330653319283456],[-0.2932,39.330653319283456],[-0.29340000000000005,39.331053740779765],[-0.2936,39.331053740779765],[-0.2936,39.33085353003161],[-0.29440000000000005,39.33085353003161],[-0.29460000000000003,39.33125395152793],[-0.29540000000000005,39.33125395152793],[-0.29540000000000005,39.33185458377239],[-0.2952,39.33185458377239],[-0.2952,39.33205479452055],[-0.29560000000000003,39.33205479452055],[-0.29600000000000004,39.33125395152793],[-0.29640000000000005,39.33125395152793],[-0.29640000000000005,39.33085353003161],[-0.29600000000000004,39.33085353003161],[-0.29600000000000004,39.331053740779765],[-0.2958,39.331053740779765],[-0.2958,39.330653319283456],[-0.2952,39.330653319283456],[-0.2952,39.3304531085353],[-0.29460000000000003,39.3304531085353],[-0.29460000000000003,39.330653319283456],[-0.29440000000000005,39.330653319283456],[-0.29440000000000005,39.3304531085353],[-0.2936,39.3304531085353],[-0.2936,39.33025289778715],[-0.2948,39.33025289778715],[-0.2948,39.330052687038986],[-0.2942,39.330052687038986],[-0.2942,39.32925184404637],[-0.2938,39.32905163329821],[-0.2938,39.32885142255005],[-0.29400000000000004,39.32885142255005],[-0.2942,39.32845100105374],[-0.2938,39.32845100105374],[-0.2938,39.32825079030559],[-0.29460000000000003,39.32825079030559],[-0.29460000000000003,39.32805057955743],[-0.2948,39.32805057955743],[-0.2948,39.32765015806112],[-0.29500000000000004,39.32765015806112],[-0.29500000000000004,39.3272497365648],[-0.2948,39.3272497365648],[-0.2948,39.32684931506849],[-0.29440000000000005,39.32684931506849],[-0.29440000000000005,39.32664910432034],[-0.2938,39.32664910432034],[-0.2938,39.32684931506849],[-0.2932,39.32684931506849],[-0.2932,39.32704952581665],[-0.2928,39.32704952581665],[-0.2928,39.32684931506849],[-0.29300000000000004,39.32684931506849],[-0.29300000000000004,39.32604847207587],[-0.2926,39.32604847207587],[-0.2926,39.325447839831405],[-0.2928,39.325447839831405],[-0.2928,39.32524762908324],[-0.29240000000000005,39.32524762908324],[-0.29240000000000005,39.32564805057956],[-0.2922,39.32564805057956],[-0.2922,39.32524762908324],[-0.29200000000000004,39.32524762908324],[-0.29200000000000004,39.32504741833509],[-0.29300000000000004,39.32504741833509],[-0.29300000000000004,39.324847207586934],[-0.2932,39.324847207586934],[-0.2932,39.324446786090625],[-0.29300000000000004,39.324446786090625],[-0.29300000000000004,39.32464699683878],[-0.2926,39.32464699683878],[-0.2926,39.324246575342464],[-0.29240000000000005,39.324246575342464],[-0.29240000000000005,39.32404636459431],[-0.2928,39.32404636459431],[-0.2928,39.324246575342464],[-0.2932,39.32404636459431],[-0.2932,39.323846153846155],[-0.2928,39.323846153846155],[-0.2928,39.323445732349846],[-0.2926,39.323445732349846],[-0.2926,39.323245521601685],[-0.29300000000000004,39.32304531085353],[-0.29300000000000004,39.32264488935722],[-0.29340000000000005,39.32264488935722],[-0.2936,39.322244467860905],[-0.29300000000000004,39.322244467860905],[-0.2928,39.32264488935722],[-0.29240000000000005,39.322845100105376],[-0.29240000000000005,39.32204425711275],[-0.29300000000000004,39.32204425711275],[-0.29300000000000004,39.321844046364596],[-0.2932,39.321844046364596],[-0.2932,39.32204425711275],[-0.29400000000000004,39.32204425711275],[-0.29400000000000004,39.322845100105376],[-0.29560000000000003,39.322845100105376],[-0.29560000000000003,39.32304531085353],[-0.29640000000000005,39.32304531085353],[-0.29660000000000003,39.323445732349846],[-0.29700000000000004,39.323245521601685],[-0.29700000000000004,39.322845100105376],[-0.2972,39.322845100105376],[-0.2972,39.323245521601685],[-0.29740000000000005,39.323245521601685],[-0.29740000000000005,39.32304531085353],[-0.2978,39.32304531085353],[-0.2978,39.323445732349846],[-0.29800000000000004,39.323445732349846],[-0.29800000000000004,39.323645943098],[-0.29760000000000003,39.323645943098],[-0.2978,39.32404636459431],[-0.29760000000000003,39.32404636459431],[-0.29760000000000003,39.324847207586934],[-0.29740000000000005,39.324847207586934],[-0.29740000000000005,39.32504741833509],[-0.2978,39.32504741833509],[-0.2978,39.325447839831405],[-0.29940000000000005,39.32524762908324],[-0.29940000000000005,39.32564805057956],[-0.29960000000000003,39.32564805057956],[-0.29960000000000003,39.325848261327714],[-0.2992,39.325848261327714],[-0.2992,39.325447839831405],[-0.2988,39.325447839831405],[-0.29860000000000003,39.325848261327714],[-0.29900000000000004,39.325848261327714],[-0.29900000000000004,39.32604847207587],[-0.2992,39.32604847207587],[-0.2992,39.32704952581665],[-0.29900000000000004,39.32704952581665],[-0.29900000000000004,39.32765015806112],[-0.29940000000000005,39.32765015806112],[-0.29940000000000005,39.3272497365648],[-0.29960000000000003,39.3272497365648],[-0.29960000000000003,39.32805057955743],[-0.30000000000000004,39.32825079030559]],[[-0.2958,39.3372602739726],[-0.2958,39.336859852476294],[-0.29560000000000003,39.336859852476294],[-0.29540000000000005,39.3372602739726],[-0.2958,39.3372602739726]],[[-0.29460000000000003,39.33485774499473],[-0.2948,39.33485774499473],[-0.2948,39.334657534246574],[-0.29460000000000003,39.334657534246574],[-0.29460000000000003,39.33485774499473]],[[-0.2952,39.333256059009486],[-0.2952,39.33385669125395],[-0.29560000000000003,39.33385669125395],[-0.2958,39.33345626975764],[-0.29560000000000003,39.33345626975764],[-0.29560000000000003,39.333256059009486],[-0.2952,39.333256059009486]],[[-0.29560000000000003,39.33405690200211],[-0.29640000000000005,39.33405690200211],[-0.29640000000000005,39.33385669125395],[-0.29560000000000003,39.33385669125395],[-0.29560000000000003,39.33405690200211]],[[-0.2942,39.33145416227608],[-0.2942,39.331053740779765],[-0.29400000000000004,39.331053740779765],[-0.2938,39.33145416227608],[-0.2942,39.33145416227608]],[[-0.29460000000000003,39.32845100105374],[-0.2948,39.32845100105374],[-0.2948,39.32825079030559],[-0.29460000000000003,39.32825079030559],[-0.29460000000000003,39.32845100105374]],[[-0.2948,39.3286512118019],[-0.29460000000000003,39.3286512118019],[-0.29460000000000003,39.32885142255005],[-0.2952,39.32885142255005],[-0.2952,39.32845100105374],[-0.29560000000000003,39.32845100105374],[-0.29560000000000003,39.32885142255005],[-0.2958,39.32885142255005],[-0.2958,39.32925184404637],[-0.29560000000000003,39.32925184404637],[-0.29560000000000003,39.32945205479452],[-0.29600000000000004,39.32945205479452],[-0.2962,39.32905163329821],[-0.29640000000000005,39.32905163329821],[-0.29640000000000005,39.32925184404637],[-0.2968,39.32925184404637],[-0.2968,39.32905163329821],[-0.29660000000000003,39.32905163329821],[-0.29660000000000003,39.32845100105374],[-0.29640000000000005,39.32845100105374],[-0.29640000000000005,39.32825079030559],[-0.29600000000000004,39.32825079030559],[-0.29600000000000004,39.32805057955743],[-0.2958,39.32805057955743],[-0.2958,39.32765015806112],[-0.2952,39.32765015806112],[-0.2952,39.32825079030559],[-0.2948,39.32845100105374],[-0.2948,39.3286512118019]],[[-0.29600000000000004,39.32965226554268],[-0.2962,39.32965226554268],[-0.2962,39.32985247629083],[-0.2958,39.32985247629083],[-0.2958,39.32965226554268],[-0.29560000000000003,39.32965226554268],[-0.29560000000000003,39.3304531085353],[-0.2958,39.3304531085353],[-0.2958,39.330052687038986],[-0.29600000000000004,39.330052687038986],[-0.29600000000000004,39.3304531085353],[-0.2962,39.3304531085353],[-0.2962,39.330653319283456],[-0.29660000000000003,39.330653319283456],[-0.2968,39.331053740779765],[-0.29700000000000004,39.331053740779765],[-0.29700000000000004,39.33125395152793],[-0.2972,39.33125395152793],[-0.2972,39.33085353003161],[-0.2968,39.330653319283456],[-0.2968,39.33025289778715],[-0.29760000000000003,39.3304531085353],[-0.29760000000000003,39.330052687038986],[-0.2972,39.330052687038986],[-0.2972,39.32985247629083],[-0.29660000000000003,39.32985247629083],[-0.29640000000000005,39.32945205479452],[-0.29600000000000004,39.32945205479452],[-0.29600000000000004,39.32965226554268]],[[-0.29500000000000004,39.32684931506849],[-0.29500000000000004,39.32704952581665],[-0.2952,39.32704952581665],[-0.2952,39.32664910432034],[-0.2948,39.326448893572184],[-0.2948,39.32684931506849],[-0.29500000000000004,39.32684931506849]],[[-0.2948,39.32624868282402],[-0.29500000000000004,39.32624868282402],[-0.29500000000000004,39.32604847207587],[-0.29540000000000005,39.32604847207587],[-0.29540000000000005,39.325848261327714],[-0.2958,39.32604847207587],[-0.29600000000000004,39.32564805057956],[-0.2958,39.32564805057956],[-0.2958,39.325447839831405],[-0.29560000000000003,39.325447839831405],[-0.29560000000000003,39.32564805057956],[-0.29460000000000003,39.32564805057956],[-0.29460000000000003,39.325848261327714],[-0.29440000000000005,39.325848261327714],[-0.29440000000000005,39.32564805057956],[-0.2938,39.32564805057956],[-0.2938,39.325447839831405],[-0.29340000000000005,39.325447839831405],[-0.29340000000000005,39.32564805057956],[-0.2932,39.32564805057956],[-0.2932,39.32604847207587],[-0.29400000000000004,39.32604847207587],[-0.29400000000000004,39.32624868282402],[-0.29460000000000003,39.32624868282402],[-0.29460000000000003,39.326448893572184],[-0.2948,39.326448893572184],[-0.2948,39.32624868282402]],[[-0.29300000000000004,39.323645943098],[-0.29340000000000005,39.323645943098],[-0.29340000000000005,39.32304531085353],[-0.29300000000000004,39.32304531085353],[-0.29300000000000004,39.323645943098]],[[-0.29340000000000005,39.32404636459431],[-0.2938,39.32404636459431],[-0.2938,39.323846153846155],[-0.2942,39.323846153846155],[-0.2942,39.32404636459431],[-0.29440000000000005,39.32404636459431],[-0.29440000000000005,39.323445732349846],[-0.29460000000000003,39.323445732349846],[-0.29460000000000003,39.323846153846155],[-0.2948,39.323846153846155],[-0.2948,39.323645943098],[-0.29500000000000004,39.323645943098],[-0.29500000000000004,39.32304531085353],[-0.29440000000000005,39.32304531085353],[-0.29440000000000005,39.323245521601685],[-0.29400000000000004,39.323245521601685],[-0.29400000000000004,39.323645943098],[-0.29340000000000005,39.323645943098],[-0.29340000000000005,39.32404636459431]],[[-0.29400000000000004,39.32304531085353],[-0.2938,39.32304531085353],[-0.2938,39.323245521601685],[-0.29400000000000004,39.323245521601685],[-0.29400000000000004,39.32304531085353]],[[-0.29640000000000005,39.323445732349846],[-0.29640000000000005,39.323846153846155],[-0.2962,39.323846153846155],[-0.2962,39.324246575342464],[-0.29660000000000003,39.324246575342464],[-0.29660000000000003,39.323445732349846],[-0.29640000000000005,39.323445732349846]],[[-0.2982,39.325848261327714],[-0.2982,39.32604847207587],[-0.2978,39.32604847207587],[-0.2978,39.325848261327714],[-0.29760000000000003,39.325848261327714],[-0.29760000000000003,39.32624868282402],[-0.2972,39.32624868282402],[-0.2972,39.32604847207587],[-0.29700000000000004,39.32604847207587],[-0.29700000000000004,39.325447839831405],[-0.2968,39.325447839831405],[-0.2968,39.32524762908324],[-0.29700000000000004,39.32524762908324],[-0.29700000000000004,39.324847207586934],[-0.2972,39.324847207586934],[-0.2972,39.324446786090625],[-0.29700000000000004,39.324446786090625],[-0.29700000000000004,39.32464699683878],[-0.2968,39.32464699683878],[-0.2968,39.324847207586934],[-0.29640000000000005,39.32504741833509],[-0.2962,39.32464699683878],[-0.2958,39.32464699683878],[-0.2958,39.324246575342464],[-0.2952,39.324246575342464],[-0.2952,39.32464699683878],[-0.29540000000000005,39.32464699683878],[-0.29540000000000005,39.32524762908324],[-0.29600000000000004,39.32524762908324],[-0.29600000000000004,39.325447839831405],[-0.2962,39.325447839831405],[-0.2962,39.32524762908324],[-0.29660000000000003,39.32524762908324],[-0.29660000000000003,39.325848261327714],[-0.2962,39.32604847207587],[-0.2962,39.32624868282402],[-0.29700000000000004,39.32624868282402],[-0.29700000000000004,39.326448893572184],[-0.29740000000000005,39.326448893572184],[-0.29740000000000005,39.32664910432034],[-0.29860000000000003,39.32684931506849],[-0.29860000000000003,39.32664910432034],[-0.29840000000000005,39.32664910432034],[-0.29840000000000005,39.326448893572184],[-0.29860000000000003,39.326448893572184],[-0.29860000000000003,39.325848261327714],[-0.2982,39.325848261327714]],[[-0.29600000000000004,39.32624868282402],[-0.29600000000000004,39.326448893572184],[-0.2962,39.326448893572184],[-0.2962,39.32624868282402],[-0.29600000000000004,39.32624868282402]],[[-0.2962,39.33746048472076],[-0.29600000000000004,39.33746048472076],[-0.29600000000000004,39.33766069546891],[-0.2962,39.33766069546891],[-0.2962,39.33746048472076]],[[-0.29800000000000004,39.3372602739726],[-0.2982,39.3372602739726],[-0.2982,39.33706006322445],[-0.29800000000000004,39.33706006322445],[-0.29800000000000004,39.3372602739726]],[[-0.29800000000000004,39.336859852476294],[-0.29760000000000003,39.336859852476294],[-0.29760000000000003,39.33665964172813],[-0.29740000000000005,39.33665964172813],[-0.29740000000000005,39.336859852476294],[-0.29700000000000004,39.336859852476294],[-0.29700000000000004,39.3372602739726],[-0.2978,39.3372602739726],[-0.29800000000000004,39.336859852476294]],[[-0.29660000000000003,39.33645943097998],[-0.29640000000000005,39.33645943097998],[-0.29640000000000005,39.33665964172813],[-0.29660000000000003,39.33665964172813],[-0.29660000000000003,39.33645943097998]],[[-0.29660000000000003,39.335858798735515],[-0.29640000000000005,39.335858798735515],[-0.29640000000000005,39.33605900948367],[-0.2962,39.33605900948367],[-0.2962,39.335858798735515],[-0.2958,39.335858798735515],[-0.2958,39.33665964172813],[-0.29600000000000004,39.33665964172813],[-0.29600000000000004,39.336259220231824],[-0.29660000000000003,39.336259220231824],[-0.29660000000000003,39.335858798735515]],[[-0.2972,39.336259220231824],[-0.2968,39.336259220231824],[-0.2968,39.33645943097998],[-0.29740000000000005,39.33645943097998],[-0.29740000000000005,39.336259220231824],[-0.2978,39.336259220231824],[-0.2978,39.33645943097998],[-0.29800000000000004,39.33645943097998],[-0.29800000000000004,39.336259220231824],[-0.2982,39.336259220231824],[-0.2982,39.335858798735515],[-0.29740000000000005,39.33605900948367],[-0.2972,39.33565858798735],[-0.29700000000000004,39.33565858798735],[-0.29700000000000004,39.33605900948367],[-0.2972,39.33605900948367],[-0.2972,39.336259220231824]],[[-0.29800000000000004,39.3354583772392],[-0.29760000000000003,39.3354583772392],[-0.29760000000000003,39.33565858798735],[-0.29800000000000004,39.33565858798735],[-0.29800000000000004,39.3354583772392]],[[-0.2962,39.3354583772392],[-0.29600000000000004,39.3354583772392],[-0.29600000000000004,39.33565858798735],[-0.2962,39.33565858798735],[-0.2962,39.3354583772392]],[[-0.2962,39.33505795574289],[-0.29600000000000004,39.33505795574289],[-0.29600000000000004,39.335258166491045],[-0.2962,39.335258166491045],[-0.2962,39.33505795574289]],[[-0.29900000000000004,39.33405690200211],[-0.29800000000000004,39.33405690200211],[-0.29800000000000004,39.334257112750265],[-0.2978,39.334257112750265],[-0.2978,39.33485774499473],[-0.29800000000000004,39.33485774499473],[-0.29800000000000004,39.33505795574289],[-0.29840000000000005,39.33505795574289],[-0.29840000000000005,39.33485774499473],[-0.29860000000000003,39.33485774499473],[-0.2988,39.33445732349842],[-0.29900000000000004,39.33445732349842],[-0.29900000000000004,39.33405690200211]],[[-0.29800000000000004,39.333656480505795],[-0.2982,39.333656480505795],[-0.2982,39.33345626975764],[-0.29760000000000003,39.33345626975764],[-0.29760000000000003,39.33305584826133],[-0.2978,39.33305584826133],[-0.2978,39.33285563751317],[-0.2982,39.33305584826133],[-0.29840000000000005,39.332255005268706],[-0.29800000000000004,39.332255005268706],[-0.29800000000000004,39.332655426765015],[-0.29740000000000005,39.332655426765015],[-0.29740000000000005,39.33245521601686],[-0.2972,39.33245521601686],[-0.2972,39.33285563751317],[-0.29740000000000005,39.33285563751317],[-0.29740000000000005,39.33385669125395],[-0.2978,39.333656480505795],[-0.2978,39.33405690200211],[-0.29800000000000004,39.33405690200211],[-0.29800000000000004,39.333656480505795]],[[-0.2972,39.33485774499473],[-0.29700000000000004,39.33485774499473],[-0.29700000000000004,39.33505795574289],[-0.2972,39.33505795574289],[-0.2972,39.33485774499473]],[[-0.29640000000000005,39.33485774499473],[-0.29660000000000003,39.33485774499473],[-0.29660000000000003,39.33445732349842],[-0.29740000000000005,39.334657534246574],[-0.29740000000000005,39.334257112750265],[-0.2972,39.334257112750265],[-0.2972,39.33405690200211],[-0.29700000000000004,39.33405690200211],[-0.29700000000000004,39.334257112750265],[-0.2962,39.334257112750265],[-0.2962,39.334657534246574],[-0.29640000000000005,39.334657534246574],[-0.29640000000000005,39.33485774499473]],[[-0.29660000000000003,39.33385669125395],[-0.29700000000000004,39.33385669125395],[-0.29700000000000004,39.33345626975764],[-0.2972,39.33345626975764],[-0.2972,39.33305584826133],[-0.29700000000000004,39.33305584826133],[-0.29700000000000004,39.33285563751317],[-0.29660000000000003,39.33285563751317],[-0.29660000000000003,39.33305584826133],[-0.2968,39.33305584826133],[-0.2968,39.333656480505795],[-0.29660000000000003,39.333656480505795],[-0.29660000000000003,39.33385669125395]],[[-0.29660000000000003,39.332655426765015],[-0.2968,39.332655426765015],[-0.2968,39.33245521601686],[-0.29660000000000003,39.33245521601686],[-0.29660000000000003,39.332255005268706],[-0.2962,39.332255005268706],[-0.2962,39.33245521601686],[-0.29600000000000004,39.33245521601686],[-0.29600000000000004,39.33285563751317],[-0.29660000000000003,39.33285563751317],[-0.29660000000000003,39.332655426765015]],[[-0.29600000000000004,39.332255005268706],[-0.29560000000000003,39.332255005268706],[-0.29560000000000003,39.33245521601686],[-0.29600000000000004,39.33245521601686],[-0.29600000000000004,39.332255005268706]],[[-0.29660000000000003,39.33345626975764],[-0.29640000000000005,39.33345626975764],[-0.29640000000000005,39.333656480505795],[-0.29660000000000003,39.333656480505795],[-0.29660000000000003,39.33345626975764]],[[-0.30060000000000003,39.333256059009486],[-0.3002,39.33345626975764],[-0.3002,39.333656480505795],[-0.30060000000000003,39.333656480505795],[-0.30060000000000003,39.333256059009486]],[[-0.29900000000000004,39.33345626975764],[-0.2992,39.33345626975764],[-0.2992,39.333256059009486],[-0.2988,39.333256059009486],[-0.2988,39.333656480505795],[-0.29900000000000004,39.333656480505795],[-0.29900000000000004,39.33345626975764]],[[-0.29840000000000005,39.33125395152793],[-0.29800000000000004,39.33125395152793],[-0.29800000000000004,39.33145416227608],[-0.2978,39.33145416227608],[-0.2978,39.331654373024236],[-0.29800000000000004,39.331654373024236],[-0.29800000000000004,39.33205479452055],[-0.29860000000000003,39.33205479452055],[-0.29860000000000003,39.33185458377239],[-0.29840000000000005,39.33185458377239],[-0.29840000000000005,39.33125395152793]],[[-0.29700000000000004,39.331654373024236],[-0.2968,39.331654373024236],[-0.2968,39.33145416227608],[-0.29640000000000005,39.33145416227608],[-0.29640000000000005,39.33185458377239],[-0.2962,39.33185458377239],[-0.2962,39.33205479452055],[-0.2972,39.33205479452055],[-0.29700000000000004,39.331654373024236]],[[-0.29760000000000003,39.33125395152793],[-0.29740000000000005,39.33125395152793],[-0.29740000000000005,39.33145416227608],[-0.29760000000000003,39.33145416227608],[-0.29760000000000003,39.33125395152793]],[[-0.29840000000000005,39.33085353003161],[-0.2982,39.33085353003161],[-0.2982,39.331053740779765],[-0.29840000000000005,39.331053740779765],[-0.29840000000000005,39.33085353003161]],[[-0.2952,39.32985247629083],[-0.29500000000000004,39.32985247629083],[-0.29500000000000004,39.33025289778715],[-0.2952,39.33025289778715],[-0.2952,39.32985247629083]],[[-0.2972,39.32945205479452],[-0.2978,39.32945205479452],[-0.2978,39.32965226554268],[-0.29800000000000004,39.32965226554268],[-0.29800000000000004,39.32925184404637],[-0.29760000000000003,39.32925184404637],[-0.29760000000000003,39.32905163329821],[-0.2972,39.32905163329821],[-0.2972,39.32945205479452]],[[-0.2948,39.32925184404637],[-0.29460000000000003,39.32925184404637],[-0.29460000000000003,39.32945205479452],[-0.2948,39.32945205479452],[-0.2948,39.32925184404637]],[[-0.2988,39.32845100105374],[-0.2988,39.32805057955743],[-0.29900000000000004,39.32805057955743],[-0.29900000000000004,39.32785036880927],[-0.2988,39.32785036880927],[-0.2988,39.327449947312964],[-0.29840000000000005,39.327449947312964],[-0.29840000000000005,39.32765015806112],[-0.29860000000000003,39.32765015806112],[-0.29860000000000003,39.32845100105374],[-0.2988,39.32845100105374]],[[-0.29840000000000005,39.32704952581665],[-0.29800000000000004,39.3272497365648],[-0.29800000000000004,39.327449947312964],[-0.29840000000000005,39.327449947312964],[-0.29840000000000005,39.32704952581665]],[[-0.29800000000000004,39.32765015806112],[-0.29800000000000004,39.32785036880927],[-0.29840000000000005,39.32785036880927],[-0.29840000000000005,39.32765015806112],[-0.29800000000000004,39.32765015806112]],[[-0.2978,39.32785036880927],[-0.2978,39.32765015806112],[-0.29740000000000005,39.32765015806112],[-0.29740000000000005,39.32805057955743],[-0.29800000000000004,39.32805057955743],[-0.29800000000000004,39.32785036880927],[-0.2978,39.32785036880927]],[[-0.2972,39.32805057955743],[-0.2968,39.32805057955743],[-0.2968,39.32825079030559],[-0.2972,39.32825079030559],[-0.2972,39.32805057955743]],[[-0.29660000000000003,39.32765015806112],[-0.2962,39.32765015806112],[-0.2962,39.32785036880927],[-0.29660000000000003,39.32785036880927],[-0.29660000000000003,39.32765015806112]],[[-0.2978,39.32684931506849],[-0.29760000000000003,39.32684931506849],[-0.29760000000000003,39.32704952581665],[-0.2978,39.32704952581665],[-0.2978,39.32684931506849]],[[-0.29600000000000004,39.32664910432034],[-0.29560000000000003,39.32664910432034],[-0.29560000000000003,39.32704952581665],[-0.29600000000000004,39.32704952581665],[-0.29600000000000004,39.32664910432034]],[[-0.2968,39.326448893572184],[-0.29660000000000003,39.326448893572184],[-0.29660000000000003,39.32684931506849],[-0.2968,39.32684931506849],[-0.2968,39.326448893572184]],[[-0.29440000000000005,39.32524762908324],[-0.29400000000000004,39.32524762908324],[-0.29400000000000004,39.325447839831405],[-0.29440000000000005,39.325447839831405],[-0.29440000000000005,39.32524762908324]],[[-0.2952,39.32504741833509],[-0.2948,39.32504741833509],[-0.2948,39.32524762908324],[-0.2952,39.32524762908324],[-0.2952,39.32504741833509]],[[-0.29340000000000005,39.32504741833509],[-0.2932,39.32504741833509],[-0.2932,39.32524762908324],[-0.29340000000000005,39.32524762908324],[-0.29340000000000005,39.32504741833509]],[[-0.29460000000000003,39.324446786090625],[-0.2942,39.32464699683878],[-0.2942,39.324847207586934],[-0.29460000000000003,39.324847207586934],[-0.29460000000000003,39.324446786090625]],[[-0.2972,39.323846153846155],[-0.2968,39.323846153846155],[-0.29700000000000004,39.324246575342464],[-0.2972,39.324246575342464],[-0.2972,39.323846153846155]],[[-0.29540000000000005,39.32404636459431],[-0.29560000000000003,39.32404636459431],[-0.2958,39.323645943098],[-0.2962,39.323645943098],[-0.2962,39.323445732349846],[-0.29560000000000003,39.323445732349846],[-0.29560000000000003,39.323645943098],[-0.29540000000000005,39.323645943098],[-0.29540000000000005,39.32404636459431]],[[-0.29560000000000003,39.323245521601685],[-0.29540000000000005,39.323245521601685],[-0.29540000000000005,39.323445732349846],[-0.29560000000000003,39.323445732349846],[-0.29560000000000003,39.323245521601685]]]},"properties":{"area_sqm":515644.9,"area_ha":51.56,"area_km2":0.5156,"backscatter_change_db":-4.51,"flood_confidence":0.168,"pixel_count":1349,"source":"Sentinel-1 RTC COG log-ratio \u0394\u03c3\u00b0 < \u22123 dB"}},{"type":"Feature","geometry":{"type":"Polygon","coordinates":[[[-0.29940000000000005,39.3422655426765],[-0.29940000000000005,39.342465753424655],[-0.29900000000000004,39.3422655426765],[-0.29900000000000004,39.34186512118019],[-0.29940000000000005,39.34186512118019],[-0.29940000000000005,39.34166491043204],[-0.29800000000000004,39.34166491043204],[-0.29800000000000004,39.34186512118019],[-0.2978,39.34186512118019],[-0.2978,39.34166491043204],[-0.29740000000000005,39.34166491043204],[-0.29740000000000005,39.34126448893572],[-0.29660000000000003,39.34126448893572],[-0.29660000000000003,39.34166491043204],[-0.29700000000000004,39.34166491043204],[-0.29700000000000004,39.34186512118019],[-0.29640000000000005,39.34186512118019],[-0.29640000000000005,39.34166491043204],[-0.2962,39.34166491043204],[-0.29600000000000004,39.342065331928346],[-0.29560000000000003,39.342065331928346],[-0.2958,39.34166491043204],[-0.29600000000000004,39.34166491043204],[-0.29600000000000004,39.341464699683875],[-0.29640000000000005,39.341464699683875],[-0.29640000000000005,39.34126448893572],[-0.2962,39.34126448893572],[-0.29640000000000005,39.340463645943096],[-0.29600000000000004,39.340463645943096],[-0.29600000000000004,39.34066385669126],[-0.29560000000000003,39.34086406743941],[-0.29560000000000003,39.340463645943096],[-0.29540000000000005,39.340463645943096],[-0.29560000000000003,39.34006322444679],[-0.2952,39.34006322444679],[-0.2952,39.33986301369863],[-0.29540000000000005,39.33986301369863],[-0.2952,39.33946259220232],[-0.2962,39.33946259220232],[-0.2962,39.33886195995785],[-0.2958,39.33886195995785],[-0.2958,39.33906217070601],[-0.29560000000000003,39.33906217070601],[-0.29560000000000003,39.33866174920969],[-0.2962,39.33866174920969],[-0.2962,39.33846153846154],[-0.29660000000000003,39.33846153846154],[-0.29660000000000003,39.33886195995785],[-0.29700000000000004,39.33886195995785],[-0.29700000000000004,39.33826132771338],[-0.29800000000000004,39.33826132771338],[-0.29800000000000004,39.33806111696523],[-0.29840000000000005,39.33806111696523],[-0.29840000000000005,39.33846153846154],[-0.29860000000000003,39.33846153846154],[-0.29860000000000003,39.33886195995785],[-0.29840000000000005,39.33886195995785],[-0.29840000000000005,39.33906217070601],[-0.2988,39.33906217070601],[-0.2988,39.33886195995785],[-0.2992,39.33906217070601],[-0.29900000000000004,39.33946259220232],[-0.29940000000000005,39.33946259220232],[-0.29940000000000005,39.33966280295047],[-0.29960000000000003,39.33966280295047],[-0.29960000000000003,39.34006322444679],[-0.2992,39.34006322444679],[-0.2992,39.34026343519494],[-0.29960000000000003,39.34026343519494],[-0.29960000000000003,39.340463645943096],[-0.2998,39.340463645943096],[-0.2998,39.34086406743941],[-0.29940000000000005,39.34086406743941],[-0.29940000000000005,39.34066385669126],[-0.29900000000000004,39.34086406743941],[-0.29900000000000004,39.34066385669126],[-0.2988,39.34066385669126],[-0.29860000000000003,39.34106427818757],[-0.2988,39.34106427818757],[-0.2988,39.34126448893572],[-0.29900000000000004,39.34126448893572],[-0.29900000000000004,39.34106427818757],[-0.3002,39.34126448893572],[-0.3002,39.34166491043204],[-0.30000000000000004,39.34166491043204],[-0.30000000000000004,39.341464699683875],[-0.29960000000000003,39.341464699683875],[-0.29960000000000003,39.34166491043204],[-0.2998,39.34166491043204],[-0.2998,39.3422655426765],[-0.29940000000000005,39.3422655426765]],[[-0.2992,39.33986301369863],[-0.29860000000000003,39.33986301369863],[-0.29860000000000003,39.34006322444679],[-0.2992,39.34006322444679],[-0.2992,39.33986301369863]],[[-0.29860000000000003,39.33966280295047],[-0.2982,39.33966280295047],[-0.2982,39.33946259220232],[-0.29800000000000004,39.33946259220232],[-0.29800000000000004,39.33966280295047],[-0.29760000000000003,39.33966280295047],[-0.29760000000000003,39.33986301369863],[-0.2972,39.34006322444679],[-0.2972,39.33966280295047],[-0.29740000000000005,39.33966280295047],[-0.29760000000000003,39.33926238145416],[-0.2968,39.33926238145416],[-0.2968,39.33966280295047],[-0.29700000000000004,39.33966280295047],[-0.29700000000000004,39.33986301369863],[-0.2962,39.33986301369863],[-0.2962,39.34026343519494],[-0.29700000000000004,39.340463645943096],[-0.29700000000000004,39.34066385669126],[-0.2972,39.34066385669126],[-0.29740000000000005,39.34026343519494],[-0.29760000000000003,39.34026343519494],[-0.29760000000000003,39.34086406743941],[-0.2978,39.34086406743941],[-0.2978,39.34126448893572],[-0.29800000000000004,39.34126448893572],[-0.29800000000000004,39.341464699683875],[-0.29840000000000005,39.341464699683875],[-0.29840000000000005,39.34126448893572],[-0.2982,39.34126448893572],[-0.2982,39.34066385669126],[-0.29860000000000003,39.34066385669126],[-0.29860000000000003,39.34026343519494],[-0.2982,39.340463645943096],[-0.2982,39.34006322444679],[-0.29860000000000003,39.33986301369863],[-0.29860000000000003,39.33966280295047]],[[-0.2988,39.33966280295047],[-0.2988,39.33946259220232],[-0.29860000000000003,39.33946259220232],[-0.29860000000000003,39.33966280295047],[-0.2988,39.33966280295047]],[[-0.2978,39.33926238145416],[-0.2978,39.33906217070601],[-0.29760000000000003,39.33906217070601],[-0.29760000000000003,39.33926238145416],[-0.2978,39.33926238145416]],[[-0.29860000000000003,39.34126448893572],[-0.29860000000000003,39.341464699683875],[-0.2988,39.341464699683875],[-0.2988,39.34126448893572],[-0.29860000000000003,39.34126448893572]],[[-0.29700000000000004,39.34086406743941],[-0.2968,39.34086406743941],[-0.2968,39.34106427818757],[-0.29700000000000004,39.34106427818757],[-0.29700000000000004,39.34086406743941]],[[-0.29600000000000004,39.33966280295047],[-0.2958,39.33966280295047],[-0.2958,39.33986301369863],[-0.29600000000000004,39.33986301369863],[-0.29600000000000004,39.33966280295047]],[[-0.29740000000000005,39.33886195995785],[-0.2972,39.33886195995785],[-0.2972,39.33906217070601],[-0.29740000000000005,39.33906217070601],[-0.29740000000000005,39.33886195995785]],[[-0.29800000000000004,39.33866174920969],[-0.2978,39.33866174920969],[-0.2978,39.33886195995785],[-0.29800000000000004,39.33886195995785],[-0.29800000000000004,39.33866174920969]]]},"properties":{"area_sqm":84857.8,"area_ha":8.49,"area_km2":0.0849,"backscatter_change_db":-4.55,"flood_confidence":0.172,"pixel_count":222,"source":"Sentinel-1 RTC COG log-ratio \u0394\u03c3\u00b0 < \u22123 dB"}},{"type":"Feature","geometry":{"type":"Polygon","coordinates":[[[-0.2942,39.343466807165434],[-0.29400000000000004,39.34386722866175],[-0.29440000000000005,39.34386722866175],[-0.29440000000000005,39.344668071654375],[-0.29400000000000004,39.34446786090622],[-0.29400000000000004,39.344067439409905],[-0.2938,39.344067439409905],[-0.2938,39.343667017913596],[-0.2936,39.343667017913596],[-0.2936,39.343466807165434],[-0.2932,39.343466807165434],[-0.2932,39.34326659641728],[-0.29300000000000004,39.34326659641728],[-0.29300000000000004,39.34266596417282],[-0.29340000000000005,39.34266596417282],[-0.29340000000000005,39.34286617492097],[-0.2936,39.34286617492097],[-0.29340000000000005,39.342065331928346],[-0.2936,39.342065331928346],[-0.2936,39.34166491043204],[-0.2938,39.34166491043204],[-0.2938,39.341464699683875],[-0.29400000000000004,39.341464699683875],[-0.29400000000000004,39.34066385669126],[-0.29300000000000004,39.34066385669126],[-0.2928,39.34026343519494],[-0.2936,39.34026343519494],[-0.2936,39.340463645943096],[-0.2938,39.340463645943096],[-0.2938,39.34026343519494],[-0.2942,39.34026343519494],[-0.2942,39.34066385669126],[-0.29500000000000004,39.34066385669126],[-0.29500000000000004,39.340463645943096],[-0.29540000000000005,39.34066385669126],[-0.29540000000000005,39.34086406743941],[-0.29440000000000005,39.34086406743941],[-0.29440000000000005,39.34126448893572],[-0.29500000000000004,39.34126448893572],[-0.29500000000000004,39.341464699683875],[-0.29540000000000005,39.341464699683875],[-0.29540000000000005,39.342065331928346],[-0.2952,39.342065331928346],[-0.2952,39.34266596417282],[-0.29500000000000004,39.34266596417282],[-0.29500000000000004,39.34286617492097],[-0.29540000000000005,39.34286617492097],[-0.29540000000000005,39.34326659641728],[-0.29560000000000003,39.34326659641728],[-0.29560000000000003,39.343466807165434],[-0.29540000000000005,39.343466807165434],[-0.29540000000000005,39.343667017913596],[-0.2948,39.343667017913596],[-0.2948,39.34386722866175],[-0.29440000000000005,39.343667017913596],[-0.29440000000000005,39.343466807165434],[-0.2942,39.343466807165434]],[[-0.2938,39.34186512118019],[-0.29400000000000004,39.34186512118019],[-0.29400000000000004,39.342065331928346],[-0.29440000000000005,39.342065331928346],[-0.29440000000000005,39.34186512118019],[-0.29460000000000003,39.34186512118019],[-0.29460000000000003,39.341464699683875],[-0.29440000000000005,39.341464699683875],[-0.29440000000000005,39.34166491043204],[-0.2938,39.34166491043204],[-0.2938,39.34186512118019]],[[-0.29460000000000003,39.34286617492097],[-0.29460000000000003,39.34326659641728],[-0.2948,39.34326659641728],[-0.29500000000000004,39.34286617492097],[-0.29460000000000003,39.34286617492097]],[[-0.29460000000000003,39.3422655426765],[-0.29440000000000005,39.3422655426765],[-0.29440000000000005,39.342465753424655],[-0.29400000000000004,39.3422655426765],[-0.29400000000000004,39.34266596417282],[-0.2942,39.34266596417282],[-0.2942,39.34286617492097],[-0.29460000000000003,39.34286617492097],[-0.29460000000000003,39.3422655426765]],[[-0.29400000000000004,39.343066385669125],[-0.2938,39.343066385669125],[-0.2938,39.34326659641728],[-0.29400000000000004,39.34326659641728],[-0.29400000000000004,39.343066385669125]]]},"properties":{"area_sqm":48162.5,"area_ha":4.82,"area_km2":0.0482,"backscatter_change_db":-4.5,"flood_confidence":0.167,"pixel_count":126,"source":"Sentinel-1 RTC COG log-ratio \u0394\u03c3\u00b0 < \u22123 dB"}},{"type":"Feature","geometry":{"type":"Polygon","coordinates":[[[-0.27740000000000004,39.29781875658588],[-0.2776,39.29821917808219],[-0.278,39.29821917808219],[-0.278,39.29861959957851],[-0.27820000000000006,39.29861959957851],[-0.27820000000000006,39.29922023182297],[-0.2776,39.29922023182297],[-0.2776,39.29902002107482],[-0.278,39.29902002107482],[-0.278,39.29881981032666],[-0.2776,39.29881981032666],[-0.2776,39.29841938883035],[-0.27740000000000004,39.29841938883035],[-0.27720000000000006,39.29801896733404],[-0.277,39.29801896733404],[-0.27680000000000005,39.29841938883035],[-0.27720000000000006,39.29841938883035],[-0.27740000000000004,39.29881981032666],[-0.277,39.29881981032666],[-0.27680000000000005,39.29922023182297],[-0.277,39.29922023182297],[-0.277,39.299420442571126],[-0.27740000000000004,39.299420442571126],[-0.27740000000000004,39.29962065331929],[-0.2766,39.29962065331929],[-0.2766,39.29741833508957],[-0.27680000000000005,39.29741833508957],[-0.27680000000000005,39.29761854583772],[-0.27720000000000006,39.29761854583772],[-0.27720000000000006,39.29741833508957],[-0.27740000000000004,39.29741833508957],[-0.27740000000000004,39.29701791359326],[-0.27780000000000005,39.29701791359326],[-0.27780000000000005,39.29761854583772],[-0.27740000000000004,39.29781875658588]]]},"properties":{"area_sqm":19112.1,"area_ha":1.91,"area_km2":0.0191,"backscatter_change_db":-4.85,"flood_confidence":0.205,"pixel_count":50,"source":"Sentinel-1 RTC COG log-ratio \u0394\u03c3\u00b0 < \u22123 dB"}},{"type":"Feature","geometry":{"type":"Polygon","coordinates":[[[-0.2852,39.31003161222339],[-0.28540000000000004,39.31003161222339],[-0.28540000000000004,39.31023182297155],[-0.28580000000000005,39.31043203371971],[-0.28580000000000005,39.31063224446786],[-0.2856,39.31063224446786],[-0.2856,39.310832455216016],[-0.28500000000000003,39.310832455216016],[-0.28500000000000003,39.31123287671233],[-0.28480000000000005,39.31123287671233],[-0.28480000000000005,39.31103266596418],[-0.28440000000000004,39.31103266596418],[-0.28440000000000004,39.31123287671233],[-0.28380000000000005,39.31123287671233],[-0.28380000000000005,39.311433087460486],[-0.28300000000000003,39.311433087460486],[-0.28300000000000003,39.31163329820864],[-0.2832,39.31163329820864],[-0.28300000000000003,39.31203371970496],[-0.28240000000000004,39.31203371970496],[-0.28240000000000004,39.31223393045311],[-0.2822,39.31223393045311],[-0.28200000000000003,39.31263435194942],[-0.2816,39.31263435194942],[-0.2816,39.312434141201265],[-0.28140000000000004,39.312434141201265],[-0.28140000000000004,39.31223393045311],[-0.28180000000000005,39.31223393045311],[-0.28180000000000005,39.31203371970496],[-0.2822,39.31203371970496],[-0.2822,39.311833508956795],[-0.28240000000000004,39.311833508956795],[-0.28240000000000004,39.311433087460486],[-0.28180000000000005,39.311433087460486],[-0.28180000000000005,39.31103266596418],[-0.28200000000000003,39.31103266596418],[-0.28200000000000003,39.31123287671233],[-0.28300000000000003,39.31123287671233],[-0.28300000000000003,39.31103266596418],[-0.28240000000000004,39.31103266596418],[-0.2822,39.31063224446786],[-0.28200000000000003,39.31063224446786],[-0.28200000000000003,39.310832455216016],[-0.2816,39.310832455216016],[-0.28140000000000004,39.31043203371971],[-0.2812,39.31043203371971],[-0.2812,39.31023182297155],[-0.2816,39.31023182297155],[-0.2816,39.309831401475236],[-0.28140000000000004,39.309831401475236],[-0.28140000000000004,39.30963119072708],[-0.2812,39.30963119072708],[-0.281,39.31003161222339],[-0.28040000000000004,39.31003161222339],[-0.28040000000000004,39.309831401475236],[-0.28080000000000005,39.309831401475236],[-0.28080000000000005,39.30943097997893],[-0.2806,39.30943097997893],[-0.2806,39.30923076923077],[-0.28080000000000005,39.30923076923077],[-0.28080000000000005,39.30883034773446],[-0.2812,39.30883034773446],[-0.2812,39.30842992623815],[-0.2806,39.30842992623815],[-0.2806,39.30822971548999],[-0.28080000000000005,39.30822971548999],[-0.28080000000000005,39.30802950474183],[-0.2816,39.30802950474183],[-0.28140000000000004,39.30762908324552],[-0.28180000000000005,39.30762908324552],[-0.28180000000000005,39.30742887249737],[-0.28200000000000003,39.30742887249737],[-0.28200000000000003,39.30762908324552],[-0.28240000000000004,39.30762908324552],[-0.2822,39.307228661749214],[-0.28180000000000005,39.307228661749214],[-0.28180000000000005,39.30702845100105],[-0.2826,39.30702845100105],[-0.2826,39.30602739726027],[-0.2816,39.30602739726027],[-0.2816,39.30622760800843],[-0.2822,39.30622760800843],[-0.2822,39.30642781875659],[-0.28200000000000003,39.30642781875659],[-0.28180000000000005,39.3068282402529],[-0.2816,39.3068282402529],[-0.2816,39.30702845100105],[-0.2812,39.30702845100105],[-0.2812,39.3068282402529],[-0.28140000000000004,39.3068282402529],[-0.28140000000000004,39.30642781875659],[-0.28080000000000005,39.30642781875659],[-0.2806,39.30602739726027],[-0.2802,39.30602739726027],[-0.2802,39.30582718651212],[-0.28040000000000004,39.30582718651212],[-0.28040000000000004,39.30482613277134],[-0.2796,39.30482613277134],[-0.2796,39.30442571127503],[-0.27980000000000005,39.30442571127503],[-0.27980000000000005,39.304625922023185],[-0.28040000000000004,39.304625922023185],[-0.28040000000000004,39.30422550052687],[-0.2806,39.30422550052687],[-0.2806,39.30502634351949],[-0.28080000000000005,39.30502634351949],[-0.28080000000000005,39.305626975763964],[-0.2806,39.305626975763964],[-0.2806,39.30582718651212],[-0.28080000000000005,39.30582718651212],[-0.28080000000000005,39.30602739726027],[-0.2812,39.30602739726027],[-0.2812,39.30582718651212],[-0.28140000000000004,39.30582718651212],[-0.28140000000000004,39.30542676501581],[-0.2812,39.30542676501581],[-0.2812,39.30482613277134],[-0.28080000000000005,39.30482613277134],[-0.28080000000000005,39.304625922023185],[-0.281,39.304625922023185],[-0.281,39.30442571127503],[-0.28080000000000005,39.30442571127503],[-0.28080000000000005,39.30342465753425],[-0.2802,39.30342465753425],[-0.2802,39.303624868282405],[-0.2792,39.303624868282405],[-0.279,39.30322444678609],[-0.2786,39.303024236037935],[-0.2786,39.30282402528978],[-0.27940000000000004,39.303024236037935],[-0.27940000000000004,39.30282402528978],[-0.2792,39.30282402528978],[-0.2792,39.302623814541626],[-0.27940000000000004,39.302623814541626],[-0.2792,39.30222339304531],[-0.279,39.30222339304531],[-0.279,39.302623814541626],[-0.27820000000000006,39.302623814541626],[-0.27820000000000006,39.302423603793464],[-0.27780000000000005,39.302423603793464],[-0.27780000000000005,39.30282402528978],[-0.27740000000000004,39.30282402528978],[-0.27740000000000004,39.303024236037935],[-0.27720000000000006,39.303024236037935],[-0.27720000000000006,39.302623814541626],[-0.2766,39.302623814541626],[-0.2766,39.301822971549],[-0.27720000000000006,39.301822971549],[-0.27720000000000006,39.301622760800846],[-0.27680000000000005,39.301622760800846],[-0.27680000000000005,39.301422550052685],[-0.2766,39.301422550052685],[-0.2766,39.30082191780822],[-0.277,39.30082191780822],[-0.277,39.301422550052685],[-0.27740000000000004,39.301422550052685],[-0.27740000000000004,39.30122233930453],[-0.27780000000000005,39.30122233930453],[-0.27780000000000005,39.301022128556376],[-0.27840000000000004,39.301022128556376],[-0.27840000000000004,39.30122233930453],[-0.2786,39.30122233930453],[-0.2786,39.301022128556376],[-0.27880000000000005,39.301022128556376],[-0.27880000000000005,39.30122233930453],[-0.27940000000000004,39.30122233930453],[-0.27940000000000004,39.301022128556376],[-0.2802,39.301022128556376],[-0.2802,39.300421496311905],[-0.28,39.300421496311905],[-0.28,39.30082191780822],[-0.2796,39.30082191780822],[-0.2796,39.300421496311905],[-0.27940000000000004,39.300421496311905],[-0.27940000000000004,39.30022128556375],[-0.279,39.30022128556375],[-0.279,39.3000210748156],[-0.2786,39.3000210748156],[-0.27880000000000005,39.30082191780822],[-0.27840000000000004,39.30082191780822],[-0.27840000000000004,39.30062170706007],[-0.278,39.30062170706007],[-0.278,39.30082191780822],[-0.27780000000000005,39.30082191780822],[-0.27780000000000005,39.300421496311905],[-0.27740000000000004,39.300421496311905],[-0.27740000000000004,39.30082191780822],[-0.27720000000000006,39.30082191780822],[-0.27720000000000006,39.30062170706007],[-0.2766,39.30062170706007],[-0.27680000000000005,39.30022128556375],[-0.27720000000000006,39.300421496311905],[-0.27720000000000006,39.29982086406744],[-0.27780000000000005,39.29982086406744],[-0.27780000000000005,39.29962065331929],[-0.27820000000000006,39.29962065331929],[-0.27820000000000006,39.299420442571126],[-0.2786,39.299420442571126],[-0.2786,39.29922023182297],[-0.27880000000000005,39.29922023182297],[-0.27880000000000005,39.29902002107482],[-0.27840000000000004,39.29902002107482],[-0.27840000000000004,39.29861959957851],[-0.2786,39.29861959957851],[-0.2786,39.29841938883035],[-0.27820000000000006,39.29841938883035],[-0.27820000000000006,39.29801896733404],[-0.27780000000000005,39.29781875658588],[-0.278,39.29741833508957],[-0.27840000000000004,39.29741833508957],[-0.27840000000000004,39.29761854583772],[-0.27880000000000005,39.29761854583772],[-0.27880000000000005,39.29741833508957],[-0.279,39.29741833508957],[-0.279,39.29721812434141],[-0.2786,39.29721812434141],[-0.2786,39.29701791359326],[-0.2792,39.29701791359326],[-0.2792,39.29721812434141],[-0.28,39.29721812434141],[-0.28,39.29741833508957],[-0.2796,39.29741833508957],[-0.2796,39.29761854583772],[-0.279,39.29761854583772],[-0.279,39.29781875658588],[-0.2786,39.29781875658588],[-0.2786,39.29821917808219],[-0.27880000000000005,39.29821917808219],[-0.27880000000000005,39.29801896733404],[-0.2796,39.29801896733404],[-0.2796,39.29841938883035],[-0.28,39.29841938883035],[-0.28,39.29821917808219],[-0.27980000000000005,39.29821917808219],[-0.27980000000000005,39.29781875658588],[-0.2802,39.29781875658588],[-0.2802,39.29741833508957],[-0.2806,39.29741833508957],[-0.28040000000000004,39.29781875658588],[-0.28080000000000005,39.29781875658588],[-0.28080000000000005,39.29821917808219],[-0.28040000000000004,39.29821917808219],[-0.28040000000000004,39.299420442571126],[-0.28080000000000005,39.29922023182297],[-0.28080000000000005,39.29962065331929],[-0.281,39.29962065331929],[-0.281,39.299420442571126],[-0.28140000000000004,39.299420442571126],[-0.28140000000000004,39.29922023182297],[-0.28200000000000003,39.29922023182297],[-0.28200000000000003,39.29902002107482],[-0.2812,39.29902002107482],[-0.2812,39.29841938883035],[-0.281,39.29841938883035],[-0.281,39.29821917808219],[-0.28140000000000004,39.29821917808219],[-0.2816,39.29781875658588],[-0.281,39.29781875658588],[-0.28080000000000005,39.29741833508957],[-0.2816,39.29741833508957],[-0.2816,39.29761854583772],[-0.28200000000000003,39.29761854583772],[-0.28200000000000003,39.29741833508957],[-0.2822,39.29741833508957],[-0.28240000000000004,39.29821917808219],[-0.28280000000000005,39.29801896733404],[-0.2826,39.29761854583772],[-0.2832,39.29761854583772],[-0.28340000000000004,39.29801896733404],[-0.2832,39.29801896733404],[-0.2832,39.29841938883035],[-0.28300000000000003,39.29841938883035],[-0.28300000000000003,39.29861959957851],[-0.28340000000000004,39.29881981032666],[-0.28340000000000004,39.29902002107482],[-0.28300000000000003,39.29922023182297],[-0.28300000000000003,39.29902002107482],[-0.2826,39.29881981032666],[-0.2826,39.29861959957851],[-0.2822,39.29861959957851],[-0.2822,39.29881981032666],[-0.28240000000000004,39.29881981032666],[-0.2822,39.29922023182297],[-0.28240000000000004,39.29922023182297],[-0.2826,39.300421496311905],[-0.28280000000000005,39.300421496311905],[-0.28300000000000003,39.3000210748156],[-0.28340000000000004,39.3000210748156],[-0.28340000000000004,39.30022128556375],[-0.28300000000000003,39.300421496311905],[-0.28300000000000003,39.30062170706007],[-0.2832,39.30062170706007],[-0.2832,39.301022128556376],[-0.2836,39.301022128556376],[-0.2836,39.30122233930453],[-0.28380000000000005,39.30122233930453],[-0.28380000000000005,39.301022128556376],[-0.28400000000000003,39.301022128556376],[-0.28400000000000003,39.30082191780822],[-0.28380000000000005,39.30082191780822],[-0.28380000000000005,39.30062170706007],[-0.28400000000000003,39.30062170706007],[-0.28400000000000003,39.300421496311905],[-0.28380000000000005,39.300421496311905],[-0.28380000000000005,39.299420442571126],[-0.28400000000000003,39.299420442571126],[-0.28400000000000003,39.29962065331929],[-0.28440000000000004,39.29962065331929],[-0.28440000000000004,39.299420442571126],[-0.2846,39.299420442571126],[-0.2846,39.30022128556375],[-0.2842,39.3000210748156],[-0.2842,39.30082191780822],[-0.2846,39.30082191780822],[-0.2846,39.30062170706007],[-0.28500000000000003,39.30062170706007],[-0.28500000000000003,39.301022128556376],[-0.28540000000000004,39.301022128556376],[-0.28540000000000004,39.30082191780822],[-0.2862,39.30082191780822],[-0.2862,39.301022128556376],[-0.28600000000000003,39.301022128556376],[-0.28580000000000005,39.301422550052685],[-0.28540000000000004,39.301422550052685],[-0.28540000000000004,39.302023182297155],[-0.28500000000000003,39.30222339304531],[-0.28500000000000003,39.302623814541626],[-0.2852,39.302623814541626],[-0.2852,39.30282402528978],[-0.2856,39.303024236037935],[-0.2856,39.30282402528978],[-0.28580000000000005,39.30282402528978],[-0.28580000000000005,39.30222339304531],[-0.2856,39.30222339304531],[-0.2856,39.302023182297155],[-0.28600000000000003,39.302023182297155],[-0.28600000000000003,39.30222339304531],[-0.2862,39.30222339304531],[-0.2862,39.302023182297155],[-0.2866,39.302023182297155],[-0.2866,39.301822971549],[-0.28680000000000005,39.301822971549],[-0.28680000000000005,39.30222339304531],[-0.28640000000000004,39.30222339304531],[-0.28640000000000004,39.302423603793464],[-0.28680000000000005,39.302423603793464],[-0.28680000000000005,39.302623814541626],[-0.28700000000000003,39.302623814541626],[-0.2872,39.303024236037935],[-0.28640000000000004,39.303024236037935],[-0.28640000000000004,39.30342465753425],[-0.28780000000000006,39.30342465753425],[-0.28780000000000006,39.303624868282405],[-0.28800000000000003,39.303624868282405],[-0.28800000000000003,39.30382507903056],[-0.28780000000000006,39.30382507903056],[-0.28780000000000006,39.304025289778714],[-0.28800000000000003,39.304025289778714],[-0.28800000000000003,39.30442571127503],[-0.2876,39.30442571127503],[-0.2876,39.30422550052687],[-0.28740000000000004,39.30422550052687],[-0.28740000000000004,39.30542676501581],[-0.2876,39.30542676501581],[-0.28740000000000004,39.30622760800843],[-0.2872,39.30622760800843],[-0.2872,39.30642781875659],[-0.28680000000000005,39.30642781875659],[-0.28680000000000005,39.3068282402529],[-0.28640000000000004,39.30662802950474],[-0.28640000000000004,39.307228661749214],[-0.2862,39.307228661749214],[-0.2862,39.30742887249737],[-0.28600000000000003,39.30742887249737],[-0.28600000000000003,39.3068282402529],[-0.2856,39.3068282402529],[-0.28540000000000004,39.30842992623815],[-0.2852,39.30842992623815],[-0.2852,39.3086301369863],[-0.28480000000000005,39.3086301369863],[-0.2846,39.30903055848261],[-0.28400000000000003,39.30903055848261],[-0.28400000000000003,39.30883034773446],[-0.28380000000000005,39.30883034773446],[-0.28380000000000005,39.3086301369863],[-0.28400000000000003,39.3086301369863],[-0.28400000000000003,39.30822971548999],[-0.28340000000000004,39.30822971548999],[-0.28340000000000004,39.3086301369863],[-0.2836,39.3086301369863],[-0.2836,39.30923076923077],[-0.28400000000000003,39.30923076923077],[-0.28400000000000003,39.30963119072708],[-0.28380000000000005,39.30963119072708],[-0.28380000000000005,39.30943097997893],[-0.28340000000000004,39.30943097997893],[-0.28340000000000004,39.31003161222339],[-0.2832,39.31003161222339],[-0.2832,39.30963119072708],[-0.28300000000000003,39.30963119072708],[-0.28300000000000003,39.30943097997893],[-0.2826,39.30943097997893],[-0.28240000000000004,39.309831401475236],[-0.2822,39.309831401475236],[-0.2822,39.31003161222339],[-0.2826,39.31003161222339],[-0.2826,39.31023182297155],[-0.2836,39.31023182297155],[-0.2836,39.31063224446786],[-0.28340000000000004,39.31063224446786],[-0.28340000000000004,39.310832455216016],[-0.28400000000000003,39.310832455216016],[-0.28400000000000003,39.31063224446786],[-0.28440000000000004,39.31063224446786],[-0.28440000000000004,39.31023182297155],[-0.2846,39.31023182297155],[-0.28480000000000005,39.309831401475236],[-0.2852,39.309831401475236],[-0.2852,39.31003161222339]],[[-0.28240000000000004,39.30782929399368],[-0.2826,39.30782929399368],[-0.2826,39.30822971548999],[-0.28300000000000003,39.30822971548999],[-0.28300000000000003,39.30802950474183],[-0.28280000000000005,39.30802950474183],[-0.28280000000000005,39.30762908324552],[-0.28240000000000004,39.30762908324552],[-0.28240000000000004,39.30782929399368]],[[-0.28300000000000003,39.30842992623815],[-0.2822,39.30842992623815],[-0.2822,39.30822971548999],[-0.28200000000000003,39.30822971548999],[-0.28200000000000003,39.30883034773446],[-0.28240000000000004,39.30883034773446],[-0.28240000000000004,39.3086301369863],[-0.2826,39.3086301369863],[-0.2826,39.30883034773446],[-0.28300000000000003,39.30903055848261],[-0.2832,39.30822971548999],[-0.28300000000000003,39.30822971548999],[-0.28300000000000003,39.30842992623815]],[[-0.281,39.30342465753425],[-0.281,39.30322444678609],[-0.28080000000000005,39.30322444678609],[-0.28080000000000005,39.30342465753425],[-0.281,39.30342465753425]],[[-0.28140000000000004,39.30322444678609],[-0.28140000000000004,39.30282402528978],[-0.281,39.30282402528978],[-0.281,39.30322444678609],[-0.28140000000000004,39.30322444678609]],[[-0.281,39.302623814541626],[-0.28180000000000005,39.30222339304531],[-0.28180000000000005,39.302023182297155],[-0.2816,39.302023182297155],[-0.2816,39.301422550052685],[-0.281,39.301422550052685],[-0.281,39.302023182297155],[-0.28080000000000005,39.302023182297155],[-0.28080000000000005,39.30282402528978],[-0.281,39.30282402528978],[-0.281,39.302623814541626]],[[-0.28240000000000004,39.302023182297155],[-0.28240000000000004,39.301022128556376],[-0.28200000000000003,39.301022128556376],[-0.28200000000000003,39.301822971549],[-0.28180000000000005,39.301822971549],[-0.28180000000000005,39.302023182297155],[-0.28240000000000004,39.302023182297155]],[[-0.27740000000000004,39.302623814541626],[-0.27740000000000004,39.302423603793464],[-0.2776,39.302423603793464],[-0.2776,39.30222339304531],[-0.27720000000000006,39.30222339304531],[-0.27720000000000006,39.302623814541626],[-0.27740000000000004,39.302623814541626]],[[-0.27740000000000004,39.301622760800846],[-0.2776,39.301622760800846],[-0.2776,39.301422550052685],[-0.27740000000000004,39.301422550052685],[-0.27740000000000004,39.301622760800846]],[[-0.2802,39.30122233930453],[-0.28,39.30122233930453],[-0.28,39.301422550052685],[-0.2796,39.301422550052685],[-0.2796,39.301622760800846],[-0.27980000000000005,39.301622760800846],[-0.27980000000000005,39.301822971549],[-0.2802,39.301822971549],[-0.2802,39.301422550052685],[-0.28040000000000004,39.301422550052685],[-0.28040000000000004,39.301622760800846],[-0.28080000000000005,39.301822971549],[-0.28080000000000005,39.30122233930453],[-0.2806,39.30122233930453],[-0.2806,39.301022128556376],[-0.2802,39.301022128556376],[-0.2802,39.30122233930453]],[[-0.2792,39.301622760800846],[-0.2792,39.301822971549],[-0.27880000000000005,39.301822971549],[-0.27880000000000005,39.302023182297155],[-0.27940000000000004,39.302023182297155],[-0.27940000000000004,39.301822971549],[-0.2796,39.301822971549],[-0.2796,39.301622760800846],[-0.2792,39.301622760800846]],[[-0.27880000000000005,39.301422550052685],[-0.2786,39.301422550052685],[-0.2786,39.301622760800846],[-0.27840000000000004,39.301622760800846],[-0.27820000000000006,39.302023182297155],[-0.2786,39.302023182297155],[-0.2786,39.301822971549],[-0.27880000000000005,39.301822971549],[-0.27880000000000005,39.301422550052685]],[[-0.28,39.30022128556375],[-0.28,39.299420442571126],[-0.27980000000000005,39.299420442571126],[-0.27980000000000005,39.29922023182297],[-0.27940000000000004,39.29922023182297],[-0.27940000000000004,39.299420442571126],[-0.279,39.29922023182297],[-0.279,39.29962065331929],[-0.27940000000000004,39.29962065331929],[-0.27940000000000004,39.30022128556375],[-0.28,39.30022128556375]],[[-0.2802,39.29922023182297],[-0.2802,39.29902002107482],[-0.27980000000000005,39.29902002107482],[-0.27980000000000005,39.29922023182297],[-0.2802,39.29922023182297]],[[-0.27980000000000005,39.29881981032666],[-0.27940000000000004,39.29881981032666],[-0.27940000000000004,39.29902002107482],[-0.27980000000000005,39.29902002107482],[-0.27980000000000005,39.29881981032666]],[[-0.27940000000000004,39.29861959957851],[-0.2792,39.29861959957851],[-0.2792,39.29841938883035],[-0.279,39.29841938883035],[-0.279,39.29881981032666],[-0.27940000000000004,39.29881981032666],[-0.27940000000000004,39.29861959957851]],[[-0.2816,39.29821917808219],[-0.2816,39.29881981032666],[-0.28180000000000005,39.29881981032666],[-0.28180000000000005,39.29841938883035],[-0.28240000000000004,39.29841938883035],[-0.28240000000000004,39.29821917808219],[-0.2816,39.29821917808219]],[[-0.28280000000000005,39.30062170706007],[-0.28280000000000005,39.30082191780822],[-0.2826,39.30082191780822],[-0.2826,39.301022128556376],[-0.28300000000000003,39.301022128556376],[-0.28300000000000003,39.30062170706007],[-0.28280000000000005,39.30062170706007]],[[-0.2852,39.303024236037935],[-0.2852,39.30322444678609],[-0.28540000000000004,39.30322444678609],[-0.28540000000000004,39.303024236037935],[-0.2852,39.303024236037935]],[[-0.28680000000000005,39.30622760800843],[-0.2866,39.30622760800843],[-0.2866,39.30642781875659],[-0.28680000000000005,39.30642781875659],[-0.28680000000000005,39.30622760800843]],[[-0.28640000000000004,39.30642781875659],[-0.28580000000000005,39.30642781875659],[-0.28580000000000005,39.30662802950474],[-0.28640000000000004,39.30662802950474],[-0.28640000000000004,39.30642781875659]],[[-0.2846,39.30842992623815],[-0.2842,39.30842992623815],[-0.28440000000000004,39.30883034773446],[-0.2846,39.30883034773446],[-0.2846,39.30842992623815]],[[-0.28240000000000004,39.31023182297155],[-0.28240000000000004,39.31043203371971],[-0.2826,39.31043203371971],[-0.2826,39.31023182297155],[-0.28240000000000004,39.31023182297155]],[[-0.28480000000000005,39.31023182297155],[-0.28480000000000005,39.31063224446786],[-0.28500000000000003,39.31063224446786],[-0.28500000000000003,39.31023182297155],[-0.28480000000000005,39.31023182297155]],[[-0.28200000000000003,39.31023182297155],[-0.28200000000000003,39.31043203371971],[-0.2822,39.31043203371971],[-0.2822,39.31023182297155],[-0.28200000000000003,39.31023182297155]],[[-0.28200000000000003,39.30923076923077],[-0.28200000000000003,39.30903055848261],[-0.28180000000000005,39.30903055848261],[-0.28180000000000005,39.3086301369863],[-0.28140000000000004,39.3086301369863],[-0.28140000000000004,39.30883034773446],[-0.2816,39.30883034773446],[-0.2816,39.30923076923077],[-0.281,39.30923076923077],[-0.281,39.30943097997893],[-0.28180000000000005,39.30943097997893],[-0.28180000000000005,39.30923076923077],[-0.28200000000000003,39.30923076923077]],[[-0.2832,39.30883034773446],[-0.2832,39.30903055848261],[-0.28340000000000004,39.30903055848261],[-0.28340000000000004,39.30883034773446],[-0.2832,39.30883034773446]],[[-0.2842,39.30802950474183],[-0.2842,39.30822971548999],[-0.28440000000000004,39.30822971548999],[-0.28440000000000004,39.30802950474183],[-0.2842,39.30802950474183]],[[-0.2836,39.30782929399368],[-0.28400000000000003,39.30802950474183],[-0.28400000000000003,39.30762908324552],[-0.2842,39.30762908324552],[-0.2842,39.30742887249737],[-0.28340000000000004,39.30742887249737],[-0.2836,39.30782929399368]],[[-0.28440000000000004,39.30742887249737],[-0.28440000000000004,39.307228661749214],[-0.2842,39.307228661749214],[-0.2842,39.30742887249737],[-0.28440000000000004,39.30742887249737]],[[-0.28500000000000003,39.307228661749214],[-0.28500000000000003,39.30702845100105],[-0.2846,39.30702845100105],[-0.28480000000000005,39.30742887249737],[-0.2852,39.30742887249737],[-0.2852,39.307228661749214],[-0.28500000000000003,39.307228661749214]],[[-0.2846,39.3068282402529],[-0.28440000000000004,39.3068282402529],[-0.28440000000000004,39.30702845100105],[-0.2846,39.30702845100105],[-0.2846,39.3068282402529]],[[-0.2852,39.3068282402529],[-0.2852,39.30702845100105],[-0.28540000000000004,39.30702845100105],[-0.28540000000000004,39.30662802950474],[-0.28500000000000003,39.30662802950474],[-0.28500000000000003,39.3068282402529],[-0.2852,39.3068282402529]],[[-0.28500000000000003,39.30642781875659],[-0.2846,39.30642781875659],[-0.2846,39.30662802950474],[-0.28500000000000003,39.30662802950474],[-0.28500000000000003,39.30642781875659]],[[-0.28340000000000004,39.3068282402529],[-0.28340000000000004,39.30702845100105],[-0.28380000000000005,39.30702845100105],[-0.28380000000000005,39.3068282402529],[-0.28340000000000004,39.3068282402529]],[[-0.28440000000000004,39.30642781875659],[-0.28440000000000004,39.30622760800843],[-0.28400000000000003,39.30622760800843],[-0.28400000000000003,39.30662802950474],[-0.28440000000000004,39.30642781875659]],[[-0.28280000000000005,39.30642781875659],[-0.28280000000000005,39.30662802950474],[-0.28300000000000003,39.30662802950474],[-0.28300000000000003,39.30642781875659],[-0.28280000000000005,39.30642781875659]],[[-0.2862,39.30622760800843],[-0.2862,39.30602739726027],[-0.28600000000000003,39.30602739726027],[-0.28600000000000003,39.30622760800843],[-0.2862,39.30622760800843]],[[-0.28600000000000003,39.30582718651212],[-0.28580000000000005,39.30582718651212],[-0.28580000000000005,39.30602739726027],[-0.28600000000000003,39.30602739726027],[-0.28600000000000003,39.30582718651212]],[[-0.28340000000000004,39.30602739726027],[-0.28340000000000004,39.30622760800843],[-0.28380000000000005,39.30622760800843],[-0.28380000000000005,39.30602739726027],[-0.28340000000000004,39.30602739726027]],[[-0.28700000000000003,39.30522655426765],[-0.28700000000000003,39.30482613277134],[-0.2872,39.30482613277134],[-0.2872,39.304625922023185],[-0.2866,39.304625922023185],[-0.2866,39.30542676501581],[-0.28640000000000004,39.30542676501581],[-0.2866,39.30582718651212],[-0.28680000000000005,39.30582718651212],[-0.28680000000000005,39.30522655426765],[-0.28700000000000003,39.30522655426765]],[[-0.2846,39.30582718651212],[-0.2846,39.305626975763964],[-0.28500000000000003,39.305626975763964],[-0.28480000000000005,39.30522655426765],[-0.28440000000000004,39.30522655426765],[-0.28440000000000004,39.30502634351949],[-0.28480000000000005,39.30502634351949],[-0.28480000000000005,39.304625922023185],[-0.28440000000000004,39.304625922023185],[-0.28440000000000004,39.30482613277134],[-0.2842,39.30482613277134],[-0.2842,39.30582718651212],[-0.2846,39.30582718651212]],[[-0.2832,39.30542676501581],[-0.2832,39.305626975763964],[-0.28340000000000004,39.305626975763964],[-0.28340000000000004,39.30542676501581],[-0.2832,39.30542676501581]],[[-0.28280000000000005,39.30542676501581],[-0.28280000000000005,39.305626975763964],[-0.28300000000000003,39.305626975763964],[-0.28300000000000003,39.30542676501581],[-0.28280000000000005,39.30542676501581]],[[-0.28540000000000004,39.304625922023185],[-0.28540000000000004,39.30542676501581],[-0.2856,39.30542676501581],[-0.2856,39.30522655426765],[-0.28600000000000003,39.30522655426765],[-0.28600000000000003,39.30482613277134],[-0.2856,39.30482613277134],[-0.2856,39.304625922023185],[-0.28540000000000004,39.304625922023185]],[[-0.28340000000000004,39.30502634351949],[-0.28340000000000004,39.30522655426765],[-0.2836,39.30522655426765],[-0.2836,39.30502634351949],[-0.28340000000000004,39.30502634351949]],[[-0.28140000000000004,39.30502634351949],[-0.28140000000000004,39.30522655426765],[-0.28180000000000005,39.30522655426765],[-0.28180000000000005,39.30502634351949],[-0.28140000000000004,39.30502634351949]],[[-0.2836,39.30382507903056],[-0.2836,39.304025289778714],[-0.28400000000000003,39.30382507903056],[-0.28400000000000003,39.304625922023185],[-0.28440000000000004,39.30442571127503],[-0.28440000000000004,39.30422550052687],[-0.28480000000000005,39.30422550052687],[-0.28480000000000005,39.30382507903056],[-0.28440000000000004,39.30382507903056],[-0.28440000000000004,39.303624868282405],[-0.2832,39.303624868282405],[-0.28300000000000003,39.304025289778714],[-0.28340000000000004,39.304025289778714],[-0.28340000000000004,39.30382507903056],[-0.2836,39.30382507903056]],[[-0.2822,39.30442571127503],[-0.2822,39.304025289778714],[-0.28180000000000005,39.304025289778714],[-0.28180000000000005,39.30422550052687],[-0.28200000000000003,39.30422550052687],[-0.28200000000000003,39.304625922023185],[-0.28280000000000005,39.304625922023185],[-0.28280000000000005,39.30422550052687],[-0.28240000000000004,39.30422550052687],[-0.28240000000000004,39.30442571127503],[-0.2822,39.30442571127503]],[[-0.2816,39.30442571127503],[-0.2816,39.30422550052687],[-0.2812,39.30422550052687],[-0.2812,39.304625922023185],[-0.2816,39.30442571127503]],[[-0.2872,39.303624868282405],[-0.2872,39.304025289778714],[-0.2876,39.304025289778714],[-0.2876,39.303624868282405],[-0.2872,39.303624868282405]],[[-0.28680000000000005,39.303624868282405],[-0.28680000000000005,39.304025289778714],[-0.28700000000000003,39.304025289778714],[-0.28700000000000003,39.303624868282405],[-0.28680000000000005,39.303624868282405]],[[-0.28540000000000004,39.304025289778714],[-0.28580000000000005,39.304025289778714],[-0.2856,39.303624868282405],[-0.28540000000000004,39.303624868282405],[-0.28540000000000004,39.304025289778714]],[[-0.28580000000000005,39.303624868282405],[-0.28580000000000005,39.30342465753425],[-0.2862,39.30342465753425],[-0.2862,39.30322444678609],[-0.2856,39.30322444678609],[-0.2856,39.303624868282405],[-0.28580000000000005,39.303624868282405]],[[-0.2822,39.302623814541626],[-0.28280000000000005,39.302623814541626],[-0.28280000000000005,39.30282402528978],[-0.28300000000000003,39.30282402528978],[-0.28300000000000003,39.302423603793464],[-0.28200000000000003,39.302423603793464],[-0.28200000000000003,39.302623814541626],[-0.28180000000000005,39.302623814541626],[-0.28180000000000005,39.30322444678609],[-0.2816,39.30322444678609],[-0.28140000000000004,39.303624868282405],[-0.28180000000000005,39.303624868282405],[-0.28180000000000005,39.30342465753425],[-0.28200000000000003,39.30342465753425],[-0.28200000000000003,39.303624868282405],[-0.28240000000000004,39.303624868282405],[-0.28240000000000004,39.30382507903056],[-0.28280000000000005,39.303624868282405],[-0.28280000000000005,39.30322444678609],[-0.28240000000000004,39.30322444678609],[-0.28240000000000004,39.30282402528978],[-0.2822,39.30282402528978],[-0.2822,39.302623814541626]],[[-0.2812,39.303624868282405],[-0.2812,39.30382507903056],[-0.28140000000000004,39.30382507903056],[-0.28140000000000004,39.303624868282405],[-0.2812,39.303624868282405]],[[-0.28480000000000005,39.30322444678609],[-0.28480000000000005,39.30342465753425],[-0.28500000000000003,39.30342465753425],[-0.28500000000000003,39.30322444678609],[-0.28480000000000005,39.30322444678609]],[[-0.2796,39.30342465753425],[-0.28,39.30342465753425],[-0.28,39.303024236037935],[-0.2796,39.303024236037935],[-0.2796,39.30342465753425]],[[-0.28040000000000004,39.303024236037935],[-0.28040000000000004,39.30322444678609],[-0.2806,39.30322444678609],[-0.2806,39.30282402528978],[-0.2802,39.302623814541626],[-0.2802,39.302423603793464],[-0.28,39.302423603793464],[-0.27980000000000005,39.30282402528978],[-0.28,39.30282402528978],[-0.28,39.303024236037935],[-0.28040000000000004,39.303024236037935]],[[-0.28,39.302023182297155],[-0.27980000000000005,39.302023182297155],[-0.27980000000000005,39.302423603793464],[-0.28,39.302423603793464],[-0.28,39.302023182297155]],[[-0.28340000000000004,39.302623814541626],[-0.28340000000000004,39.30282402528978],[-0.2836,39.30282402528978],[-0.2836,39.302623814541626],[-0.28340000000000004,39.302623814541626]],[[-0.28380000000000005,39.302023182297155],[-0.28380000000000005,39.30222339304531],[-0.2842,39.302423603793464],[-0.2842,39.302023182297155],[-0.28380000000000005,39.302023182297155]],[[-0.28380000000000005,39.301622760800846],[-0.28380000000000005,39.301822971549],[-0.28400000000000003,39.301822971549],[-0.28400000000000003,39.301622760800846],[-0.28380000000000005,39.301622760800846]],[[-0.28300000000000003,39.301422550052685],[-0.28300000000000003,39.301822971549],[-0.2832,39.301822971549],[-0.2832,39.301422550052685],[-0.28300000000000003,39.301422550052685]],[[-0.28480000000000005,39.301422550052685],[-0.28480000000000005,39.301622760800846],[-0.2852,39.301622760800846],[-0.2852,39.301422550052685],[-0.28480000000000005,39.301422550052685]],[[-0.28400000000000003,39.30122233930453],[-0.28400000000000003,39.301422550052685],[-0.2842,39.301422550052685],[-0.2842,39.30122233930453],[-0.28400000000000003,39.30122233930453]],[[-0.28180000000000005,39.301022128556376],[-0.28200000000000003,39.30062170706007],[-0.2816,39.30062170706007],[-0.2816,39.300421496311905],[-0.28140000000000004,39.300421496311905],[-0.28140000000000004,39.29982086406744],[-0.2812,39.29982086406744],[-0.2812,39.30022128556375],[-0.28080000000000005,39.30022128556375],[-0.28080000000000005,39.30062170706007],[-0.2812,39.30062170706007],[-0.2812,39.301022128556376],[-0.28180000000000005,39.301022128556376]],[[-0.2822,39.300421496311905],[-0.2822,39.30062170706007],[-0.28240000000000004,39.30062170706007],[-0.28240000000000004,39.30022128556375],[-0.28200000000000003,39.30022128556375],[-0.28200000000000003,39.300421496311905],[-0.2822,39.300421496311905]],[[-0.28200000000000003,39.3000210748156],[-0.2822,39.3000210748156],[-0.2822,39.29962065331929],[-0.28180000000000005,39.29962065331929],[-0.28180000000000005,39.3000210748156],[-0.2816,39.3000210748156],[-0.2816,39.30022128556375],[-0.28200000000000003,39.30022128556375],[-0.28200000000000003,39.3000210748156]]]},"properties":{"area_sqm":572216.8,"area_ha":57.22,"area_km2":0.5722,"backscatter_change_db":-4.59,"flood_confidence":0.177,"pixel_count":1497,"source":"Sentinel-1 RTC COG log-ratio \u0394\u03c3\u00b0 < \u22123 dB"}},{"type":"Feature","geometry":{"type":"Polygon","coordinates":[[[-0.277,39.30622760800843],[-0.277,39.30602739726027],[-0.27720000000000006,39.30602739726027],[-0.27720000000000006,39.305626975763964],[-0.27740000000000004,39.305626975763964],[-0.27740000000000004,39.30522655426765],[-0.2776,39.30522655426765],[-0.2776,39.305626975763964],[-0.27780000000000005,39.305626975763964],[-0.27780000000000005,39.30542676501581],[-0.27840000000000004,39.30542676501581],[-0.27840000000000004,39.30522655426765],[-0.2786,39.30522655426765],[-0.2786,39.30502634351949],[-0.27840000000000004,39.30502634351949],[-0.27840000000000004,39.304625922023185],[-0.2786,39.304625922023185],[-0.2786,39.30442571127503],[-0.278,39.30442571127503],[-0.27820000000000006,39.304025289778714],[-0.27880000000000005,39.304025289778714],[-0.27880000000000005,39.30422550052687],[-0.2796,39.30422550052687],[-0.2796,39.30442571127503],[-0.2792,39.30442571127503],[-0.2792,39.30482613277134],[-0.2796,39.30502634351949],[-0.2796,39.30542676501581],[-0.27940000000000004,39.30542676501581],[-0.2796,39.30582718651212],[-0.2792,39.30602739726027],[-0.2792,39.30622760800843],[-0.279,39.30622760800843],[-0.279,39.30602739726027],[-0.2786,39.30622760800843],[-0.2786,39.30602739726027],[-0.27820000000000006,39.30602739726027],[-0.27820000000000006,39.30582718651212],[-0.2776,39.30582718651212],[-0.27740000000000004,39.30622760800843],[-0.277,39.30622760800843]],[[-0.2792,39.30502634351949],[-0.27880000000000005,39.30502634351949],[-0.27880000000000005,39.30522655426765],[-0.2792,39.30522655426765],[-0.2792,39.30502634351949]]]},"properties":{"area_sqm":25228.0,"area_ha":2.52,"area_km2":0.0252,"backscatter_change_db":-4.63,"flood_confidence":0.181,"pixel_count":66,"source":"Sentinel-1 RTC COG log-ratio \u0394\u03c3\u00b0 < \u22123 dB"}},{"type":"Feature","geometry":{"type":"Polygon","coordinates":[[[-0.27740000000000004,39.313835616438354],[-0.27740000000000004,39.3136354056902],[-0.277,39.3136354056902],[-0.277,39.313435194942045],[-0.27680000000000005,39.313435194942045],[-0.27680000000000005,39.313034773445736],[-0.2766,39.313034773445736],[-0.2766,39.312834562697574],[-0.27620000000000006,39.31263435194942],[-0.27620000000000006,39.311833508956795],[-0.277,39.31203371970496],[-0.27720000000000006,39.31163329820864],[-0.277,39.31163329820864],[-0.277,39.31123287671233],[-0.27680000000000005,39.31123287671233],[-0.27680000000000005,39.31103266596418],[-0.27780000000000005,39.31103266596418],[-0.27780000000000005,39.310832455216016],[-0.27840000000000004,39.310832455216016],[-0.27840000000000004,39.311433087460486],[-0.2786,39.311433087460486],[-0.2786,39.311833508956795],[-0.27840000000000004,39.311833508956795],[-0.27840000000000004,39.31163329820864],[-0.27780000000000005,39.31163329820864],[-0.27780000000000005,39.311833508956795],[-0.27820000000000006,39.311833508956795],[-0.27820000000000006,39.31203371970496],[-0.27840000000000004,39.31203371970496],[-0.27840000000000004,39.312434141201265],[-0.278,39.312434141201265],[-0.27780000000000005,39.31203371970496],[-0.2776,39.31203371970496],[-0.27780000000000005,39.312834562697574],[-0.27740000000000004,39.312834562697574],[-0.27740000000000004,39.313034773445736],[-0.27820000000000006,39.313034773445736],[-0.27820000000000006,39.31263435194942],[-0.2786,39.31263435194942],[-0.2786,39.313034773445736],[-0.27880000000000005,39.313034773445736],[-0.27880000000000005,39.31323498419389],[-0.27780000000000005,39.31323498419389],[-0.27780000000000005,39.3136354056902],[-0.2776,39.3136354056902],[-0.2776,39.313835616438354],[-0.27780000000000005,39.313835616438354],[-0.27780000000000005,39.31423603793467],[-0.278,39.31423603793467],[-0.278,39.313835616438354],[-0.27820000000000006,39.313835616438354],[-0.27820000000000006,39.314035827186515],[-0.2786,39.314035827186515],[-0.2786,39.313835616438354],[-0.27880000000000005,39.313835616438354],[-0.27880000000000005,39.313435194942045],[-0.2796,39.313435194942045],[-0.2796,39.313034773445736],[-0.2792,39.313034773445736],[-0.2792,39.312834562697574],[-0.2802,39.312834562697574],[-0.2802,39.313034773445736],[-0.27980000000000005,39.31323498419389],[-0.27980000000000005,39.3136354056902],[-0.27940000000000004,39.3136354056902],[-0.27940000000000004,39.314035827186515],[-0.2792,39.314035827186515],[-0.2792,39.31463645943098],[-0.27940000000000004,39.31463645943098],[-0.27940000000000004,39.315036880927295],[-0.2792,39.315036880927295],[-0.2792,39.31523709167545],[-0.279,39.31523709167545],[-0.279,39.31463645943098],[-0.2786,39.31463645943098],[-0.2786,39.314436248682824],[-0.27820000000000006,39.314436248682824],[-0.27820000000000006,39.31463645943098],[-0.27740000000000004,39.314436248682824],[-0.27740000000000004,39.31423603793467],[-0.27720000000000006,39.31423603793467],[-0.27720000000000006,39.313835616438354],[-0.27740000000000004,39.313835616438354]],[[-0.27740000000000004,39.31323498419389],[-0.27720000000000006,39.31323498419389],[-0.27720000000000006,39.313435194942045],[-0.27740000000000004,39.313435194942045],[-0.27740000000000004,39.31323498419389]],[[-0.277,39.31223393045311],[-0.27680000000000005,39.31223393045311],[-0.27680000000000005,39.31263435194942],[-0.277,39.31263435194942],[-0.277,39.31223393045311]],[[-0.27740000000000004,39.31223393045311],[-0.27720000000000006,39.31223393045311],[-0.27720000000000006,39.312434141201265],[-0.27740000000000004,39.312434141201265],[-0.27740000000000004,39.31223393045311]]]},"properties":{"area_sqm":56571.9,"area_ha":5.66,"area_km2":0.0566,"backscatter_change_db":-4.55,"flood_confidence":0.172,"pixel_count":148,"source":"Sentinel-1 RTC COG log-ratio \u0394\u03c3\u00b0 < \u22123 dB"}},{"type":"Feature","geometry":{"type":"Polygon","coordinates":[[[-0.2962,39.320242360379346],[-0.2962,39.3204425711275],[-0.29600000000000004,39.3204425711275],[-0.29600000000000004,39.32204425711275],[-0.2958,39.32204425711275],[-0.2958,39.322244467860905],[-0.29540000000000005,39.322244467860905],[-0.29540000000000005,39.32104320337197],[-0.29560000000000003,39.32104320337197],[-0.2958,39.32064278187566],[-0.29560000000000003,39.32064278187566],[-0.29560000000000003,39.3204425711275],[-0.29500000000000004,39.3204425711275],[-0.29500000000000004,39.32104320337197],[-0.2952,39.32104320337197],[-0.2952,39.321243414120126],[-0.29500000000000004,39.321243414120126],[-0.29500000000000004,39.32144362486828],[-0.2952,39.32144362486828],[-0.2952,39.321844046364596],[-0.29500000000000004,39.321844046364596],[-0.2952,39.322244467860905],[-0.29500000000000004,39.322244467860905],[-0.29500000000000004,39.32264488935722],[-0.2948,39.32264488935722],[-0.2948,39.32244467860906],[-0.2942,39.32244467860906],[-0.29440000000000005,39.32204425711275],[-0.29400000000000004,39.32204425711275],[-0.2938,39.32164383561644],[-0.29340000000000005,39.32164383561644],[-0.29340000000000005,39.32144362486828],[-0.2926,39.32144362486828],[-0.2926,39.32004214963119],[-0.2922,39.31984193888304],[-0.2922,39.31964172813488],[-0.29200000000000004,39.31964172813488],[-0.29200000000000004,39.3204425711275],[-0.29240000000000005,39.3204425711275],[-0.29240000000000005,39.32084299262382],[-0.29180000000000006,39.32084299262382],[-0.29180000000000006,39.32064278187566],[-0.29140000000000005,39.32064278187566],[-0.29140000000000005,39.3204425711275],[-0.2912,39.3204425711275],[-0.2912,39.32004214963119],[-0.2916,39.32004214963119],[-0.2916,39.31964172813488],[-0.29180000000000006,39.31964172813488],[-0.29180000000000006,39.31944151738672],[-0.2912,39.31944151738672],[-0.29100000000000004,39.31904109589041],[-0.29040000000000005,39.31904109589041],[-0.29040000000000005,39.31924130663857],[-0.2902,39.31924130663857],[-0.29040000000000005,39.31964172813488],[-0.2906,39.31964172813488],[-0.2906,39.32004214963119],[-0.29080000000000006,39.32004214963119],[-0.29080000000000006,39.320242360379346],[-0.2906,39.320242360379346],[-0.29080000000000006,39.32064278187566],[-0.29040000000000005,39.32064278187566],[-0.29040000000000005,39.3204425711275],[-0.2902,39.3204425711275],[-0.2902,39.320242360379346],[-0.28980000000000006,39.32004214963119],[-0.28980000000000006,39.31964172813488],[-0.28900000000000003,39.31964172813488],[-0.2892,39.32004214963119],[-0.2896,39.32004214963119],[-0.2896,39.320242360379346],[-0.28940000000000005,39.320242360379346],[-0.28940000000000005,39.32064278187566],[-0.2892,39.32064278187566],[-0.28900000000000003,39.320242360379346],[-0.2886,39.320242360379346],[-0.28840000000000005,39.31984193888304],[-0.2882,39.31984193888304],[-0.2882,39.320242360379346],[-0.28780000000000006,39.320242360379346],[-0.28780000000000006,39.32004214963119],[-0.28800000000000003,39.32004214963119],[-0.28800000000000003,39.31924130663857],[-0.2882,39.31924130663857],[-0.2882,39.31884088514226],[-0.28800000000000003,39.31884088514226],[-0.28800000000000003,39.318640674394096],[-0.2876,39.318640674394096],[-0.28740000000000004,39.31824025289779],[-0.2866,39.31824025289779],[-0.2866,39.31804004214963],[-0.28740000000000004,39.31783983140148],[-0.28740000000000004,39.31723919915701],[-0.2876,39.31723919915701],[-0.2876,39.3168387776607],[-0.2882,39.3168387776607],[-0.28840000000000005,39.31643835616438],[-0.2882,39.31643835616438],[-0.2882,39.31623814541623],[-0.28800000000000003,39.31623814541623],[-0.28800000000000003,39.31643835616438],[-0.2876,39.31643835616438],[-0.2876,39.31623814541623],[-0.28680000000000005,39.316037934668074],[-0.28680000000000005,39.31643835616438],[-0.2862,39.31643835616438],[-0.2862,39.31623814541623],[-0.28600000000000003,39.31623814541623],[-0.28600000000000003,39.31663856691254],[-0.28580000000000005,39.31663856691254],[-0.2856,39.31623814541623],[-0.2852,39.31623814541623],[-0.2852,39.31583772391992],[-0.28480000000000005,39.31583772391992],[-0.28480000000000005,39.31523709167545],[-0.28500000000000003,39.31523709167545],[-0.28500000000000003,39.315437302423604],[-0.2852,39.315437302423604],[-0.2852,39.31523709167545],[-0.2856,39.31523709167545],[-0.2856,39.31563751317176],[-0.28600000000000003,39.31563751317176],[-0.28600000000000003,39.31583772391992],[-0.2856,39.31583772391992],[-0.2856,39.316037934668074],[-0.2866,39.316037934668074],[-0.2866,39.31583772391992],[-0.2862,39.31583772391992],[-0.2862,39.31523709167545],[-0.2866,39.315036880927295],[-0.2866,39.31463645943098],[-0.2862,39.31463645943098],[-0.2862,39.314436248682824],[-0.28580000000000005,39.314436248682824],[-0.28580000000000005,39.31423603793467],[-0.2852,39.31423603793467],[-0.2852,39.314436248682824],[-0.28500000000000003,39.314436248682824],[-0.28500000000000003,39.314035827186515],[-0.28540000000000004,39.314035827186515],[-0.28540000000000004,39.313835616438354],[-0.2856,39.313835616438354],[-0.2856,39.313435194942045],[-0.2852,39.313435194942045],[-0.2852,39.31323498419389],[-0.28600000000000003,39.313034773445736],[-0.28600000000000003,39.313435194942045],[-0.2862,39.313435194942045],[-0.2862,39.313034773445736],[-0.2866,39.313034773445736],[-0.2866,39.31323498419389],[-0.28700000000000003,39.313435194942045],[-0.28700000000000003,39.31323498419389],[-0.2872,39.31323498419389],[-0.2872,39.313034773445736],[-0.28700000000000003,39.313034773445736],[-0.28700000000000003,39.312834562697574],[-0.2872,39.312834562697574],[-0.28700000000000003,39.312434141201265],[-0.2876,39.312434141201265],[-0.2876,39.31223393045311],[-0.2872,39.31223393045311],[-0.2872,39.311833508956795],[-0.28780000000000006,39.311833508956795],[-0.28780000000000006,39.31163329820864],[-0.28800000000000003,39.31163329820864],[-0.28800000000000003,39.311433087460486],[-0.2872,39.311433087460486],[-0.2872,39.31163329820864],[-0.28700000000000003,39.31163329820864],[-0.28700000000000003,39.31203371970496],[-0.28640000000000004,39.31203371970496],[-0.28640000000000004,39.311833508956795],[-0.2866,39.311833508956795],[-0.2866,39.311433087460486],[-0.2862,39.31123287671233],[-0.2862,39.31043203371971],[-0.28600000000000003,39.31043203371971],[-0.28600000000000003,39.31023182297155],[-0.2866,39.31023182297155],[-0.2866,39.31003161222339],[-0.2856,39.31003161222339],[-0.2856,39.309831401475236],[-0.28540000000000004,39.309831401475236],[-0.28540000000000004,39.30943097997893],[-0.2852,39.30943097997893],[-0.2852,39.30963119072708],[-0.28480000000000005,39.30943097997893],[-0.28480000000000005,39.30923076923077],[-0.2852,39.30923076923077],[-0.28540000000000004,39.30883034773446],[-0.28580000000000005,39.30883034773446],[-0.28580000000000005,39.3086301369863],[-0.2856,39.3086301369863],[-0.28580000000000005,39.30822971548999],[-0.28600000000000003,39.30822971548999],[-0.28600000000000003,39.3086301369863],[-0.2862,39.3086301369863],[-0.2862,39.30883034773446],[-0.2866,39.30883034773446],[-0.2866,39.3086301369863],[-0.28680000000000005,39.3086301369863],[-0.28700000000000003,39.30903055848261],[-0.28780000000000006,39.30903055848261],[-0.28800000000000003,39.30943097997893],[-0.28840000000000005,39.30943097997893],[-0.28840000000000005,39.30903055848261],[-0.28800000000000003,39.30903055848261],[-0.28800000000000003,39.3086301369863],[-0.2882,39.3086301369863],[-0.2882,39.30842992623815],[-0.28800000000000003,39.30842992623815],[-0.28800000000000003,39.30822971548999],[-0.2876,39.30822971548999],[-0.2876,39.30802950474183],[-0.28740000000000004,39.30802950474183],[-0.28740000000000004,39.30822971548999],[-0.28700000000000003,39.30822971548999],[-0.28700000000000003,39.30842992623815],[-0.28680000000000005,39.30842992623815],[-0.28680000000000005,39.30822971548999],[-0.2866,39.30822971548999],[-0.2866,39.30842992623815],[-0.2862,39.30842992623815],[-0.2862,39.30782929399368],[-0.28640000000000004,39.30782929399368],[-0.28640000000000004,39.30762908324552],[-0.28680000000000005,39.30762908324552],[-0.28680000000000005,39.30702845100105],[-0.28740000000000004,39.30702845100105],[-0.28740000000000004,39.307228661749214],[-0.28780000000000006,39.307228661749214],[-0.28780000000000006,39.30702845100105],[-0.28800000000000003,39.30702845100105],[-0.28800000000000003,39.30662802950474],[-0.2882,39.30662802950474],[-0.2882,39.3068282402529],[-0.28840000000000005,39.3068282402529],[-0.28840000000000005,39.30762908324552],[-0.2882,39.30762908324552],[-0.2882,39.30802950474183],[-0.2886,39.30802950474183],[-0.28880000000000006,39.30762908324552],[-0.2892,39.30762908324552],[-0.2892,39.30822971548999],[-0.28940000000000005,39.30822971548999],[-0.2896,39.3086301369863],[-0.29000000000000004,39.30842992623815],[-0.29000000000000004,39.30883034773446],[-0.2886,39.30883034773446],[-0.2886,39.30903055848261],[-0.2896,39.30903055848261],[-0.2896,39.30923076923077],[-0.28980000000000006,39.30923076923077],[-0.2896,39.31003161222339],[-0.29000000000000004,39.31003161222339],[-0.29000000000000004,39.31063224446786],[-0.2892,39.31063224446786],[-0.2892,39.310832455216016],[-0.28900000000000003,39.310832455216016],[-0.28900000000000003,39.31103266596418],[-0.28940000000000005,39.31103266596418],[-0.2892,39.311433087460486],[-0.28940000000000005,39.311433087460486],[-0.28940000000000005,39.31163329820864],[-0.28980000000000006,39.31163329820864],[-0.28980000000000006,39.31103266596418],[-0.29000000000000004,39.31103266596418],[-0.29000000000000004,39.31123287671233],[-0.2902,39.31123287671233],[-0.2902,39.31163329820864],[-0.29040000000000005,39.31163329820864],[-0.29040000000000005,39.311833508956795],[-0.2902,39.311833508956795],[-0.29040000000000005,39.31223393045311],[-0.29100000000000004,39.31223393045311],[-0.29100000000000004,39.31203371970496],[-0.2912,39.31203371970496],[-0.2912,39.312434141201265],[-0.2916,39.312434141201265],[-0.29180000000000006,39.31323498419389],[-0.29140000000000005,39.31323498419389],[-0.29140000000000005,39.312834562697574],[-0.2912,39.312834562697574],[-0.2912,39.3136354056902],[-0.29100000000000004,39.3136354056902],[-0.29140000000000005,39.314436248682824],[-0.29180000000000006,39.314436248682824],[-0.29180000000000006,39.31423603793467],[-0.29140000000000005,39.314035827186515],[-0.29140000000000005,39.313435194942045],[-0.2916,39.313435194942045],[-0.2916,39.3136354056902],[-0.29180000000000006,39.3136354056902],[-0.29200000000000004,39.31323498419389],[-0.29240000000000005,39.31323498419389],[-0.29240000000000005,39.3136354056902],[-0.29300000000000004,39.3136354056902],[-0.29300000000000004,39.313435194942045],[-0.29340000000000005,39.313435194942045],[-0.29340000000000005,39.314035827186515],[-0.2932,39.314035827186515],[-0.2932,39.313835616438354],[-0.29240000000000005,39.313835616438354],[-0.29240000000000005,39.31423603793467],[-0.2922,39.31423603793467],[-0.2922,39.314436248682824],[-0.2926,39.31463645943098],[-0.2926,39.314436248682824],[-0.29300000000000004,39.314436248682824],[-0.29300000000000004,39.31423603793467],[-0.2932,39.31423603793467],[-0.2932,39.31463645943098],[-0.2928,39.31463645943098],[-0.2928,39.315437302423604],[-0.2932,39.315437302423604],[-0.29340000000000005,39.31583772391992],[-0.2938,39.316037934668074],[-0.2938,39.31623814541623],[-0.29340000000000005,39.31643835616438],[-0.29340000000000005,39.317038988408854],[-0.2938,39.317038988408854],[-0.2938,39.3168387776607],[-0.29460000000000003,39.3168387776607],[-0.29460000000000003,39.317038988408854],[-0.2948,39.317038988408854],[-0.2948,39.31723919915701],[-0.29460000000000003,39.31723919915701],[-0.2948,39.31763962065332],[-0.29440000000000005,39.31763962065332],[-0.29440000000000005,39.31804004214963],[-0.29400000000000004,39.31804004214963],[-0.29400000000000004,39.31824025289779],[-0.29440000000000005,39.31824025289779],[-0.29440000000000005,39.31844046364594],[-0.2942,39.31844046364594],[-0.2942,39.318640674394096],[-0.2938,39.31844046364594],[-0.2938,39.31904109589041],[-0.2942,39.31904109589041],[-0.2942,39.31924130663857],[-0.29460000000000003,39.31924130663857],[-0.29460000000000003,39.31884088514226],[-0.2948,39.31884088514226],[-0.2948,39.31904109589041],[-0.29560000000000003,39.31904109589041],[-0.29560000000000003,39.31924130663857],[-0.29540000000000005,39.31924130663857],[-0.29540000000000005,39.31964172813488],[-0.2958,39.31964172813488],[-0.2958,39.320242360379346],[-0.2962,39.320242360379346]],[[-0.2926,39.31984193888304],[-0.2926,39.31944151738672],[-0.29240000000000005,39.31944151738672],[-0.29240000000000005,39.31984193888304],[-0.2926,39.31984193888304]],[[-0.2928,39.31944151738672],[-0.2928,39.31924130663857],[-0.2926,39.31924130663857],[-0.2926,39.31944151738672],[-0.2928,39.31944151738672]],[[-0.29140000000000005,39.31924130663857],[-0.29140000000000005,39.31884088514226],[-0.2916,39.31884088514226],[-0.2916,39.318640674394096],[-0.2912,39.318640674394096],[-0.2912,39.31924130663857],[-0.29140000000000005,39.31924130663857]],[[-0.2912,39.31844046364594],[-0.29100000000000004,39.31844046364594],[-0.29100000000000004,39.318640674394096],[-0.2912,39.318640674394096],[-0.2912,39.31844046364594]],[[-0.29100000000000004,39.31783983140148],[-0.2906,39.31783983140148],[-0.2906,39.31844046364594],[-0.29100000000000004,39.31844046364594],[-0.29100000000000004,39.31783983140148]],[[-0.29000000000000004,39.31964172813488],[-0.29000000000000004,39.31904109589041],[-0.28980000000000006,39.31904109589041],[-0.2896,39.31944151738672],[-0.29000000000000004,39.31964172813488]],[[-0.2886,39.31623814541623],[-0.2886,39.31643835616438],[-0.28880000000000006,39.31643835616438],[-0.28880000000000006,39.316037934668074],[-0.2886,39.316037934668074],[-0.2886,39.31583772391992],[-0.28800000000000003,39.31583772391992],[-0.2882,39.31623814541623],[-0.2886,39.31623814541623]],[[-0.2872,39.313435194942045],[-0.28740000000000004,39.313435194942045],[-0.28740000000000004,39.313835616438354],[-0.2866,39.314035827186515],[-0.28680000000000005,39.31483667017913],[-0.2872,39.31483667017913],[-0.2872,39.31463645943098],[-0.28700000000000003,39.31463645943098],[-0.2872,39.31423603793467],[-0.28800000000000003,39.31423603793467],[-0.28800000000000003,39.31463645943098],[-0.28840000000000005,39.31483667017913],[-0.2886,39.314436248682824],[-0.2882,39.31423603793467],[-0.2882,39.313835616438354],[-0.2876,39.313835616438354],[-0.2876,39.31323498419389],[-0.2872,39.31323498419389],[-0.2872,39.313435194942045]],[[-0.28700000000000003,39.3136354056902],[-0.28680000000000005,39.3136354056902],[-0.28680000000000005,39.313835616438354],[-0.28700000000000003,39.313835616438354],[-0.28700000000000003,39.3136354056902]],[[-0.2866,39.313835616438354],[-0.28640000000000004,39.313835616438354],[-0.28640000000000004,39.3136354056902],[-0.28600000000000003,39.3136354056902],[-0.28600000000000003,39.314035827186515],[-0.2866,39.314035827186515],[-0.2866,39.313835616438354]],[[-0.28800000000000003,39.31483667017913],[-0.28800000000000003,39.315036880927295],[-0.28780000000000006,39.315036880927295],[-0.28780000000000006,39.31523709167545],[-0.2882,39.31523709167545],[-0.2882,39.31483667017913],[-0.28800000000000003,39.31483667017913]],[[-0.28880000000000006,39.314436248682824],[-0.28880000000000006,39.314035827186515],[-0.2886,39.314035827186515],[-0.2886,39.314436248682824],[-0.28880000000000006,39.314436248682824]],[[-0.28900000000000003,39.314035827186515],[-0.28900000000000003,39.313835616438354],[-0.28880000000000006,39.313835616438354],[-0.28880000000000006,39.314035827186515],[-0.28900000000000003,39.314035827186515]],[[-0.2856,39.30943097997893],[-0.2856,39.30923076923077],[-0.28540000000000004,39.30923076923077],[-0.28540000000000004,39.30943097997893],[-0.2856,39.30943097997893]],[[-0.28580000000000005,39.30923076923077],[-0.28580000000000005,39.30943097997893],[-0.28600000000000003,39.30943097997893],[-0.28600000000000003,39.30903055848261],[-0.2856,39.30903055848261],[-0.2856,39.30923076923077],[-0.28580000000000005,39.30923076923077]],[[-0.28600000000000003,39.30963119072708],[-0.28580000000000005,39.30963119072708],[-0.28580000000000005,39.309831401475236],[-0.2862,39.309831401475236],[-0.28640000000000004,39.30943097997893],[-0.28600000000000003,39.30943097997893],[-0.28600000000000003,39.30963119072708]],[[-0.2866,39.30903055848261],[-0.2866,39.30923076923077],[-0.28700000000000003,39.30923076923077],[-0.28700000000000003,39.30903055848261],[-0.2866,39.30903055848261]],[[-0.28680000000000005,39.30782929399368],[-0.2872,39.30782929399368],[-0.2872,39.30762908324552],[-0.28680000000000005,39.30762908324552],[-0.28680000000000005,39.30782929399368]],[[-0.28780000000000006,39.30742887249737],[-0.2876,39.30742887249737],[-0.2876,39.30762908324552],[-0.28800000000000003,39.30762908324552],[-0.28800000000000003,39.307228661749214],[-0.28780000000000006,39.307228661749214],[-0.28780000000000006,39.30742887249737]],[[-0.28880000000000006,39.31163329820864],[-0.28880000000000006,39.311433087460486],[-0.2886,39.311433087460486],[-0.2886,39.311833508956795],[-0.28880000000000006,39.311833508956795],[-0.28880000000000006,39.31203371970496],[-0.2892,39.31223393045311],[-0.2892,39.31203371970496],[-0.28940000000000005,39.31203371970496],[-0.28940000000000005,39.31163329820864],[-0.28880000000000006,39.31163329820864]],[[-0.2886,39.31123287671233],[-0.28880000000000006,39.31123287671233],[-0.28880000000000006,39.31103266596418],[-0.28840000000000005,39.31103266596418],[-0.28840000000000005,39.311433087460486],[-0.2886,39.311433087460486],[-0.2886,39.31123287671233]],[[-0.28980000000000006,39.31223393045311],[-0.28980000000000006,39.31263435194942],[-0.29000000000000004,39.31263435194942],[-0.29000000000000004,39.312834562697574],[-0.29040000000000005,39.312834562697574],[-0.29040000000000005,39.31223393045311],[-0.28980000000000006,39.31223393045311]],[[-0.29300000000000004,39.31583772391992],[-0.29300000000000004,39.316037934668074],[-0.29340000000000005,39.316037934668074],[-0.29340000000000005,39.31583772391992],[-0.29300000000000004,39.31583772391992]],[[-0.29440000000000005,39.31723919915701],[-0.29400000000000004,39.317038988408854],[-0.29400000000000004,39.31743940990516],[-0.2942,39.31743940990516],[-0.2942,39.31763962065332],[-0.29440000000000005,39.31763962065332],[-0.29440000000000005,39.31723919915701]],[[-0.2938,39.31783983140148],[-0.2936,39.31783983140148],[-0.2936,39.31844046364594],[-0.2938,39.31844046364594],[-0.2938,39.31783983140148]],[[-0.2936,39.31904109589041],[-0.2936,39.31924130663857],[-0.2938,39.31924130663857],[-0.2938,39.31904109589041],[-0.2936,39.31904109589041]],[[-0.29440000000000005,39.321243414120126],[-0.29400000000000004,39.32144362486828],[-0.29400000000000004,39.32164383561644],[-0.2948,39.32164383561644],[-0.2948,39.32144362486828],[-0.29440000000000005,39.32144362486828],[-0.29440000000000005,39.321243414120126]],[[-0.29400000000000004,39.321243414120126],[-0.2936,39.321243414120126],[-0.2936,39.32144362486828],[-0.29400000000000004,39.32144362486828],[-0.29400000000000004,39.321243414120126]],[[-0.29440000000000005,39.32064278187566],[-0.29400000000000004,39.32064278187566],[-0.29400000000000004,39.32104320337197],[-0.29440000000000005,39.32104320337197],[-0.29440000000000005,39.32064278187566]],[[-0.29340000000000005,39.32064278187566],[-0.29300000000000004,39.32064278187566],[-0.2932,39.32104320337197],[-0.29340000000000005,39.32104320337197],[-0.29340000000000005,39.32064278187566]],[[-0.29440000000000005,39.31984193888304],[-0.29460000000000003,39.31984193888304],[-0.29460000000000003,39.32004214963119],[-0.2942,39.32004214963119],[-0.2942,39.31984193888304],[-0.2936,39.31984193888304],[-0.2936,39.320242360379346],[-0.29440000000000005,39.320242360379346],[-0.29440000000000005,39.3204425711275],[-0.29460000000000003,39.3204425711275],[-0.2948,39.32004214963119],[-0.29500000000000004,39.32004214963119],[-0.29500000000000004,39.31984193888304],[-0.29460000000000003,39.31964172813488],[-0.29460000000000003,39.31944151738672],[-0.2942,39.31944151738672],[-0.29440000000000005,39.31984193888304]],[[-0.2932,39.31964172813488],[-0.29300000000000004,39.31964172813488],[-0.29300000000000004,39.32004214963119],[-0.2932,39.32004214963119],[-0.2932,39.31964172813488]],[[-0.28880000000000006,39.31904109589041],[-0.2886,39.31904109589041],[-0.28840000000000005,39.31944151738672],[-0.2882,39.31944151738672],[-0.2882,39.31964172813488],[-0.2886,39.31964172813488],[-0.2886,39.31944151738672],[-0.28880000000000006,39.31944151738672],[-0.28880000000000006,39.31904109589041]],[[-0.28940000000000005,39.31904109589041],[-0.2896,39.31904109589041],[-0.2896,39.31884088514226],[-0.2892,39.31884088514226],[-0.2892,39.31924130663857],[-0.28940000000000005,39.31924130663857],[-0.28940000000000005,39.31904109589041]],[[-0.2882,39.31743940990516],[-0.28800000000000003,39.31743940990516],[-0.28800000000000003,39.31723919915701],[-0.2876,39.31743940990516],[-0.28780000000000006,39.31783983140148],[-0.28800000000000003,39.31783983140148],[-0.28800000000000003,39.31804004214963],[-0.28780000000000006,39.31804004214963],[-0.28800000000000003,39.31844046364594],[-0.28840000000000005,39.31824025289779],[-0.28840000000000005,39.31804004214963],[-0.2892,39.31804004214963],[-0.2892,39.31824025289779],[-0.28940000000000005,39.31824025289779],[-0.28940000000000005,39.31804004214963],[-0.28980000000000006,39.31804004214963],[-0.28980000000000006,39.31824025289779],[-0.29000000000000004,39.31824025289779],[-0.29000000000000004,39.318640674394096],[-0.29040000000000005,39.318640674394096],[-0.29040000000000005,39.31824025289779],[-0.2902,39.31824025289779],[-0.2902,39.31804004214963],[-0.29040000000000005,39.31804004214963],[-0.29040000000000005,39.31743940990516],[-0.2902,39.31743940990516],[-0.2902,39.31723919915701],[-0.28980000000000006,39.31723919915701],[-0.28980000000000006,39.31763962065332],[-0.2896,39.31763962065332],[-0.2896,39.31783983140148],[-0.2892,39.31783983140148],[-0.28900000000000003,39.31743940990516],[-0.2886,39.31763962065332],[-0.2886,39.31783983140148],[-0.28840000000000005,39.31783983140148],[-0.2882,39.31743940990516]],[[-0.2906,39.31723919915701],[-0.29080000000000006,39.31763962065332],[-0.2912,39.31763962065332],[-0.2912,39.31723919915701],[-0.29080000000000006,39.317038988408854],[-0.29080000000000006,39.31663856691254],[-0.29100000000000004,39.31663856691254],[-0.29100000000000004,39.31583772391992],[-0.2906,39.316037934668074],[-0.2906,39.31663856691254],[-0.29040000000000005,39.31663856691254],[-0.2906,39.317038988408854],[-0.2902,39.317038988408854],[-0.2902,39.31723919915701],[-0.2906,39.31723919915701]],[[-0.2896,39.31723919915701],[-0.28940000000000005,39.31723919915701],[-0.28940000000000005,39.31763962065332],[-0.2896,39.31763962065332],[-0.2896,39.31723919915701]],[[-0.28940000000000005,39.317038988408854],[-0.28980000000000006,39.317038988408854],[-0.28980000000000006,39.31663856691254],[-0.2902,39.31663856691254],[-0.2902,39.31643835616438],[-0.29040000000000005,39.31643835616438],[-0.29040000000000005,39.316037934668074],[-0.29000000000000004,39.316037934668074],[-0.28980000000000006,39.31643835616438],[-0.2896,39.31643835616438],[-0.2896,39.316037934668074],[-0.28980000000000006,39.316037934668074],[-0.28980000000000006,39.31583772391992],[-0.28900000000000003,39.31583772391992],[-0.28900000000000003,39.316037934668074],[-0.28940000000000005,39.31623814541623],[-0.28940000000000005,39.31643835616438],[-0.2886,39.31663856691254],[-0.2886,39.317038988408854],[-0.28880000000000006,39.317038988408854],[-0.28880000000000006,39.3168387776607],[-0.2892,39.3168387776607],[-0.2892,39.31723919915701],[-0.28940000000000005,39.31723919915701],[-0.28940000000000005,39.317038988408854]],[[-0.29300000000000004,39.31783983140148],[-0.2928,39.31783983140148],[-0.2928,39.31804004214963],[-0.29240000000000005,39.31804004214963],[-0.29240000000000005,39.31824025289779],[-0.29300000000000004,39.31824025289779],[-0.29300000000000004,39.31783983140148]],[[-0.29180000000000006,39.31783983140148],[-0.2916,39.31783983140148],[-0.2916,39.31804004214963],[-0.29180000000000006,39.31804004214963],[-0.29180000000000006,39.31783983140148]],[[-0.2926,39.31743940990516],[-0.2926,39.31763962065332],[-0.2928,39.31763962065332],[-0.2928,39.31743940990516],[-0.2926,39.31743940990516]],[[-0.29300000000000004,39.31743940990516],[-0.29300000000000004,39.31723919915701],[-0.2928,39.31723919915701],[-0.2928,39.31743940990516],[-0.29300000000000004,39.31743940990516]],[[-0.2922,39.31743940990516],[-0.29200000000000004,39.31743940990516],[-0.29200000000000004,39.31763962065332],[-0.2922,39.31763962065332],[-0.2922,39.31743940990516]],[[-0.2936,39.31723919915701],[-0.29340000000000005,39.31723919915701],[-0.29340000000000005,39.31743940990516],[-0.2936,39.31743940990516],[-0.2936,39.31723919915701]],[[-0.2922,39.3168387776607],[-0.2926,39.3168387776607],[-0.2926,39.317038988408854],[-0.29300000000000004,39.317038988408854],[-0.2928,39.31663856691254],[-0.2922,39.31663856691254],[-0.2922,39.3168387776607]],[[-0.2916,39.31663856691254],[-0.2912,39.31663856691254],[-0.2912,39.317038988408854],[-0.2916,39.317038988408854],[-0.2916,39.31663856691254]],[[-0.29200000000000004,39.31663856691254],[-0.29180000000000006,39.31663856691254],[-0.29180000000000006,39.3168387776607],[-0.29200000000000004,39.3168387776607],[-0.29200000000000004,39.31663856691254]],[[-0.2922,39.316037934668074],[-0.29200000000000004,39.316037934668074],[-0.29200000000000004,39.31623814541623],[-0.2922,39.31623814541623],[-0.2922,39.316037934668074]],[[-0.28700000000000003,39.31583772391992],[-0.28740000000000004,39.31583772391992],[-0.28740000000000004,39.316037934668074],[-0.28780000000000006,39.31583772391992],[-0.28780000000000006,39.31563751317176],[-0.28740000000000004,39.315437302423604],[-0.28740000000000004,39.315036880927295],[-0.28700000000000003,39.315036880927295],[-0.28700000000000003,39.315437302423604],[-0.28680000000000005,39.315437302423604],[-0.28700000000000003,39.31583772391992]],[[-0.29000000000000004,39.315437302423604],[-0.29000000000000004,39.31583772391992],[-0.2902,39.31583772391992],[-0.2902,39.315437302423604],[-0.29000000000000004,39.315437302423604]],[[-0.29040000000000005,39.315437302423604],[-0.29040000000000005,39.315036880927295],[-0.2902,39.315036880927295],[-0.2902,39.315437302423604],[-0.29040000000000005,39.315437302423604]],[[-0.29240000000000005,39.315437302423604],[-0.29200000000000004,39.315437302423604],[-0.29200000000000004,39.31563751317176],[-0.29240000000000005,39.31563751317176],[-0.29240000000000005,39.315437302423604]],[[-0.29080000000000006,39.31563751317176],[-0.2912,39.31563751317176],[-0.2912,39.315437302423604],[-0.29140000000000005,39.315437302423604],[-0.29140000000000005,39.31523709167545],[-0.2912,39.31523709167545],[-0.2912,39.31483667017913],[-0.29100000000000004,39.31483667017913],[-0.29100000000000004,39.314436248682824],[-0.2906,39.31463645943098],[-0.2906,39.315036880927295],[-0.29080000000000006,39.315036880927295],[-0.29080000000000006,39.31563751317176]],[[-0.2896,39.315437302423604],[-0.28980000000000006,39.315437302423604],[-0.28980000000000006,39.31523709167545],[-0.2896,39.31523709167545],[-0.2896,39.315437302423604]],[[-0.2896,39.315036880927295],[-0.28940000000000005,39.315036880927295],[-0.28940000000000005,39.31523709167545],[-0.2896,39.31523709167545],[-0.2896,39.315036880927295]],[[-0.2922,39.31523709167545],[-0.29240000000000005,39.31523709167545],[-0.29240000000000005,39.315036880927295],[-0.2922,39.315036880927295],[-0.2922,39.31523709167545]],[[-0.2922,39.31483667017913],[-0.29180000000000006,39.31483667017913],[-0.29180000000000006,39.315036880927295],[-0.2922,39.315036880927295],[-0.2922,39.31483667017913]],[[-0.2892,39.315036880927295],[-0.28900000000000003,39.315036880927295],[-0.28900000000000003,39.31523709167545],[-0.2892,39.31523709167545],[-0.2892,39.315036880927295]],[[-0.2902,39.314436248682824],[-0.2892,39.314436248682824],[-0.2892,39.31463645943098],[-0.2902,39.31463645943098],[-0.2902,39.314436248682824]],[[-0.29000000000000004,39.3136354056902],[-0.28980000000000006,39.3136354056902],[-0.28980000000000006,39.314035827186515],[-0.29000000000000004,39.314035827186515],[-0.29000000000000004,39.3136354056902]],[[-0.2906,39.313435194942045],[-0.29080000000000006,39.313435194942045],[-0.29080000000000006,39.31323498419389],[-0.29040000000000005,39.31323498419389],[-0.29040000000000005,39.3136354056902],[-0.2906,39.3136354056902],[-0.2906,39.313435194942045]],[[-0.28800000000000003,39.31323498419389],[-0.28780000000000006,39.31323498419389],[-0.28780000000000006,39.313435194942045],[-0.28800000000000003,39.313435194942045],[-0.28800000000000003,39.31323498419389]],[[-0.29080000000000006,39.312834562697574],[-0.2906,39.312834562697574],[-0.2906,39.313034773445736],[-0.29080000000000006,39.313034773445736],[-0.29080000000000006,39.312834562697574]],[[-0.28800000000000003,39.31263435194942],[-0.28780000000000006,39.31263435194942],[-0.28780000000000006,39.313034773445736],[-0.28800000000000003,39.313034773445736],[-0.28800000000000003,39.31263435194942]],[[-0.2896,39.31223393045311],[-0.28940000000000005,39.31223393045311],[-0.28940000000000005,39.312434141201265],[-0.2896,39.312434141201265],[-0.2896,39.31223393045311]],[[-0.2886,39.31223393045311],[-0.28840000000000005,39.31223393045311],[-0.28840000000000005,39.312434141201265],[-0.2886,39.312434141201265],[-0.2886,39.31223393045311]],[[-0.28680000000000005,39.31103266596418],[-0.28680000000000005,39.31123287671233],[-0.28700000000000003,39.31123287671233],[-0.28700000000000003,39.31103266596418],[-0.28680000000000005,39.31103266596418]],[[-0.28740000000000004,39.31103266596418],[-0.28740000000000004,39.31003161222339],[-0.2876,39.31003161222339],[-0.2876,39.30963119072708],[-0.28780000000000006,39.30963119072708],[-0.28780000000000006,39.30943097997893],[-0.28740000000000004,39.30943097997893],[-0.28740000000000004,39.309831401475236],[-0.28700000000000003,39.31003161222339],[-0.28700000000000003,39.31023182297155],[-0.2872,39.31023182297155],[-0.2872,39.31043203371971],[-0.28700000000000003,39.31043203371971],[-0.28700000000000003,39.31103266596418],[-0.28740000000000004,39.31103266596418]],[[-0.2892,39.31003161222339],[-0.2886,39.31003161222339],[-0.2886,39.31063224446786],[-0.28900000000000003,39.31063224446786],[-0.28880000000000006,39.31023182297155],[-0.2892,39.31023182297155],[-0.2892,39.31003161222339]],[[-0.2882,39.31003161222339],[-0.28800000000000003,39.31003161222339],[-0.28800000000000003,39.31023182297155],[-0.2876,39.31043203371971],[-0.2876,39.31063224446786],[-0.28840000000000005,39.31063224446786],[-0.28840000000000005,39.31043203371971],[-0.2882,39.31043203371971],[-0.2882,39.31003161222339]],[[-0.28700000000000003,39.30963119072708],[-0.2866,39.30963119072708],[-0.2866,39.309831401475236],[-0.28700000000000003,39.309831401475236],[-0.28700000000000003,39.30963119072708]],[[-0.28940000000000005,39.30943097997893],[-0.28900000000000003,39.30943097997893],[-0.28900000000000003,39.30963119072708],[-0.28940000000000005,39.30963119072708],[-0.28940000000000005,39.30943097997893]],[[-0.28880000000000006,39.30842992623815],[-0.2886,39.30842992623815],[-0.2886,39.3086301369863],[-0.28880000000000006,39.3086301369863],[-0.28880000000000006,39.30842992623815]]]},"properties":{"area_sqm":563425.2,"area_ha":56.34,"area_km2":0.5634,"backscatter_change_db":-4.6,"flood_confidence":0.178,"pixel_count":1474,"source":"Sentinel-1 RTC COG log-ratio \u0394\u03c3\u00b0 < \u22123 dB"}},{"type":"Feature","geometry":{"type":"Polygon","coordinates":[[[-0.29560000000000003,39.34707060063224],[-0.2958,39.34707060063224],[-0.2958,39.3472708113804],[-0.29640000000000005,39.3472708113804],[-0.29640000000000005,39.34747102212856],[-0.29540000000000005,39.34747102212856],[-0.2952,39.34707060063224],[-0.2948,39.34707060063224],[-0.2948,39.34767123287671],[-0.29600000000000004,39.34767123287671],[-0.2958,39.34807165437302],[-0.29460000000000003,39.34807165437302],[-0.29460000000000003,39.34787144362487],[-0.2942,39.34787144362487],[-0.2942,39.34747102212856],[-0.2938,39.34747102212856],[-0.2938,39.34787144362487],[-0.29340000000000005,39.34787144362487],[-0.29340000000000005,39.34767123287671],[-0.2928,39.34767123287671],[-0.2928,39.34747102212856],[-0.29240000000000005,39.34747102212856],[-0.29240000000000005,39.34767123287671],[-0.29200000000000004,39.34767123287671],[-0.29200000000000004,39.34747102212856],[-0.29180000000000006,39.34747102212856],[-0.29180000000000006,39.34767123287671],[-0.29140000000000005,39.34767123287671],[-0.29140000000000005,39.3472708113804],[-0.2916,39.3472708113804],[-0.2916,39.34707060063224],[-0.2922,39.34707060063224],[-0.29240000000000005,39.346670179135934],[-0.2916,39.34646996838778],[-0.2916,39.34626975763962],[-0.2912,39.34626975763962],[-0.2912,39.346069546891464],[-0.29100000000000004,39.346069546891464],[-0.29100000000000004,39.34626975763962],[-0.28980000000000006,39.346069546891464],[-0.2896,39.34646996838778],[-0.2892,39.34646996838778],[-0.2892,39.34626975763962],[-0.28880000000000006,39.34626975763962],[-0.28880000000000006,39.346069546891464],[-0.28840000000000005,39.34626975763962],[-0.2882,39.34586933614331],[-0.2876,39.34586933614331],[-0.2876,39.34707060063224],[-0.2872,39.34707060063224],[-0.2872,39.34687038988409],[-0.28700000000000003,39.34687038988409],[-0.28700000000000003,39.34707060063224],[-0.28680000000000005,39.34707060063224],[-0.28680000000000005,39.34687038988409],[-0.28500000000000003,39.34687038988409],[-0.28500000000000003,39.346670179135934],[-0.28440000000000004,39.346670179135934],[-0.28440000000000004,39.34646996838778],[-0.2846,39.34646996838778],[-0.28480000000000005,39.346069546891464],[-0.2846,39.346069546891464],[-0.2846,39.34586933614331],[-0.2842,39.345669125395155],[-0.2842,39.345468914647],[-0.28380000000000005,39.345468914647],[-0.28380000000000005,39.34586933614331],[-0.28340000000000004,39.34586933614331],[-0.28340000000000004,39.34526870389884],[-0.2836,39.34526870389884],[-0.2836,39.345068493150684],[-0.28300000000000003,39.345068493150684],[-0.28300000000000003,39.344668071654375],[-0.28280000000000005,39.344668071654375],[-0.28280000000000005,39.34446786090622],[-0.28240000000000004,39.34446786090622],[-0.28240000000000004,39.344668071654375],[-0.2826,39.344668071654375],[-0.2826,39.345669125395155],[-0.28300000000000003,39.345669125395155],[-0.28300000000000003,39.34646996838778],[-0.28280000000000005,39.34646996838778],[-0.28280000000000005,39.34586933614331],[-0.2822,39.34586933614331],[-0.2822,39.345669125395155],[-0.28200000000000003,39.345669125395155],[-0.28200000000000003,39.346069546891464],[-0.2826,39.346069546891464],[-0.28240000000000004,39.34646996838778],[-0.2822,39.34646996838778],[-0.2822,39.34626975763962],[-0.28200000000000003,39.34626975763962],[-0.28200000000000003,39.34646996838778],[-0.2816,39.34646996838778],[-0.28140000000000004,39.346069546891464],[-0.2812,39.346069546891464],[-0.2812,39.34626975763962],[-0.281,39.34626975763962],[-0.281,39.346069546891464],[-0.28080000000000005,39.346069546891464],[-0.28080000000000005,39.34626975763962],[-0.2806,39.34626975763962],[-0.2806,39.346069546891464],[-0.27880000000000005,39.346069546891464],[-0.27880000000000005,39.345669125395155],[-0.2786,39.345669125395155],[-0.2786,39.34586933614331],[-0.278,39.34586933614331],[-0.278,39.345669125395155],[-0.277,39.345669125395155],[-0.277,39.345468914647],[-0.27640000000000003,39.345468914647],[-0.27640000000000003,39.345669125395155],[-0.27620000000000006,39.345669125395155],[-0.27620000000000006,39.345468914647],[-0.276,39.345468914647],[-0.276,39.345068493150684],[-0.27640000000000003,39.345068493150684],[-0.27640000000000003,39.344668071654375],[-0.27620000000000006,39.344668071654375],[-0.27620000000000006,39.34446786090622],[-0.27580000000000005,39.34446786090622],[-0.27580000000000005,39.344668071654375],[-0.27520000000000006,39.344668071654375],[-0.27520000000000006,39.34446786090622],[-0.27540000000000003,39.34446786090622],[-0.27540000000000003,39.34426765015806],[-0.27520000000000006,39.34426765015806],[-0.27520000000000006,39.343667017913596],[-0.27480000000000004,39.343667017913596],[-0.27480000000000004,39.34326659641728],[-0.27520000000000006,39.343066385669125],[-0.275,39.34266596417282],[-0.2756,39.34266596417282],[-0.2756,39.34286617492097],[-0.27580000000000005,39.34286617492097],[-0.27580000000000005,39.342465753424655],[-0.27640000000000003,39.342465753424655],[-0.27640000000000003,39.342065331928346],[-0.27580000000000005,39.342065331928346],[-0.27580000000000005,39.34186512118019],[-0.275,39.34166491043204],[-0.275,39.33906217070601],[-0.27540000000000003,39.33886195995785],[-0.27540000000000003,39.33846153846154],[-0.275,39.33846153846154],[-0.275,39.33826132771338],[-0.27520000000000006,39.33826132771338],[-0.27520000000000006,39.336859852476294],[-0.27540000000000003,39.336859852476294],[-0.27540000000000003,39.33665964172813],[-0.27580000000000005,39.33665964172813],[-0.2756,39.336259220231824],[-0.27520000000000006,39.336259220231824],[-0.27520000000000006,39.33565858798735],[-0.27540000000000003,39.33565858798735],[-0.27540000000000003,39.335858798735515],[-0.27580000000000005,39.335858798735515],[-0.27580000000000005,39.33605900948367],[-0.27640000000000003,39.33605900948367],[-0.27620000000000006,39.33565858798735],[-0.27540000000000003,39.3354583772392],[-0.27540000000000003,39.33485774499473],[-0.276,39.33485774499473],[-0.276,39.334257112750265],[-0.27580000000000005,39.334257112750265],[-0.27580000000000005,39.334657534246574],[-0.27520000000000006,39.334657534246574],[-0.27520000000000006,39.333656480505795],[-0.2756,39.333656480505795],[-0.2756,39.33385669125395],[-0.27620000000000006,39.33385669125395],[-0.27620000000000006,39.333656480505795],[-0.276,39.333656480505795],[-0.276,39.333256059009486],[-0.27580000000000005,39.333256059009486],[-0.27580000000000005,39.332655426765015],[-0.27620000000000006,39.332655426765015],[-0.27620000000000006,39.33245521601686],[-0.277,39.332655426765015],[-0.277,39.33245521601686],[-0.27720000000000006,39.33245521601686],[-0.277,39.331654373024236],[-0.27640000000000003,39.331654373024236],[-0.27620000000000006,39.33125395152793],[-0.276,39.33125395152793],[-0.276,39.331053740779765],[-0.27680000000000005,39.33085353003161],[-0.27680000000000005,39.33125395152793],[-0.27720000000000006,39.33125395152793],[-0.27740000000000004,39.3304531085353],[-0.277,39.33025289778715],[-0.277,39.32965226554268],[-0.27720000000000006,39.32965226554268],[-0.27720000000000006,39.32885142255005],[-0.2776,39.32885142255005],[-0.2776,39.32905163329821],[-0.27780000000000005,39.32905163329821],[-0.27780000000000005,39.3286512118019],[-0.278,39.3286512118019],[-0.278,39.32845100105374],[-0.2776,39.32845100105374],[-0.2776,39.3286512118019],[-0.27740000000000004,39.3286512118019],[-0.27740000000000004,39.32805057955743],[-0.277,39.32805057955743],[-0.277,39.32825079030559],[-0.27720000000000006,39.32825079030559],[-0.27720000000000006,39.3286512118019],[-0.277,39.3286512118019],[-0.277,39.32945205479452],[-0.2766,39.32945205479452],[-0.2766,39.32925184404637],[-0.27680000000000005,39.32925184404637],[-0.27680000000000005,39.32885142255005],[-0.27640000000000003,39.32885142255005],[-0.27620000000000006,39.32925184404637],[-0.27580000000000005,39.32925184404637],[-0.27580000000000005,39.32945205479452],[-0.2756,39.32945205479452],[-0.2756,39.32965226554268],[-0.276,39.32965226554268],[-0.276,39.32945205479452],[-0.27640000000000003,39.32965226554268],[-0.27640000000000003,39.330653319283456],[-0.2756,39.330653319283456],[-0.2756,39.331053740779765],[-0.27540000000000003,39.331053740779765],[-0.27540000000000003,39.3304531085353],[-0.276,39.3304531085353],[-0.276,39.33025289778715],[-0.27540000000000003,39.33025289778715],[-0.27540000000000003,39.330052687038986],[-0.2756,39.330052687038986],[-0.2756,39.32985247629083],[-0.27540000000000003,39.32985247629083],[-0.27540000000000003,39.32825079030559],[-0.2756,39.32825079030559],[-0.2756,39.32805057955743],[-0.276,39.32825079030559],[-0.276,39.32785036880927],[-0.27580000000000005,39.32785036880927],[-0.27580000000000005,39.327449947312964],[-0.2756,39.327449947312964],[-0.2756,39.32684931506849],[-0.276,39.32684931506849],[-0.276,39.32664910432034],[-0.2756,39.32664910432034],[-0.2756,39.326448893572184],[-0.27580000000000005,39.326448893572184],[-0.27580000000000005,39.32624868282402],[-0.2756,39.32624868282402],[-0.2756,39.32504741833509],[-0.276,39.32504741833509],[-0.276,39.325447839831405],[-0.27640000000000003,39.325447839831405],[-0.27640000000000003,39.325848261327714],[-0.27680000000000005,39.325848261327714],[-0.27680000000000005,39.325447839831405],[-0.27720000000000006,39.325447839831405],[-0.27720000000000006,39.32564805057956],[-0.2776,39.32564805057956],[-0.2776,39.325848261327714],[-0.278,39.325848261327714],[-0.278,39.32564805057956],[-0.27780000000000005,39.32564805057956],[-0.27780000000000005,39.325447839831405],[-0.278,39.325447839831405],[-0.278,39.32504741833509],[-0.27780000000000005,39.32504741833509],[-0.27780000000000005,39.324847207586934],[-0.27740000000000004,39.324847207586934],[-0.27740000000000004,39.32464699683878],[-0.27720000000000006,39.32464699683878],[-0.27720000000000006,39.324847207586934],[-0.27680000000000005,39.324847207586934],[-0.27680000000000005,39.32524762908324],[-0.27640000000000003,39.32524762908324],[-0.27640000000000003,39.324847207586934],[-0.27680000000000005,39.32464699683878],[-0.27680000000000005,39.324446786090625],[-0.2766,39.324446786090625],[-0.2766,39.324246575342464],[-0.27640000000000003,39.324246575342464],[-0.27640000000000003,39.324446786090625],[-0.27620000000000006,39.324446786090625],[-0.27620000000000006,39.324246575342464],[-0.2756,39.324246575342464],[-0.2756,39.322845100105376],[-0.27580000000000005,39.322845100105376],[-0.27580000000000005,39.32244467860906],[-0.276,39.32244467860906],[-0.27580000000000005,39.32204425711275],[-0.276,39.32204425711275],[-0.276,39.32164383561644],[-0.27620000000000006,39.32164383561644],[-0.27620000000000006,39.32144362486828],[-0.27640000000000003,39.32144362486828],[-0.27640000000000003,39.321844046364596],[-0.2766,39.321844046364596],[-0.2766,39.32164383561644],[-0.277,39.32164383561644],[-0.27680000000000005,39.321243414120126],[-0.27720000000000006,39.32104320337197],[-0.27720000000000006,39.32064278187566],[-0.27680000000000005,39.3204425711275],[-0.27680000000000005,39.32004214963119],[-0.277,39.32004214963119],[-0.277,39.31984193888304],[-0.27680000000000005,39.31984193888304],[-0.27680000000000005,39.31924130663857],[-0.27580000000000005,39.31924130663857],[-0.27580000000000005,39.31763962065332],[-0.276,39.31763962065332],[-0.276,39.31723919915701],[-0.27620000000000006,39.31723919915701],[-0.27620000000000006,39.3168387776607],[-0.276,39.3168387776607],[-0.276,39.31563751317176],[-0.27620000000000006,39.31563751317176],[-0.27620000000000006,39.315437302423604],[-0.2766,39.31563751317176],[-0.2766,39.315437302423604],[-0.27680000000000005,39.315437302423604],[-0.277,39.315036880927295],[-0.27720000000000006,39.315036880927295],[-0.27720000000000006,39.31523709167545],[-0.2776,39.31523709167545],[-0.2776,39.31583772391992],[-0.27720000000000006,39.31583772391992],[-0.27720000000000006,39.316037934668074],[-0.27780000000000005,39.316037934668074],[-0.27780000000000005,39.31623814541623],[-0.278,39.31623814541623],[-0.278,39.31663856691254],[-0.27740000000000004,39.31663856691254],[-0.27740000000000004,39.3168387776607],[-0.27680000000000005,39.3168387776607],[-0.27680000000000005,39.317038988408854],[-0.27640000000000003,39.317038988408854],[-0.27640000000000003,39.31723919915701],[-0.277,39.31723919915701],[-0.277,39.31763962065332],[-0.27740000000000004,39.31763962065332],[-0.27740000000000004,39.31783983140148],[-0.27780000000000005,39.31783983140148],[-0.278,39.31743940990516],[-0.27840000000000004,39.31763962065332],[-0.27840000000000004,39.317038988408854],[-0.27820000000000006,39.317038988408854],[-0.27820000000000006,39.316037934668074],[-0.27840000000000004,39.316037934668074],[-0.27840000000000004,39.31623814541623],[-0.2786,39.31623814541623],[-0.2786,39.31663856691254],[-0.27840000000000004,39.31663856691254],[-0.27840000000000004,39.3168387776607],[-0.27880000000000005,39.3168387776607],[-0.27880000000000005,39.31743940990516],[-0.279,39.31743940990516],[-0.279,39.31824025289779],[-0.27940000000000004,39.31804004214963],[-0.2792,39.31763962065332],[-0.2796,39.31763962065332],[-0.2796,39.31783983140148],[-0.28080000000000005,39.31783983140148],[-0.28080000000000005,39.31804004214963],[-0.281,39.31804004214963],[-0.281,39.31743940990516],[-0.28140000000000004,39.31743940990516],[-0.28140000000000004,39.317038988408854],[-0.2812,39.317038988408854],[-0.2812,39.3168387776607],[-0.28040000000000004,39.3168387776607],[-0.28040000000000004,39.31643835616438],[-0.28,39.31643835616438],[-0.28,39.31623814541623],[-0.2792,39.31623814541623],[-0.2792,39.31643835616438],[-0.279,39.31643835616438],[-0.279,39.316037934668074],[-0.27880000000000005,39.316037934668074],[-0.27880000000000005,39.31563751317176],[-0.27940000000000004,39.31563751317176],[-0.27940000000000004,39.315036880927295],[-0.27980000000000005,39.315036880927295],[-0.2796,39.31463645943098],[-0.28,39.31463645943098],[-0.28,39.31483667017913],[-0.2802,39.31483667017913],[-0.2802,39.31423603793467],[-0.27980000000000005,39.31423603793467],[-0.27980000000000005,39.313835616438354],[-0.281,39.313835616438354],[-0.281,39.313034773445736],[-0.2812,39.313034773445736],[-0.2812,39.31263435194942],[-0.28140000000000004,39.31263435194942],[-0.28140000000000004,39.313034773445736],[-0.2816,39.313034773445736],[-0.2816,39.31323498419389],[-0.28200000000000003,39.31323498419389],[-0.2822,39.312834562697574],[-0.28240000000000004,39.312834562697574],[-0.28240000000000004,39.3136354056902],[-0.28280000000000005,39.3136354056902],[-0.28280000000000005,39.313835616438354],[-0.28240000000000004,39.313835616438354],[-0.2822,39.31423603793467],[-0.28200000000000003,39.31423603793467],[-0.28200000000000003,39.313835616438354],[-0.2816,39.313835616438354],[-0.2816,39.3136354056902],[-0.28140000000000004,39.3136354056902],[-0.28140000000000004,39.314035827186515],[-0.28180000000000005,39.314035827186515],[-0.28180000000000005,39.314436248682824],[-0.2816,39.314436248682824],[-0.2816,39.31463645943098],[-0.28240000000000004,39.31463645943098],[-0.28240000000000004,39.314436248682824],[-0.28300000000000003,39.314436248682824],[-0.28280000000000005,39.314035827186515],[-0.2832,39.314035827186515],[-0.2832,39.313835616438354],[-0.2836,39.313835616438354],[-0.2836,39.314035827186515],[-0.28400000000000003,39.313835616438354],[-0.28400000000000003,39.314035827186515],[-0.28440000000000004,39.314035827186515],[-0.28440000000000004,39.3136354056902],[-0.28340000000000004,39.3136354056902],[-0.28340000000000004,39.313435194942045],[-0.2842,39.313435194942045],[-0.2842,39.31323498419389],[-0.2846,39.313034773445736],[-0.2846,39.312834562697574],[-0.2842,39.31263435194942],[-0.2842,39.31223393045311],[-0.28440000000000004,39.31223393045311],[-0.28440000000000004,39.31203371970496],[-0.28400000000000003,39.31203371970496],[-0.28380000000000005,39.31163329820864],[-0.28400000000000003,39.31163329820864],[-0.28400000000000003,39.311433087460486],[-0.2842,39.311433087460486],[-0.2842,39.31163329820864],[-0.28440000000000004,39.31163329820864],[-0.28440000000000004,39.311433087460486],[-0.28500000000000003,39.311433087460486],[-0.28500000000000003,39.31163329820864],[-0.2852,39.31163329820864],[-0.2852,39.31123287671233],[-0.28580000000000005,39.31123287671233],[-0.2856,39.310832455216016],[-0.28600000000000003,39.310832455216016],[-0.28600000000000003,39.311433087460486],[-0.2862,39.311433087460486],[-0.2862,39.31163329820864],[-0.28600000000000003,39.31163329820864],[-0.28600000000000003,39.311833508956795],[-0.2856,39.311833508956795],[-0.28540000000000004,39.31223393045311],[-0.2862,39.31223393045311],[-0.2862,39.312434141201265],[-0.28600000000000003,39.312434141201265],[-0.28580000000000005,39.312834562697574],[-0.28500000000000003,39.31263435194942],[-0.2852,39.313034773445736],[-0.28480000000000005,39.31323498419389],[-0.28480000000000005,39.3136354056902],[-0.2846,39.3136354056902],[-0.2846,39.31423603793467],[-0.28440000000000004,39.31423603793467],[-0.28440000000000004,39.314436248682824],[-0.28400000000000003,39.31423603793467],[-0.28400000000000003,39.31463645943098],[-0.28380000000000005,39.31463645943098],[-0.28380000000000005,39.31483667017913],[-0.28440000000000004,39.31483667017913],[-0.28440000000000004,39.315036880927295],[-0.2846,39.315036880927295],[-0.2846,39.31523709167545],[-0.28440000000000004,39.31523709167545],[-0.28440000000000004,39.31563751317176],[-0.2842,39.31563751317176],[-0.2842,39.316037934668074],[-0.28340000000000004,39.316037934668074],[-0.28340000000000004,39.31563751317176],[-0.28280000000000005,39.31563751317176],[-0.28280000000000005,39.31523709167545],[-0.2826,39.31523709167545],[-0.2826,39.31563751317176],[-0.28180000000000005,39.315437302423604],[-0.28180000000000005,39.31583772391992],[-0.28140000000000004,39.31563751317176],[-0.28140000000000004,39.316037934668074],[-0.28180000000000005,39.316037934668074],[-0.28180000000000005,39.31623814541623],[-0.28200000000000003,39.31623814541623],[-0.28180000000000005,39.31663856691254],[-0.2816,39.31663856691254],[-0.2816,39.3168387776607],[-0.28200000000000003,39.3168387776607],[-0.28200000000000003,39.31663856691254],[-0.2822,39.31663856691254],[-0.2822,39.31583772391992],[-0.28240000000000004,39.31583772391992],[-0.2826,39.31623814541623],[-0.28280000000000005,39.31623814541623],[-0.28280000000000005,39.316037934668074],[-0.2832,39.316037934668074],[-0.2832,39.31623814541623],[-0.28300000000000003,39.31623814541623],[-0.28300000000000003,39.3168387776607],[-0.28340000000000004,39.3168387776607],[-0.2836,39.31763962065332],[-0.28380000000000005,39.31763962065332],[-0.28380000000000005,39.31743940990516],[-0.2842,39.31743940990516],[-0.2842,39.31763962065332],[-0.28440000000000004,39.31763962065332],[-0.28440000000000004,39.31783983140148],[-0.28400000000000003,39.31783983140148],[-0.28400000000000003,39.31824025289779],[-0.2842,39.31824025289779],[-0.2842,39.31804004214963],[-0.28480000000000005,39.31804004214963],[-0.28480000000000005,39.31824025289779],[-0.2852,39.31824025289779],[-0.2852,39.31844046364594],[-0.2842,39.31844046364594],[-0.2842,39.318640674394096],[-0.28400000000000003,39.318640674394096],[-0.28400000000000003,39.31904109589041],[-0.28440000000000004,39.31884088514226],[-0.28440000000000004,39.318640674394096],[-0.2856,39.31884088514226],[-0.2856,39.31924130663857],[-0.28580000000000005,39.31924130663857],[-0.2856,39.32004214963119],[-0.28580000000000005,39.32004214963119],[-0.28580000000000005,39.31984193888304],[-0.2862,39.31984193888304],[-0.2862,39.32004214963119],[-0.2866,39.32004214963119],[-0.2866,39.3204425711275],[-0.28680000000000005,39.3204425711275],[-0.28700000000000003,39.32084299262382],[-0.28740000000000004,39.32084299262382],[-0.28740000000000004,39.321243414120126],[-0.28700000000000003,39.321243414120126],[-0.28700000000000003,39.32164383561644],[-0.28680000000000005,39.32164383561644],[-0.28700000000000003,39.32244467860906],[-0.2866,39.322244467860905],[-0.2866,39.321243414120126],[-0.28640000000000004,39.321243414120126],[-0.2866,39.32084299262382],[-0.28640000000000004,39.32084299262382],[-0.28640000000000004,39.3204425711275],[-0.2862,39.3204425711275],[-0.2862,39.32084299262382],[-0.28580000000000005,39.32104320337197],[-0.28580000000000005,39.3204425711275],[-0.2856,39.3204425711275],[-0.28540000000000004,39.32004214963119],[-0.28480000000000005,39.32004214963119],[-0.28480000000000005,39.31984193888304],[-0.28500000000000003,39.31984193888304],[-0.28500000000000003,39.31964172813488],[-0.28480000000000005,39.31964172813488],[-0.28480000000000005,39.31904109589041],[-0.28440000000000004,39.31904109589041],[-0.2842,39.31984193888304],[-0.28400000000000003,39.31984193888304],[-0.28400000000000003,39.32064278187566],[-0.28440000000000004,39.32064278187566],[-0.28440000000000004,39.32084299262382],[-0.28380000000000005,39.32084299262382],[-0.28380000000000005,39.32104320337197],[-0.2836,39.32104320337197],[-0.2836,39.32164383561644],[-0.28340000000000004,39.32164383561644],[-0.28340000000000004,39.321844046364596],[-0.28280000000000005,39.321844046364596],[-0.28280000000000005,39.32144362486828],[-0.28340000000000004,39.32144362486828],[-0.28340000000000004,39.32104320337197],[-0.28300000000000003,39.32104320337197],[-0.28300000000000003,39.32064278187566],[-0.2832,39.32064278187566],[-0.28340000000000004,39.320242360379346],[-0.28300000000000003,39.320242360379346],[-0.28300000000000003,39.32004214963119],[-0.28280000000000005,39.32004214963119],[-0.28280000000000005,39.320242360379346],[-0.2822,39.320242360379346],[-0.2822,39.32004214963119],[-0.28240000000000004,39.32004214963119],[-0.28240000000000004,39.31964172813488],[-0.2826,39.31964172813488],[-0.2826,39.31924130663857],[-0.28200000000000003,39.31924130663857],[-0.28200000000000003,39.31884088514226],[-0.2832,39.31884088514226],[-0.2832,39.31944151738672],[-0.2836,39.31944151738672],[-0.2836,39.31924130663857],[-0.28340000000000004,39.31924130663857],[-0.28340000000000004,39.31884088514226],[-0.28380000000000005,39.31884088514226],[-0.28380000000000005,39.318640674394096],[-0.2836,39.318640674394096],[-0.28380000000000005,39.31824025289779],[-0.28340000000000004,39.31804004214963],[-0.28340000000000004,39.31824025289779],[-0.28300000000000003,39.31824025289779],[-0.28280000000000005,39.318640674394096],[-0.28180000000000005,39.318640674394096],[-0.2816,39.31944151738672],[-0.28180000000000005,39.31944151738672],[-0.28200000000000003,39.320242360379346],[-0.281,39.320242360379346],[-0.2812,39.32064278187566],[-0.28080000000000005,39.32084299262382],[-0.28080000000000005,39.32004214963119],[-0.28040000000000004,39.32004214963119],[-0.28040000000000004,39.32104320337197],[-0.2802,39.32104320337197],[-0.2802,39.32144362486828],[-0.2806,39.32144362486828],[-0.2806,39.32104320337197],[-0.28080000000000005,39.32104320337197],[-0.28080000000000005,39.321243414120126],[-0.28140000000000004,39.321243414120126],[-0.28140000000000004,39.32204425711275],[-0.2812,39.32204425711275],[-0.2812,39.32244467860906],[-0.281,39.32244467860906],[-0.28080000000000005,39.322845100105376],[-0.2806,39.322845100105376],[-0.2806,39.32264488935722],[-0.2802,39.32264488935722],[-0.2802,39.323245521601685],[-0.2806,39.323245521601685],[-0.2806,39.323645943098],[-0.28080000000000005,39.323645943098],[-0.28080000000000005,39.323445732349846],[-0.28140000000000004,39.323445732349846],[-0.28140000000000004,39.323245521601685],[-0.2812,39.323245521601685],[-0.2812,39.322845100105376],[-0.28140000000000004,39.322845100105376],[-0.28140000000000004,39.32264488935722],[-0.28180000000000005,39.32264488935722],[-0.28180000000000005,39.32204425711275],[-0.2816,39.32204425711275],[-0.2816,39.32164383561644],[-0.28200000000000003,39.32164383561644],[-0.28200000000000003,39.321844046364596],[-0.2826,39.321844046364596],[-0.28240000000000004,39.322244467860905],[-0.2836,39.322244467860905],[-0.2836,39.32264488935722],[-0.28340000000000004,39.32264488935722],[-0.28340000000000004,39.322845100105376],[-0.28300000000000003,39.32264488935722],[-0.28300000000000003,39.32244467860906],[-0.2826,39.32244467860906],[-0.2826,39.32264488935722],[-0.28280000000000005,39.32264488935722],[-0.28280000000000005,39.323245521601685],[-0.28380000000000005,39.323245521601685],[-0.28380000000000005,39.323645943098],[-0.28400000000000003,39.323645943098],[-0.28400000000000003,39.32304531085353],[-0.28380000000000005,39.32304531085353],[-0.28380000000000005,39.322845100105376],[-0.28400000000000003,39.322845100105376],[-0.28400000000000003,39.32204425711275],[-0.28380000000000005,39.32204425711275],[-0.28380000000000005,39.321844046364596],[-0.2842,39.321844046364596],[-0.2842,39.32204425711275],[-0.28440000000000004,39.32204425711275],[-0.28440000000000004,39.322244467860905],[-0.2842,39.322244467860905],[-0.2842,39.323245521601685],[-0.28440000000000004,39.323245521601685],[-0.28440000000000004,39.323846153846155],[-0.2846,39.323846153846155],[-0.2846,39.32404636459431],[-0.2842,39.32404636459431],[-0.2842,39.324246575342464],[-0.28440000000000004,39.324246575342464],[-0.2842,39.32464699683878],[-0.28400000000000003,39.32464699683878],[-0.28400000000000003,39.324446786090625],[-0.2836,39.324446786090625],[-0.2836,39.32464699683878],[-0.28340000000000004,39.32464699683878],[-0.28340000000000004,39.324446786090625],[-0.28300000000000003,39.324446786090625],[-0.28300000000000003,39.324847207586934],[-0.28340000000000004,39.324847207586934],[-0.28340000000000004,39.32504741833509],[-0.28380000000000005,39.32504741833509],[-0.28380000000000005,39.32524762908324],[-0.28400000000000003,39.32524762908324],[-0.28400000000000003,39.325848261327714],[-0.28440000000000004,39.32564805057956],[-0.28440000000000004,39.325447839831405],[-0.28480000000000005,39.325447839831405],[-0.28480000000000005,39.32564805057956],[-0.2846,39.32564805057956],[-0.2846,39.32604847207587],[-0.28480000000000005,39.32604847207587],[-0.28500000000000003,39.32684931506849],[-0.28540000000000004,39.32704952581665],[-0.28540000000000004,39.3272497365648],[-0.28580000000000005,39.3272497365648],[-0.28600000000000003,39.32765015806112],[-0.28640000000000004,39.32765015806112],[-0.28640000000000004,39.3272497365648],[-0.2866,39.3272497365648],[-0.2866,39.32704952581665],[-0.28580000000000005,39.32704952581665],[-0.28580000000000005,39.32684931506849],[-0.28680000000000005,39.32684931506849],[-0.28680000000000005,39.32664910432034],[-0.2872,39.32664910432034],[-0.2872,39.32684931506849],[-0.2876,39.32684931506849],[-0.2876,39.32664910432034],[-0.28780000000000006,39.32664910432034],[-0.28780000000000006,39.32684931506849],[-0.28800000000000003,39.32684931506849],[-0.28800000000000003,39.32664910432034],[-0.28840000000000005,39.32664910432034],[-0.28840000000000005,39.32624868282402],[-0.28800000000000003,39.32624868282402],[-0.28800000000000003,39.325848261327714],[-0.2876,39.325848261327714],[-0.2876,39.32564805057956],[-0.28800000000000003,39.325447839831405],[-0.2882,39.325848261327714],[-0.28840000000000005,39.325848261327714],[-0.28840000000000005,39.325447839831405],[-0.2882,39.325447839831405],[-0.28800000000000003,39.32504741833509],[-0.28880000000000006,39.32524762908324],[-0.28880000000000006,39.32564805057956],[-0.2886,39.32564805057956],[-0.2886,39.325848261327714],[-0.28880000000000006,39.325848261327714],[-0.28880000000000006,39.32604847207587],[-0.2886,39.32604847207587],[-0.28880000000000006,39.326448893572184],[-0.2886,39.326448893572184],[-0.2886,39.32684931506849],[-0.28840000000000005,39.32684931506849],[-0.28840000000000005,39.32704952581665],[-0.28780000000000006,39.32704952581665],[-0.28780000000000006,39.3272497365648],[-0.2876,39.3272497365648],[-0.2876,39.327449947312964],[-0.28840000000000005,39.327449947312964],[-0.28840000000000005,39.32785036880927],[-0.28800000000000003,39.32785036880927],[-0.28800000000000003,39.32765015806112],[-0.28780000000000006,39.32765015806112],[-0.28780000000000006,39.32825079030559],[-0.28800000000000003,39.32825079030559],[-0.28800000000000003,39.32845100105374],[-0.28740000000000004,39.32845100105374],[-0.28740000000000004,39.32805057955743],[-0.2876,39.32805057955743],[-0.2876,39.32785036880927],[-0.2862,39.32785036880927],[-0.2862,39.3286512118019],[-0.28640000000000004,39.3286512118019],[-0.28640000000000004,39.32885142255005],[-0.28600000000000003,39.32885142255005],[-0.28600000000000003,39.32825079030559],[-0.28580000000000005,39.32825079030559],[-0.28580000000000005,39.32785036880927],[-0.28500000000000003,39.32785036880927],[-0.28500000000000003,39.32805057955743],[-0.28480000000000005,39.32805057955743],[-0.28480000000000005,39.32765015806112],[-0.2846,39.32765015806112],[-0.2846,39.327449947312964],[-0.2852,39.327449947312964],[-0.2852,39.3272497365648],[-0.28480000000000005,39.3272497365648],[-0.28480000000000005,39.32684931506849],[-0.28440000000000004,39.32664910432034],[-0.28440000000000004,39.32624868282402],[-0.2842,39.32624868282402],[-0.28400000000000003,39.32664910432034],[-0.28380000000000005,39.32664910432034],[-0.28380000000000005,39.326448893572184],[-0.28340000000000004,39.32664910432034],[-0.28340000000000004,39.326448893572184],[-0.28300000000000003,39.326448893572184],[-0.28300000000000003,39.32624868282402],[-0.2826,39.32624868282402],[-0.2826,39.326448893572184],[-0.28280000000000005,39.326448893572184],[-0.28280000000000005,39.32664910432034],[-0.2826,39.32664910432034],[-0.2826,39.32704952581665],[-0.28280000000000005,39.32704952581665],[-0.28280000000000005,39.3272497365648],[-0.2826,39.3272497365648],[-0.2826,39.32765015806112],[-0.28280000000000005,39.32765015806112],[-0.28280000000000005,39.327449947312964],[-0.28340000000000004,39.327449947312964],[-0.28340000000000004,39.32785036880927],[-0.28380000000000005,39.32805057955743],[-0.28380000000000005,39.32825079030559],[-0.28400000000000003,39.32825079030559],[-0.2842,39.3286512118019],[-0.2856,39.3286512118019],[-0.2856,39.32885142255005],[-0.2852,39.32885142255005],[-0.2852,39.32905163329821],[-0.28500000000000003,39.32905163329821],[-0.28500000000000003,39.32925184404637],[-0.2842,39.32905163329821],[-0.2842,39.32945205479452],[-0.28440000000000004,39.32945205479452],[-0.2846,39.32985247629083],[-0.2852,39.32985247629083],[-0.2852,39.330052687038986],[-0.28600000000000003,39.330052687038986],[-0.28600000000000003,39.32985247629083],[-0.2862,39.32985247629083],[-0.2862,39.32945205479452],[-0.28640000000000004,39.32945205479452],[-0.28640000000000004,39.33025289778715],[-0.28680000000000005,39.33025289778715],[-0.28680000000000005,39.330653319283456],[-0.28700000000000003,39.330653319283456],[-0.28680000000000005,39.331053740779765],[-0.28700000000000003,39.331053740779765],[-0.28700000000000003,39.33125395152793],[-0.28800000000000003,39.33125395152793],[-0.28800000000000003,39.331053740779765],[-0.28780000000000006,39.331053740779765],[-0.28780000000000006,39.330653319283456],[-0.2882,39.3304531085353],[-0.2882,39.32985247629083],[-0.2886,39.32985247629083],[-0.28880000000000006,39.32945205479452],[-0.28900000000000003,39.32945205479452],[-0.28900000000000003,39.330052687038986],[-0.28880000000000006,39.330052687038986],[-0.2886,39.3304531085353],[-0.28840000000000005,39.3304531085353],[-0.28840000000000005,39.33085353003161],[-0.2886,39.33085353003161],[-0.2886,39.331053740779765],[-0.28900000000000003,39.331053740779765],[-0.28900000000000003,39.33125395152793],[-0.2882,39.33125395152793],[-0.2882,39.331654373024236],[-0.28880000000000006,39.331654373024236],[-0.28880000000000006,39.33145416227608],[-0.28980000000000006,39.33145416227608],[-0.28980000000000006,39.33125395152793],[-0.29100000000000004,39.33125395152793],[-0.29100000000000004,39.33145416227608],[-0.2906,39.33145416227608],[-0.2906,39.331654373024236],[-0.29040000000000005,39.331654373024236],[-0.29040000000000005,39.33185458377239],[-0.2906,39.33185458377239],[-0.2906,39.332255005268706],[-0.28980000000000006,39.332655426765015],[-0.28980000000000006,39.33305584826133],[-0.29000000000000004,39.33305584826133],[-0.2902,39.332655426765015],[-0.29080000000000006,39.332655426765015],[-0.29080000000000006,39.33245521601686],[-0.2912,39.33245521601686],[-0.2912,39.33285563751317],[-0.29100000000000004,39.33285563751317],[-0.29100000000000004,39.33305584826133],[-0.2916,39.33305584826133],[-0.2916,39.333256059009486],[-0.2912,39.333256059009486],[-0.2912,39.333656480505795],[-0.2906,39.333656480505795],[-0.2906,39.33305584826133],[-0.29040000000000005,39.33305584826133],[-0.29040000000000005,39.33405690200211],[-0.2906,39.33405690200211],[-0.2906,39.334257112750265],[-0.2902,39.334257112750265],[-0.2902,39.33405690200211],[-0.29000000000000004,39.33405690200211],[-0.29000000000000004,39.333656480505795],[-0.2892,39.333656480505795],[-0.2892,39.33405690200211],[-0.28900000000000003,39.33405690200211],[-0.28900000000000003,39.334257112750265],[-0.28880000000000006,39.334257112750265],[-0.28880000000000006,39.33405690200211],[-0.2882,39.33405690200211],[-0.2882,39.334257112750265],[-0.28840000000000005,39.334257112750265],[-0.28840000000000005,39.33445732349842],[-0.28900000000000003,39.33445732349842],[-0.28900000000000003,39.33485774499473],[-0.28940000000000005,39.33505795574289],[-0.2892,39.3354583772392],[-0.29080000000000006,39.33505795574289],[-0.2906,39.3354583772392],[-0.2902,39.3354583772392],[-0.29000000000000004,39.336259220231824],[-0.29080000000000006,39.33605900948367],[-0.29080000000000006,39.336259220231824],[-0.2916,39.336259220231824],[-0.2916,39.33645943097998],[-0.2922,39.33645943097998],[-0.29240000000000005,39.335258166491045],[-0.2932,39.335258166491045],[-0.2932,39.33565858798735],[-0.29300000000000004,39.33565858798735],[-0.29300000000000004,39.335858798735515],[-0.29340000000000005,39.33605900948367],[-0.2936,39.33645943097998],[-0.29400000000000004,39.336259220231824],[-0.2942,39.33665964172813],[-0.29340000000000005,39.336859852476294],[-0.29340000000000005,39.33746048472076],[-0.2928,39.33746048472076],[-0.2928,39.3372602739726],[-0.29300000000000004,39.3372602739726],[-0.29300000000000004,39.33706006322445],[-0.2926,39.336859852476294],[-0.2928,39.33605900948367],[-0.29240000000000005,39.33605900948367],[-0.29240000000000005,39.33665964172813],[-0.2922,39.33665964172813],[-0.2922,39.33706006322445],[-0.2926,39.33706006322445],[-0.2926,39.33766069546891],[-0.2922,39.33766069546891],[-0.2922,39.33746048472076],[-0.29200000000000004,39.33746048472076],[-0.29200000000000004,39.33766069546891],[-0.2916,39.33766069546891],[-0.2916,39.337860906217074],[-0.2912,39.337860906217074],[-0.2912,39.33806111696523],[-0.29000000000000004,39.337860906217074],[-0.29000000000000004,39.33806111696523],[-0.29040000000000005,39.33806111696523],[-0.29040000000000005,39.33846153846154],[-0.28940000000000005,39.33846153846154],[-0.28940000000000005,39.33886195995785],[-0.29000000000000004,39.33886195995785],[-0.29000000000000004,39.33906217070601],[-0.29040000000000005,39.33906217070601],[-0.29040000000000005,39.33886195995785],[-0.2906,39.33886195995785],[-0.2906,39.33846153846154],[-0.29140000000000005,39.33846153846154],[-0.29140000000000005,39.33866174920969],[-0.29180000000000006,39.33866174920969],[-0.29200000000000004,39.337860906217074],[-0.2922,39.337860906217074],[-0.2922,39.33806111696523],[-0.29240000000000005,39.33806111696523],[-0.29240000000000005,39.337860906217074],[-0.2932,39.337860906217074],[-0.2932,39.33806111696523],[-0.2936,39.33806111696523],[-0.29340000000000005,39.33846153846154],[-0.29300000000000004,39.33866174920969],[-0.29300000000000004,39.33886195995785],[-0.29180000000000006,39.33886195995785],[-0.29180000000000006,39.33966280295047],[-0.2916,39.33966280295047],[-0.29140000000000005,39.34006322444679],[-0.2906,39.34006322444679],[-0.2906,39.340463645943096],[-0.2902,39.340463645943096],[-0.2902,39.34086406743941],[-0.29080000000000006,39.34086406743941],[-0.29080000000000006,39.340463645943096],[-0.29100000000000004,39.340463645943096],[-0.29100000000000004,39.34066385669126],[-0.29140000000000005,39.34066385669126],[-0.29140000000000005,39.34026343519494],[-0.29180000000000006,39.34026343519494],[-0.29180000000000006,39.34006322444679],[-0.2922,39.34026343519494],[-0.2922,39.34106427818757],[-0.2916,39.34106427818757],[-0.2916,39.34166491043204],[-0.29200000000000004,39.341464699683875],[-0.29200000000000004,39.34166491043204],[-0.2926,39.34166491043204],[-0.2926,39.34186512118019],[-0.29300000000000004,39.34186512118019],[-0.29300000000000004,39.342065331928346],[-0.2926,39.342065331928346],[-0.2926,39.3422655426765],[-0.29240000000000005,39.3422655426765],[-0.29240000000000005,39.342065331928346],[-0.29200000000000004,39.342065331928346],[-0.29200000000000004,39.3422655426765],[-0.29240000000000005,39.342465753424655],[-0.29240000000000005,39.34266596417282],[-0.2928,39.342465753424655],[-0.2928,39.343066385669125],[-0.2926,39.343066385669125],[-0.2926,39.34326659641728],[-0.29300000000000004,39.34326659641728],[-0.29300000000000004,39.343466807165434],[-0.2932,39.343466807165434],[-0.2932,39.343667017913596],[-0.29240000000000005,39.343667017913596],[-0.2922,39.344067439409905],[-0.2926,39.34426765015806],[-0.2926,39.34446786090622],[-0.29300000000000004,39.34446786090622],[-0.29300000000000004,39.34426765015806],[-0.2932,39.34426765015806],[-0.2932,39.34386722866175],[-0.29340000000000005,39.34386722866175],[-0.2936,39.344668071654375],[-0.29400000000000004,39.344668071654375],[-0.29400000000000004,39.345068493150684],[-0.2936,39.345068493150684],[-0.2936,39.34486828240253],[-0.2932,39.345068493150684],[-0.2932,39.34486828240253],[-0.2928,39.34486828240253],[-0.2928,39.344668071654375],[-0.29240000000000005,39.34486828240253],[-0.29240000000000005,39.345068493150684],[-0.2926,39.345068493150684],[-0.2926,39.345468914647],[-0.29300000000000004,39.345669125395155],[-0.29300000000000004,39.346069546891464],[-0.2926,39.346069546891464],[-0.2926,39.34626975763962],[-0.2932,39.34626975763962],[-0.2936,39.34707060063224],[-0.29400000000000004,39.34687038988409],[-0.29400000000000004,39.34646996838778],[-0.2938,39.34646996838778],[-0.2938,39.34626975763962],[-0.2942,39.34626975763962],[-0.29440000000000005,39.346670179135934],[-0.2958,39.346670179135934],[-0.29560000000000003,39.34707060063224]],[[-0.28180000000000005,39.346069546891464],[-0.28180000000000005,39.345468914647],[-0.2816,39.345468914647],[-0.2816,39.345068493150684],[-0.28140000000000004,39.345068493150684],[-0.28140000000000004,39.345468914647],[-0.281,39.345468914647],[-0.281,39.345669125395155],[-0.28140000000000004,39.34586933614331],[-0.28140000000000004,39.346069546891464],[-0.28180000000000005,39.346069546891464]],[[-0.28140000000000004,39.34486828240253],[-0.281,39.34486828240253],[-0.281,39.344668071654375],[-0.28080000000000005,39.344668071654375],[-0.28080000000000005,39.345068493150684],[-0.281,39.345068493150684],[-0.281,39.34526870389884],[-0.28140000000000004,39.345068493150684],[-0.28140000000000004,39.34486828240253]],[[-0.279,39.345669125395155],[-0.279,39.345468914647],[-0.27880000000000005,39.345468914647],[-0.27880000000000005,39.345669125395155],[-0.279,39.345669125395155]],[[-0.279,39.34586933614331],[-0.2792,39.34586933614331],[-0.2792,39.345669125395155],[-0.279,39.345669125395155],[-0.279,39.34586933614331]],[[-0.27640000000000003,39.34266596417282],[-0.27620000000000006,39.34266596417282],[-0.27620000000000006,39.34326659641728],[-0.27680000000000005,39.34326659641728],[-0.27680000000000005,39.342465753424655],[-0.27640000000000003,39.342465753424655],[-0.27640000000000003,39.34266596417282]],[[-0.27580000000000005,39.336859852476294],[-0.2756,39.336859852476294],[-0.2756,39.33706006322445],[-0.276,39.33706006322445],[-0.276,39.33665964172813],[-0.27580000000000005,39.33665964172813],[-0.27580000000000005,39.336859852476294]],[[-0.27620000000000006,39.33665964172813],[-0.27620000000000006,39.33645943097998],[-0.276,39.33645943097998],[-0.276,39.33665964172813],[-0.27620000000000006,39.33665964172813]],[[-0.276,39.335258166491045],[-0.27640000000000003,39.335258166491045],[-0.27640000000000003,39.33505795574289],[-0.2766,39.33505795574289],[-0.27640000000000003,39.334657534246574],[-0.276,39.33485774499473],[-0.276,39.335258166491045]],[[-0.2766,39.335258166491045],[-0.27680000000000005,39.335258166491045],[-0.27680000000000005,39.3354583772392],[-0.2766,39.3354583772392],[-0.2766,39.335858798735515],[-0.27680000000000005,39.335858798735515],[-0.277,39.336259220231824],[-0.27720000000000006,39.336259220231824],[-0.27720000000000006,39.3354583772392],[-0.27740000000000004,39.3354583772392],[-0.27740000000000004,39.33565858798735],[-0.278,39.33565858798735],[-0.27780000000000005,39.335258166491045],[-0.27740000000000004,39.335258166491045],[-0.27740000000000004,39.33505795574289],[-0.27720000000000006,39.33505795574289],[-0.27720000000000006,39.33485774499473],[-0.277,39.33485774499473],[-0.277,39.33505795574289],[-0.2766,39.33505795574289],[-0.2766,39.335258166491045]],[[-0.27780000000000005,39.3304531085353],[-0.27780000000000005,39.330653319283456],[-0.2776,39.330653319283456],[-0.2776,39.331053740779765],[-0.278,39.331053740779765],[-0.278,39.33125395152793],[-0.2776,39.33125395152793],[-0.2776,39.331654373024236],[-0.278,39.331654373024236],[-0.278,39.33205479452055],[-0.27820000000000006,39.33205479452055],[-0.27820000000000006,39.332255005268706],[-0.2786,39.332255005268706],[-0.2786,39.33205479452055],[-0.27840000000000004,39.33205479452055],[-0.27840000000000004,39.331654373024236],[-0.2786,39.331654373024236],[-0.2786,39.33145416227608],[-0.27820000000000006,39.33145416227608],[-0.27820000000000006,39.33125395152793],[-0.2786,39.33125395152793],[-0.2786,39.331053740779765],[-0.2792,39.331053740779765],[-0.2792,39.3304531085353],[-0.27880000000000005,39.3304531085353],[-0.27880000000000005,39.33085353003161],[-0.27840000000000004,39.33085353003161],[-0.27840000000000004,39.3304531085353],[-0.2786,39.3304531085353],[-0.2786,39.33025289778715],[-0.27820000000000006,39.330052687038986],[-0.27820000000000006,39.32965226554268],[-0.278,39.32965226554268],[-0.278,39.32925184404637],[-0.27780000000000005,39.32925184404637],[-0.27780000000000005,39.330052687038986],[-0.27740000000000004,39.330052687038986],[-0.27740000000000004,39.3304531085353],[-0.27780000000000005,39.3304531085353]],[[-0.27880000000000005,39.330052687038986],[-0.27880000000000005,39.32965226554268],[-0.279,39.32965226554268],[-0.279,39.32885142255005],[-0.2786,39.32885142255005],[-0.2786,39.32925184404637],[-0.27820000000000006,39.32925184404637],[-0.27820000000000006,39.32945205479452],[-0.27840000000000004,39.32945205479452],[-0.27840000000000004,39.330052687038986],[-0.27880000000000005,39.330052687038986]],[[-0.2792,39.32885142255005],[-0.2792,39.3286512118019],[-0.279,39.3286512118019],[-0.279,39.32885142255005],[-0.2792,39.32885142255005]],[[-0.276,39.32624868282402],[-0.276,39.325848261327714],[-0.27580000000000005,39.325848261327714],[-0.27580000000000005,39.32624868282402],[-0.276,39.32624868282402]],[[-0.27940000000000004,39.31583772391992],[-0.2796,39.31583772391992],[-0.2796,39.31563751317176],[-0.27940000000000004,39.31563751317176],[-0.27940000000000004,39.31583772391992]],[[-0.281,39.314035827186515],[-0.2812,39.314035827186515],[-0.2812,39.313835616438354],[-0.281,39.313835616438354],[-0.281,39.314035827186515]],[[-0.28,39.323245521601685],[-0.28,39.323445732349846],[-0.2802,39.323445732349846],[-0.2802,39.323245521601685],[-0.28,39.323245521601685]],[[-0.2836,39.32845100105374],[-0.2836,39.32885142255005],[-0.28400000000000003,39.32885142255005],[-0.28400000000000003,39.32845100105374],[-0.2836,39.32845100105374]],[[-0.28400000000000003,39.32965226554268],[-0.28400000000000003,39.32945205479452],[-0.28340000000000004,39.32945205479452],[-0.28340000000000004,39.330052687038986],[-0.2836,39.330052687038986],[-0.2836,39.32965226554268],[-0.28380000000000005,39.32965226554268],[-0.28380000000000005,39.32985247629083],[-0.28440000000000004,39.32985247629083],[-0.28440000000000004,39.32965226554268],[-0.28400000000000003,39.32965226554268]],[[-0.28500000000000003,39.330052687038986],[-0.28500000000000003,39.3304531085353],[-0.2852,39.3304531085353],[-0.2852,39.330052687038986],[-0.28500000000000003,39.330052687038986]],[[-0.2882,39.33085353003161],[-0.2882,39.331053740779765],[-0.28840000000000005,39.331053740779765],[-0.28840000000000005,39.33085353003161],[-0.2882,39.33085353003161]],[[-0.29040000000000005,39.33205479452055],[-0.2902,39.33205479452055],[-0.2902,39.332255005268706],[-0.29040000000000005,39.332255005268706],[-0.29040000000000005,39.33205479452055]],[[-0.2902,39.331654373024236],[-0.2892,39.331654373024236],[-0.2892,39.332255005268706],[-0.28940000000000005,39.332255005268706],[-0.28940000000000005,39.33245521601686],[-0.28980000000000006,39.33245521601686],[-0.28980000000000006,39.33205479452055],[-0.2902,39.33205479452055],[-0.2902,39.331654373024236]],[[-0.28940000000000005,39.33305584826133],[-0.28940000000000005,39.33285563751317],[-0.28900000000000003,39.332655426765015],[-0.28900000000000003,39.333256059009486],[-0.28980000000000006,39.333256059009486],[-0.28980000000000006,39.33305584826133],[-0.28940000000000005,39.33305584826133]],[[-0.2892,39.33345626975764],[-0.28880000000000006,39.33345626975764],[-0.28880000000000006,39.33305584826133],[-0.28840000000000005,39.333256059009486],[-0.28840000000000005,39.333656480505795],[-0.2886,39.333656480505795],[-0.2886,39.33385669125395],[-0.28900000000000003,39.33385669125395],[-0.2892,39.33345626975764]],[[-0.28880000000000006,39.33485774499473],[-0.28880000000000006,39.33505795574289],[-0.28900000000000003,39.33505795574289],[-0.28900000000000003,39.33485774499473],[-0.28880000000000006,39.33485774499473]],[[-0.2896,39.33565858798735],[-0.29000000000000004,39.33565858798735],[-0.29000000000000004,39.3354583772392],[-0.2896,39.3354583772392],[-0.2896,39.33565858798735]],[[-0.2912,39.3372602739726],[-0.29180000000000006,39.3372602739726],[-0.29180000000000006,39.33706006322445],[-0.2916,39.33706006322445],[-0.29180000000000006,39.33665964172813],[-0.2912,39.33665964172813],[-0.29140000000000005,39.33706006322445],[-0.2906,39.3372602739726],[-0.2906,39.33766069546891],[-0.29100000000000004,39.33766069546891],[-0.29100000000000004,39.337860906217074],[-0.2912,39.337860906217074],[-0.2912,39.3372602739726]],[[-0.2896,39.33906217070601],[-0.2896,39.33946259220232],[-0.28980000000000006,39.33946259220232],[-0.28980000000000006,39.33966280295047],[-0.2902,39.33966280295047],[-0.2902,39.33986301369863],[-0.29080000000000006,39.33986301369863],[-0.29080000000000006,39.33966280295047],[-0.29040000000000005,39.33966280295047],[-0.29040000000000005,39.33946259220232],[-0.2902,39.33946259220232],[-0.29000000000000004,39.33906217070601],[-0.2896,39.33906217070601]],[[-0.29100000000000004,39.33946259220232],[-0.2912,39.33906217070601],[-0.29040000000000005,39.33926238145416],[-0.29040000000000005,39.33946259220232],[-0.29100000000000004,39.33946259220232]],[[-0.29200000000000004,39.33846153846154],[-0.29240000000000005,39.33846153846154],[-0.29240000000000005,39.33826132771338],[-0.29200000000000004,39.33826132771338],[-0.29200000000000004,39.33846153846154]],[[-0.29240000000000005,39.344668071654375],[-0.2922,39.344668071654375],[-0.2922,39.34446786090622],[-0.29180000000000006,39.34446786090622],[-0.29180000000000006,39.34486828240253],[-0.29200000000000004,39.34486828240253],[-0.29200000000000004,39.345068493150684],[-0.29240000000000005,39.34486828240253],[-0.29240000000000005,39.344668071654375]],[[-0.2916,39.345068493150684],[-0.2916,39.345468914647],[-0.29140000000000005,39.345468914647],[-0.29140000000000005,39.345068493150684],[-0.29080000000000006,39.345068493150684],[-0.29080000000000006,39.34486828240253],[-0.29040000000000005,39.34486828240253],[-0.29040000000000005,39.34446786090622],[-0.29080000000000006,39.34446786090622],[-0.29080000000000006,39.344668071654375],[-0.2912,39.34486828240253],[-0.2912,39.34446786090622],[-0.2916,39.34446786090622],[-0.2916,39.34426765015806],[-0.29140000000000005,39.34426765015806],[-0.2916,39.34386722866175],[-0.2912,39.34386722866175],[-0.2912,39.344067439409905],[-0.2906,39.344067439409905],[-0.2906,39.34426765015806],[-0.2902,39.34426765015806],[-0.2902,39.344067439409905],[-0.2896,39.344067439409905],[-0.2896,39.34446786090622],[-0.29000000000000004,39.34446786090622],[-0.2902,39.34486828240253],[-0.28980000000000006,39.345068493150684],[-0.28980000000000006,39.344668071654375],[-0.2896,39.344668071654375],[-0.2896,39.345468914647],[-0.28940000000000005,39.345468914647],[-0.28940000000000005,39.345669125395155],[-0.29040000000000005,39.345669125395155],[-0.29040000000000005,39.34586933614331],[-0.29100000000000004,39.34586933614331],[-0.29100000000000004,39.345669125395155],[-0.29180000000000006,39.345669125395155],[-0.29180000000000006,39.345468914647],[-0.29200000000000004,39.345468914647],[-0.29200000000000004,39.345068493150684],[-0.2916,39.345068493150684]],[[-0.2896,39.34386722866175],[-0.28940000000000005,39.34386722866175],[-0.28940000000000005,39.343066385669125],[-0.2896,39.343066385669125],[-0.2896,39.34266596417282],[-0.28980000000000006,39.34266596417282],[-0.28980000000000006,39.343066385669125],[-0.29040000000000005,39.343066385669125],[-0.29040000000000005,39.34266596417282],[-0.29000000000000004,39.34266596417282],[-0.28980000000000006,39.3422655426765],[-0.2892,39.3422655426765],[-0.28940000000000005,39.34186512118019],[-0.28880000000000006,39.34186512118019],[-0.28880000000000006,39.3422655426765],[-0.2886,39.3422655426765],[-0.2886,39.342065331928346],[-0.2882,39.342065331928346],[-0.2882,39.34186512118019],[-0.28800000000000003,39.34186512118019],[-0.28800000000000003,39.342065331928346],[-0.2876,39.342065331928346],[-0.28800000000000003,39.34286617492097],[-0.2886,39.34286617492097],[-0.28880000000000006,39.342465753424655],[-0.28900000000000003,39.342465753424655],[-0.28900000000000003,39.34286617492097],[-0.28880000000000006,39.34286617492097],[-0.28880000000000006,39.34326659641728],[-0.2886,39.34326659641728],[-0.2886,39.343667017913596],[-0.28800000000000003,39.343667017913596],[-0.28800000000000003,39.34386722866175],[-0.2872,39.34386722866175],[-0.2872,39.344067439409905],[-0.28840000000000005,39.344067439409905],[-0.28840000000000005,39.34386722866175],[-0.2896,39.344067439409905],[-0.2896,39.34386722866175]],[[-0.2902,39.3422655426765],[-0.2902,39.342465753424655],[-0.29080000000000006,39.342465753424655],[-0.2906,39.34326659641728],[-0.29100000000000004,39.34326659641728],[-0.2912,39.343667017913596],[-0.2916,39.343667017913596],[-0.2916,39.343466807165434],[-0.2912,39.34326659641728],[-0.2912,39.343066385669125],[-0.29180000000000006,39.343066385669125],[-0.29180000000000006,39.34326659641728],[-0.2922,39.343066385669125],[-0.2922,39.34286617492097],[-0.29200000000000004,39.34286617492097],[-0.29200000000000004,39.342465753424655],[-0.2916,39.342465753424655],[-0.2916,39.34186512118019],[-0.2912,39.34186512118019],[-0.2912,39.3422655426765],[-0.29100000000000004,39.3422655426765],[-0.29100000000000004,39.342065331928346],[-0.2906,39.342065331928346],[-0.2906,39.3422655426765],[-0.29040000000000005,39.3422655426765],[-0.29040000000000005,39.342065331928346],[-0.28980000000000006,39.342065331928346],[-0.28980000000000006,39.3422655426765],[-0.2902,39.3422655426765]],[[-0.2912,39.341464699683875],[-0.29100000000000004,39.341464699683875],[-0.29100000000000004,39.34126448893572],[-0.29040000000000005,39.34126448893572],[-0.29040000000000005,39.34106427818757],[-0.29000000000000004,39.34106427818757],[-0.29000000000000004,39.34086406743941],[-0.28980000000000006,39.34086406743941],[-0.28980000000000006,39.34066385669126],[-0.29000000000000004,39.34066385669126],[-0.28980000000000006,39.34026343519494],[-0.2902,39.34026343519494],[-0.29000000000000004,39.33986301369863],[-0.28980000000000006,39.33986301369863],[-0.28980000000000006,39.34006322444679],[-0.28900000000000003,39.34006322444679],[-0.28900000000000003,39.33986301369863],[-0.28840000000000005,39.33986301369863],[-0.28840000000000005,39.34006322444679],[-0.2882,39.34006322444679],[-0.2882,39.34026343519494],[-0.2886,39.340463645943096],[-0.2886,39.34066385669126],[-0.2892,39.34066385669126],[-0.2892,39.340463645943096],[-0.2896,39.340463645943096],[-0.2896,39.34066385669126],[-0.28940000000000005,39.34066385669126],[-0.28940000000000005,39.34106427818757],[-0.2892,39.34106427818757],[-0.2892,39.34126448893572],[-0.28940000000000005,39.34126448893572],[-0.2892,39.34166491043204],[-0.29080000000000006,39.341464699683875],[-0.29080000000000006,39.34186512118019],[-0.2912,39.34186512118019],[-0.2912,39.341464699683875]],[[-0.2892,39.33986301369863],[-0.2892,39.33966280295047],[-0.28900000000000003,39.33966280295047],[-0.28900000000000003,39.33986301369863],[-0.2892,39.33986301369863]],[[-0.2882,39.340463645943096],[-0.2882,39.34066385669126],[-0.28840000000000005,39.34066385669126],[-0.28840000000000005,39.340463645943096],[-0.2882,39.340463645943096]],[[-0.28740000000000004,39.34286617492097],[-0.28740000000000004,39.3422655426765],[-0.2872,39.3422655426765],[-0.2872,39.342465753424655],[-0.28680000000000005,39.342465753424655],[-0.28680000000000005,39.343066385669125],[-0.2872,39.343066385669125],[-0.2872,39.34326659641728],[-0.28800000000000003,39.343066385669125],[-0.28800000000000003,39.34286617492097],[-0.28740000000000004,39.34286617492097]],[[-0.2886,39.343066385669125],[-0.28840000000000005,39.343066385669125],[-0.28840000000000005,39.34326659641728],[-0.2886,39.34326659641728],[-0.2886,39.343066385669125]],[[-0.28940000000000005,39.34486828240253],[-0.2892,39.34486828240253],[-0.28940000000000005,39.34446786090622],[-0.28880000000000006,39.34446786090622],[-0.28880000000000006,39.34486828240253],[-0.2892,39.345068493150684],[-0.28900000000000003,39.345468914647],[-0.28940000000000005,39.345468914647],[-0.28940000000000005,39.34486828240253]],[[-0.28880000000000006,39.34426765015806],[-0.28840000000000005,39.34426765015806],[-0.28840000000000005,39.34446786090622],[-0.28880000000000006,39.34446786090622],[-0.28880000000000006,39.34426765015806]],[[-0.28900000000000003,39.345669125395155],[-0.28900000000000003,39.346069546891464],[-0.2892,39.346069546891464],[-0.28940000000000005,39.345669125395155],[-0.28900000000000003,39.345669125395155]],[[-0.29300000000000004,39.34707060063224],[-0.2932,39.34747102212856],[-0.2936,39.34747102212856],[-0.2936,39.34707060063224],[-0.29300000000000004,39.34707060063224]],[[-0.29300000000000004,39.346670179135934],[-0.2928,39.346670179135934],[-0.2926,39.34707060063224],[-0.29300000000000004,39.34707060063224],[-0.29300000000000004,39.346670179135934]],[[-0.2938,39.3472708113804],[-0.29460000000000003,39.3472708113804],[-0.29460000000000003,39.34707060063224],[-0.2938,39.34707060063224],[-0.2938,39.3472708113804]],[[-0.28740000000000004,39.34646996838778],[-0.28700000000000003,39.34646996838778],[-0.28700000000000003,39.346670179135934],[-0.28740000000000004,39.346670179135934],[-0.28740000000000004,39.34646996838778]],[[-0.28600000000000003,39.346670179135934],[-0.28640000000000004,39.346670179135934],[-0.28640000000000004,39.34646996838778],[-0.28600000000000003,39.34646996838778],[-0.28600000000000003,39.346670179135934]],[[-0.28600000000000003,39.34626975763962],[-0.2852,39.34626975763962],[-0.2852,39.34646996838778],[-0.28600000000000003,39.34646996838778],[-0.28600000000000003,39.34626975763962]],[[-0.2852,39.345468914647],[-0.28500000000000003,39.345468914647],[-0.28500000000000003,39.34626975763962],[-0.2852,39.34626975763962],[-0.2852,39.345468914647]],[[-0.28640000000000004,39.346069546891464],[-0.2866,39.34646996838778],[-0.28680000000000005,39.34646996838778],[-0.2866,39.345669125395155],[-0.2872,39.345669125395155],[-0.28740000000000004,39.34526870389884],[-0.28800000000000003,39.34526870389884],[-0.28800000000000003,39.345068493150684],[-0.28780000000000006,39.345068493150684],[-0.28800000000000003,39.34426765015806],[-0.2876,39.34426765015806],[-0.2876,39.344668071654375],[-0.28700000000000003,39.344668071654375],[-0.28680000000000005,39.34426765015806],[-0.2866,39.34426765015806],[-0.2866,39.344067439409905],[-0.28680000000000005,39.344067439409905],[-0.28680000000000005,39.34386722866175],[-0.2866,39.34386722866175],[-0.2866,39.343466807165434],[-0.28640000000000004,39.343466807165434],[-0.28640000000000004,39.34326659641728],[-0.2862,39.34326659641728],[-0.2862,39.343466807165434],[-0.28580000000000005,39.343466807165434],[-0.28580000000000005,39.34286617492097],[-0.28600000000000003,39.34286617492097],[-0.28600000000000003,39.342465753424655],[-0.2862,39.342465753424655],[-0.2862,39.3422655426765],[-0.28600000000000003,39.3422655426765],[-0.28600000000000003,39.34186512118019],[-0.2862,39.34186512118019],[-0.2862,39.34166491043204],[-0.2866,39.34166491043204],[-0.2866,39.34106427818757],[-0.2862,39.34106427818757],[-0.2862,39.34086406743941],[-0.28600000000000003,39.34086406743941],[-0.28600000000000003,39.34106427818757],[-0.2856,39.34126448893572],[-0.2856,39.341464699683875],[-0.28480000000000005,39.34126448893572],[-0.28480000000000005,39.34186512118019],[-0.2846,39.34186512118019],[-0.2846,39.342065331928346],[-0.28480000000000005,39.342065331928346],[-0.28480000000000005,39.3422655426765],[-0.28540000000000004,39.3422655426765],[-0.28540000000000004,39.342465753424655],[-0.2852,39.342465753424655],[-0.2852,39.34286617492097],[-0.2856,39.34286617492097],[-0.2856,39.343066385669125],[-0.28540000000000004,39.343066385669125],[-0.28540000000000004,39.343466807165434],[-0.28500000000000003,39.343466807165434],[-0.28500000000000003,39.343667017913596],[-0.2852,39.343667017913596],[-0.2852,39.34386722866175],[-0.2862,39.34386722866175],[-0.2862,39.34426765015806],[-0.28640000000000004,39.34426765015806],[-0.28640000000000004,39.34526870389884],[-0.2866,39.34526870389884],[-0.2866,39.345468914647],[-0.28600000000000003,39.345468914647],[-0.28600000000000003,39.345669125395155],[-0.28640000000000004,39.345669125395155],[-0.28640000000000004,39.34586933614331],[-0.2862,39.34586933614331],[-0.2862,39.346069546891464],[-0.28640000000000004,39.346069546891464]],[[-0.28600000000000003,39.343066385669125],[-0.2862,39.343066385669125],[-0.2862,39.34286617492097],[-0.28600000000000003,39.34286617492097],[-0.28600000000000003,39.343066385669125]],[[-0.28500000000000003,39.34286617492097],[-0.28500000000000003,39.343066385669125],[-0.2852,39.343066385669125],[-0.2852,39.34286617492097],[-0.28500000000000003,39.34286617492097]],[[-0.28500000000000003,39.34386722866175],[-0.28500000000000003,39.34446786090622],[-0.28480000000000005,39.34446786090622],[-0.28480000000000005,39.344668071654375],[-0.28500000000000003,39.344668071654375],[-0.28500000000000003,39.345068493150684],[-0.28480000000000005,39.345068493150684],[-0.28480000000000005,39.34486828240253],[-0.2842,39.34486828240253],[-0.28440000000000004,39.34526870389884],[-0.2852,39.34526870389884],[-0.2852,39.345068493150684],[-0.28540000000000004,39.345068493150684],[-0.28540000000000004,39.34446786090622],[-0.2856,39.34446786090622],[-0.2856,39.344067439409905],[-0.2852,39.344067439409905],[-0.2852,39.34386722866175],[-0.28500000000000003,39.34386722866175]],[[-0.28540000000000004,39.34526870389884],[-0.28600000000000003,39.34526870389884],[-0.28600000000000003,39.345068493150684],[-0.28540000000000004,39.345068493150684],[-0.28540000000000004,39.34526870389884]],[[-0.28080000000000005,39.345669125395155],[-0.2806,39.345669125395155],[-0.2806,39.34586933614331],[-0.28080000000000005,39.34586933614331],[-0.28080000000000005,39.345669125395155]],[[-0.28040000000000004,39.34526870389884],[-0.28,39.34526870389884],[-0.2802,39.345669125395155],[-0.28040000000000004,39.345669125395155],[-0.28040000000000004,39.34526870389884]],[[-0.28840000000000005,39.34526870389884],[-0.2882,39.34526870389884],[-0.2882,39.345468914647],[-0.28840000000000005,39.345468914647],[-0.28840000000000005,39.34526870389884]],[[-0.2776,39.345468914647],[-0.27780000000000005,39.345468914647],[-0.27780000000000005,39.34526870389884],[-0.2776,39.34526870389884],[-0.2776,39.345468914647]],[[-0.2776,39.34486828240253],[-0.27740000000000004,39.34486828240253],[-0.27740000000000004,39.345068493150684],[-0.277,39.345068493150684],[-0.277,39.34526870389884],[-0.2776,39.34526870389884],[-0.2776,39.34486828240253]],[[-0.27780000000000005,39.34486828240253],[-0.27780000000000005,39.345068493150684],[-0.27820000000000006,39.345068493150684],[-0.278,39.344668071654375],[-0.2776,39.344668071654375],[-0.2776,39.34486828240253],[-0.27780000000000005,39.34486828240253]],[[-0.28240000000000004,39.34486828240253],[-0.2822,39.34486828240253],[-0.2822,39.34526870389884],[-0.28240000000000004,39.34526870389884],[-0.28240000000000004,39.34486828240253]],[[-0.2792,39.345068493150684],[-0.27940000000000004,39.345068493150684],[-0.27940000000000004,39.34486828240253],[-0.2792,39.34486828240253],[-0.2792,39.345068493150684]],[[-0.28,39.34486828240253],[-0.28,39.344668071654375],[-0.28040000000000004,39.34486828240253],[-0.28040000000000004,39.34446786090622],[-0.2806,39.34446786090622],[-0.2806,39.34426765015806],[-0.28,39.34426765015806],[-0.27980000000000005,39.344668071654375],[-0.27940000000000004,39.344668071654375],[-0.27940000000000004,39.34486828240253],[-0.28,39.34486828240253]],[[-0.27980000000000005,39.34426765015806],[-0.27940000000000004,39.34426765015806],[-0.27940000000000004,39.34446786090622],[-0.27980000000000005,39.34446786090622],[-0.27980000000000005,39.34426765015806]],[[-0.2792,39.344668071654375],[-0.279,39.344668071654375],[-0.279,39.34486828240253],[-0.2792,39.34486828240253],[-0.2792,39.344668071654375]],[[-0.279,39.344067439409905],[-0.2786,39.34426765015806],[-0.2786,39.344668071654375],[-0.279,39.344668071654375],[-0.279,39.344067439409905]],[[-0.27840000000000004,39.344668071654375],[-0.27840000000000004,39.34486828240253],[-0.2786,39.34486828240253],[-0.2786,39.344668071654375],[-0.27840000000000004,39.344668071654375]],[[-0.2886,39.344668071654375],[-0.28840000000000005,39.344668071654375],[-0.28840000000000005,39.34486828240253],[-0.2886,39.34486828240253],[-0.2886,39.344668071654375]],[[-0.28600000000000003,39.34446786090622],[-0.28580000000000005,39.34446786090622],[-0.28580000000000005,39.34486828240253],[-0.28600000000000003,39.34486828240253],[-0.28600000000000003,39.34446786090622]],[[-0.28200000000000003,39.344668071654375],[-0.2822,39.344668071654375],[-0.2822,39.34446786090622],[-0.28180000000000005,39.34446786090622],[-0.28180000000000005,39.34486828240253],[-0.28200000000000003,39.34486828240253],[-0.28200000000000003,39.344668071654375]],[[-0.28440000000000004,39.34446786090622],[-0.2842,39.34446786090622],[-0.2842,39.344668071654375],[-0.28440000000000004,39.344668071654375],[-0.28440000000000004,39.34446786090622]],[[-0.277,39.34446786090622],[-0.277,39.344668071654375],[-0.27720000000000006,39.344668071654375],[-0.27720000000000006,39.34446786090622],[-0.277,39.34446786090622]],[[-0.2776,39.34446786090622],[-0.2776,39.344067439409905],[-0.27720000000000006,39.34386722866175],[-0.27720000000000006,39.34446786090622],[-0.2776,39.34446786090622]],[[-0.2816,39.34426765015806],[-0.28240000000000004,39.34426765015806],[-0.28240000000000004,39.344067439409905],[-0.2822,39.344067439409905],[-0.2822,39.343667017913596],[-0.28280000000000005,39.343667017913596],[-0.28280000000000005,39.344067439409905],[-0.2832,39.34426765015806],[-0.2832,39.34446786090622],[-0.28400000000000003,39.34446786090622],[-0.28400000000000003,39.34426765015806],[-0.28340000000000004,39.34426765015806],[-0.28340000000000004,39.34386722866175],[-0.2836,39.34386722866175],[-0.2836,39.344067439409905],[-0.28400000000000003,39.344067439409905],[-0.28400000000000003,39.34386722866175],[-0.2842,39.34386722866175],[-0.2842,39.343466807165434],[-0.28440000000000004,39.343466807165434],[-0.28440000000000004,39.34326659641728],[-0.28480000000000005,39.34326659641728],[-0.28480000000000005,39.343066385669125],[-0.2846,39.343066385669125],[-0.2846,39.342465753424655],[-0.28440000000000004,39.342465753424655],[-0.28440000000000004,39.34266596417282],[-0.2842,39.34266596417282],[-0.2842,39.34286617492097],[-0.28380000000000005,39.343066385669125],[-0.28380000000000005,39.343466807165434],[-0.28400000000000003,39.343466807165434],[-0.28400000000000003,39.343667017913596],[-0.2836,39.343667017913596],[-0.2836,39.343466807165434],[-0.28340000000000004,39.343466807165434],[-0.28340000000000004,39.343667017913596],[-0.28300000000000003,39.343667017913596],[-0.28300000000000003,39.34326659641728],[-0.28280000000000005,39.34326659641728],[-0.28280000000000005,39.343066385669125],[-0.28300000000000003,39.343066385669125],[-0.2832,39.34266596417282],[-0.28340000000000004,39.34266596417282],[-0.28340000000000004,39.3422655426765],[-0.2832,39.3422655426765],[-0.28300000000000003,39.34266596417282],[-0.2826,39.34266596417282],[-0.2826,39.343466807165434],[-0.2822,39.343466807165434],[-0.2822,39.343066385669125],[-0.2816,39.343066385669125],[-0.2816,39.34326659641728],[-0.28140000000000004,39.34326659641728],[-0.28140000000000004,39.343066385669125],[-0.2812,39.343066385669125],[-0.28140000000000004,39.3422655426765],[-0.2812,39.3422655426765],[-0.2812,39.34186512118019],[-0.281,39.34186512118019],[-0.281,39.341464699683875],[-0.2812,39.341464699683875],[-0.2812,39.34126448893572],[-0.281,39.34126448893572],[-0.281,39.34106427818757],[-0.2812,39.34106427818757],[-0.2812,39.340463645943096],[-0.281,39.340463645943096],[-0.281,39.34006322444679],[-0.28080000000000005,39.34006322444679],[-0.2806,39.34166491043204],[-0.28,39.34166491043204],[-0.28,39.34186512118019],[-0.28040000000000004,39.34186512118019],[-0.28040000000000004,39.342065331928346],[-0.28,39.342065331928346],[-0.28,39.34266596417282],[-0.2796,39.34286617492097],[-0.2796,39.343066385669125],[-0.27940000000000004,39.343066385669125],[-0.27940000000000004,39.34266596417282],[-0.2792,39.34266596417282],[-0.2792,39.34286617492097],[-0.27880000000000005,39.34286617492097],[-0.27880000000000005,39.343066385669125],[-0.2792,39.343066385669125],[-0.2792,39.34326659641728],[-0.27940000000000004,39.34326659641728],[-0.27940000000000004,39.343667017913596],[-0.27980000000000005,39.343667017913596],[-0.27980000000000005,39.34386722866175],[-0.28,39.34386722866175],[-0.28,39.343466807165434],[-0.2802,39.343466807165434],[-0.2802,39.34326659641728],[-0.2806,39.34326659641728],[-0.2806,39.343466807165434],[-0.2812,39.343466807165434],[-0.2812,39.343667017913596],[-0.2816,39.343667017913596],[-0.2816,39.343466807165434],[-0.28180000000000005,39.343466807165434],[-0.28180000000000005,39.344067439409905],[-0.2816,39.344067439409905],[-0.2816,39.34426765015806]],[[-0.28340000000000004,39.34286617492097],[-0.28380000000000005,39.34286617492097],[-0.28400000000000003,39.342465753424655],[-0.2836,39.342465753424655],[-0.28340000000000004,39.34286617492097]],[[-0.2812,39.34166491043204],[-0.28200000000000003,39.34166491043204],[-0.28200000000000003,39.34186512118019],[-0.2822,39.34186512118019],[-0.2822,39.3422655426765],[-0.28180000000000005,39.3422655426765],[-0.2816,39.34266596417282],[-0.28200000000000003,39.34266596417282],[-0.28200000000000003,39.342465753424655],[-0.28240000000000004,39.34266596417282],[-0.28240000000000004,39.3422655426765],[-0.28300000000000003,39.3422655426765],[-0.28300000000000003,39.34186512118019],[-0.2826,39.34166491043204],[-0.2826,39.341464699683875],[-0.2822,39.341464699683875],[-0.2822,39.34126448893572],[-0.28240000000000004,39.34126448893572],[-0.2822,39.340463645943096],[-0.28180000000000005,39.340463645943096],[-0.28180000000000005,39.34106427818757],[-0.2816,39.34106427818757],[-0.2816,39.341464699683875],[-0.2812,39.341464699683875],[-0.2812,39.34166491043204]],[[-0.2816,39.340463645943096],[-0.2816,39.34026343519494],[-0.2812,39.34026343519494],[-0.2812,39.340463645943096],[-0.2816,39.340463645943096]],[[-0.28,39.344067439409905],[-0.2802,39.344067439409905],[-0.2802,39.34386722866175],[-0.28,39.34386722866175],[-0.28,39.344067439409905]],[[-0.28140000000000004,39.34426765015806],[-0.2812,39.34426765015806],[-0.2812,39.34446786090622],[-0.28140000000000004,39.34446786090622],[-0.28140000000000004,39.34426765015806]],[[-0.29200000000000004,39.343667017913596],[-0.29180000000000006,39.343667017913596],[-0.29180000000000006,39.344067439409905],[-0.29200000000000004,39.344067439409905],[-0.29200000000000004,39.343667017913596]],[[-0.276,39.34386722866175],[-0.27580000000000005,39.34386722866175],[-0.27580000000000005,39.344067439409905],[-0.276,39.344067439409905],[-0.276,39.34386722866175]],[[-0.29040000000000005,39.34326659641728],[-0.28980000000000006,39.34326659641728],[-0.28980000000000006,39.34386722866175],[-0.29040000000000005,39.34386722866175],[-0.29040000000000005,39.34326659641728]],[[-0.281,39.343667017913596],[-0.28080000000000005,39.343667017913596],[-0.28080000000000005,39.34386722866175],[-0.281,39.34386722866175],[-0.281,39.343667017913596]],[[-0.27880000000000005,39.34326659641728],[-0.2786,39.34326659641728],[-0.2786,39.34386722866175],[-0.27880000000000005,39.34386722866175],[-0.27880000000000005,39.34326659641728]],[[-0.27620000000000006,39.343667017913596],[-0.27620000000000006,39.34386722866175],[-0.27640000000000003,39.34386722866175],[-0.27640000000000003,39.343667017913596],[-0.27620000000000006,39.343667017913596]],[[-0.2766,39.343667017913596],[-0.2766,39.343466807165434],[-0.27640000000000003,39.343466807165434],[-0.27640000000000003,39.343667017913596],[-0.2766,39.343667017913596]],[[-0.276,39.343066385669125],[-0.27580000000000005,39.343066385669125],[-0.27580000000000005,39.34326659641728],[-0.27540000000000003,39.34326659641728],[-0.27540000000000003,39.343466807165434],[-0.276,39.343466807165434],[-0.276,39.343066385669125]],[[-0.27840000000000004,39.34266596417282],[-0.27820000000000006,39.34266596417282],[-0.27820000000000006,39.34286617492097],[-0.27840000000000004,39.34286617492097],[-0.27840000000000004,39.34266596417282]],[[-0.278,39.34266596417282],[-0.27780000000000005,39.34266596417282],[-0.27780000000000005,39.34286617492097],[-0.278,39.34286617492097],[-0.278,39.34266596417282]],[[-0.2776,39.342465753424655],[-0.27720000000000006,39.342465753424655],[-0.27720000000000006,39.34286617492097],[-0.2776,39.34286617492097],[-0.2776,39.342465753424655]],[[-0.2796,39.3422655426765],[-0.27940000000000004,39.3422655426765],[-0.27940000000000004,39.342465753424655],[-0.2796,39.342465753424655],[-0.2796,39.3422655426765]],[[-0.2786,39.342465753424655],[-0.2792,39.342465753424655],[-0.2792,39.3422655426765],[-0.27880000000000005,39.3422655426765],[-0.27880000000000005,39.342065331928346],[-0.2786,39.342065331928346],[-0.2786,39.342465753424655]],[[-0.2786,39.34186512118019],[-0.27840000000000004,39.34186512118019],[-0.27840000000000004,39.341464699683875],[-0.27820000000000006,39.341464699683875],[-0.27820000000000006,39.342065331928346],[-0.2786,39.342065331928346],[-0.2786,39.34186512118019]],[[-0.27880000000000005,39.341464699683875],[-0.27880000000000005,39.34126448893572],[-0.2792,39.34126448893572],[-0.2792,39.34066385669126],[-0.279,39.34066385669126],[-0.279,39.340463645943096],[-0.27940000000000004,39.340463645943096],[-0.27940000000000004,39.34086406743941],[-0.27980000000000005,39.34086406743941],[-0.27980000000000005,39.340463645943096],[-0.2796,39.340463645943096],[-0.2796,39.34026343519494],[-0.2792,39.34026343519494],[-0.2792,39.33986301369863],[-0.279,39.33986301369863],[-0.279,39.33966280295047],[-0.2792,39.33966280295047],[-0.2792,39.33926238145416],[-0.279,39.33926238145416],[-0.279,39.33906217070601],[-0.27880000000000005,39.33906217070601],[-0.27880000000000005,39.33986301369863],[-0.2786,39.33986301369863],[-0.2786,39.34006322444679],[-0.27820000000000006,39.34006322444679],[-0.27820000000000006,39.34026343519494],[-0.27880000000000005,39.34026343519494],[-0.27880000000000005,39.340463645943096],[-0.2786,39.340463645943096],[-0.2786,39.34126448893572],[-0.27840000000000004,39.34126448893572],[-0.27840000000000004,39.341464699683875],[-0.27880000000000005,39.341464699683875]],[[-0.2776,39.34026343519494],[-0.2776,39.34086406743941],[-0.27780000000000005,39.34086406743941],[-0.278,39.34126448893572],[-0.27820000000000006,39.34126448893572],[-0.27820000000000006,39.34086406743941],[-0.278,39.34086406743941],[-0.278,39.340463645943096],[-0.27820000000000006,39.340463645943096],[-0.27820000000000006,39.34026343519494],[-0.2776,39.34026343519494]],[[-0.28400000000000003,39.342065331928346],[-0.2842,39.342065331928346],[-0.2842,39.34186512118019],[-0.2836,39.34186512118019],[-0.2836,39.3422655426765],[-0.28400000000000003,39.3422655426765],[-0.28400000000000003,39.342065331928346]],[[-0.29040000000000005,39.34166491043204],[-0.2902,39.34166491043204],[-0.2902,39.34186512118019],[-0.29040000000000005,39.34186512118019],[-0.29040000000000005,39.34166491043204]],[[-0.27940000000000004,39.341464699683875],[-0.2792,39.341464699683875],[-0.2792,39.34186512118019],[-0.27980000000000005,39.34186512118019],[-0.27980000000000005,39.341464699683875],[-0.2796,39.341464699683875],[-0.2796,39.34126448893572],[-0.27940000000000004,39.34126448893572],[-0.27940000000000004,39.341464699683875]],[[-0.27740000000000004,39.34166491043204],[-0.27720000000000006,39.34166491043204],[-0.27720000000000006,39.34186512118019],[-0.27740000000000004,39.34186512118019],[-0.27740000000000004,39.34166491043204]],[[-0.2872,39.34106427818757],[-0.28680000000000005,39.34126448893572],[-0.28680000000000005,39.34166491043204],[-0.28800000000000003,39.34166491043204],[-0.28800000000000003,39.341464699683875],[-0.28840000000000005,39.34166491043204],[-0.28840000000000005,39.341464699683875],[-0.2886,39.341464699683875],[-0.28840000000000005,39.34106427818757],[-0.28880000000000006,39.34106427818757],[-0.28880000000000006,39.34086406743941],[-0.28740000000000004,39.34086406743941],[-0.2876,39.34126448893572],[-0.2872,39.34126448893572],[-0.2872,39.34106427818757]],[[-0.28300000000000003,39.341464699683875],[-0.28300000000000003,39.34166491043204],[-0.2832,39.34166491043204],[-0.2832,39.341464699683875],[-0.28300000000000003,39.341464699683875]],[[-0.2836,39.341464699683875],[-0.2836,39.34126448893572],[-0.2832,39.34126448893572],[-0.2832,39.341464699683875],[-0.2836,39.341464699683875]],[[-0.2832,39.34106427818757],[-0.28280000000000005,39.34106427818757],[-0.28280000000000005,39.34126448893572],[-0.2832,39.34126448893572],[-0.2832,39.34106427818757]],[[-0.276,39.341464699683875],[-0.27580000000000005,39.341464699683875],[-0.27580000000000005,39.34166491043204],[-0.276,39.34166491043204],[-0.276,39.341464699683875]],[[-0.2756,39.34086406743941],[-0.27520000000000006,39.34086406743941],[-0.27540000000000003,39.34126448893572],[-0.2756,39.34126448893572],[-0.2756,39.34086406743941]],[[-0.28480000000000005,39.34026343519494],[-0.2846,39.34066385669126],[-0.2852,39.34066385669126],[-0.2852,39.34106427818757],[-0.28540000000000004,39.34106427818757],[-0.28540000000000004,39.34086406743941],[-0.28580000000000005,39.34086406743941],[-0.28580000000000005,39.34066385669126],[-0.28600000000000003,39.34066385669126],[-0.28600000000000003,39.34026343519494],[-0.2862,39.34026343519494],[-0.2862,39.34006322444679],[-0.2866,39.34006322444679],[-0.2866,39.33946259220232],[-0.28640000000000004,39.33946259220232],[-0.28640000000000004,39.33926238145416],[-0.28580000000000005,39.33926238145416],[-0.2856,39.33966280295047],[-0.2852,39.33966280295047],[-0.2852,39.33946259220232],[-0.28500000000000003,39.33946259220232],[-0.28500000000000003,39.33906217070601],[-0.2846,39.33886195995785],[-0.2846,39.33826132771338],[-0.2842,39.33826132771338],[-0.2842,39.33846153846154],[-0.28380000000000005,39.33826132771338],[-0.2836,39.33866174920969],[-0.28380000000000005,39.33866174920969],[-0.28380000000000005,39.33886195995785],[-0.28400000000000003,39.33886195995785],[-0.28400000000000003,39.33866174920969],[-0.28440000000000004,39.33866174920969],[-0.28440000000000004,39.33906217070601],[-0.28480000000000005,39.33926238145416],[-0.28480000000000005,39.33986301369863],[-0.2852,39.33986301369863],[-0.2852,39.34026343519494],[-0.28480000000000005,39.34026343519494]],[[-0.28480000000000005,39.33826132771338],[-0.28480000000000005,39.33846153846154],[-0.28500000000000003,39.33846153846154],[-0.28500000000000003,39.33886195995785],[-0.2852,39.33886195995785],[-0.2852,39.33866174920969],[-0.28540000000000004,39.33866174920969],[-0.28540000000000004,39.33846153846154],[-0.28580000000000005,39.33826132771338],[-0.28580000000000005,39.33806111696523],[-0.2856,39.33806111696523],[-0.2856,39.337860906217074],[-0.2852,39.337860906217074],[-0.2852,39.33826132771338],[-0.28500000000000003,39.33826132771338],[-0.28500000000000003,39.33806111696523],[-0.28480000000000005,39.33806111696523],[-0.28480000000000005,39.33766069546891],[-0.2846,39.33766069546891],[-0.2846,39.33826132771338],[-0.28480000000000005,39.33826132771338]],[[-0.2846,39.33746048472076],[-0.2842,39.33746048472076],[-0.2842,39.3372602739726],[-0.28400000000000003,39.3372602739726],[-0.28400000000000003,39.33766069546891],[-0.2842,39.33766069546891],[-0.2842,39.337860906217074],[-0.28440000000000004,39.337860906217074],[-0.2846,39.33746048472076]],[[-0.28340000000000004,39.33866174920969],[-0.28340000000000004,39.33886195995785],[-0.28300000000000003,39.33886195995785],[-0.28300000000000003,39.33926238145416],[-0.2832,39.33926238145416],[-0.2832,39.33906217070601],[-0.2836,39.33926238145416],[-0.2836,39.33866174920969],[-0.28340000000000004,39.33866174920969]],[[-0.28280000000000005,39.33926238145416],[-0.28280000000000005,39.33946259220232],[-0.28240000000000004,39.33946259220232],[-0.28240000000000004,39.33926238145416],[-0.2822,39.33926238145416],[-0.2822,39.33946259220232],[-0.28200000000000003,39.33946259220232],[-0.28200000000000003,39.33986301369863],[-0.28240000000000004,39.33986301369863],[-0.28240000000000004,39.33966280295047],[-0.28300000000000003,39.33966280295047],[-0.28300000000000003,39.33926238145416],[-0.28280000000000005,39.33926238145416]],[[-0.27620000000000006,39.34026343519494],[-0.276,39.34026343519494],[-0.276,39.34066385669126],[-0.27580000000000005,39.34066385669126],[-0.27580000000000005,39.34086406743941],[-0.27620000000000006,39.34086406743941],[-0.27620000000000006,39.34066385669126],[-0.27640000000000003,39.34066385669126],[-0.2766,39.34106427818757],[-0.27740000000000004,39.34086406743941],[-0.27740000000000004,39.34066385669126],[-0.27720000000000006,39.34066385669126],[-0.27720000000000006,39.340463645943096],[-0.27740000000000004,39.340463645943096],[-0.27740000000000004,39.34006322444679],[-0.277,39.34006322444679],[-0.277,39.34066385669126],[-0.2766,39.34066385669126],[-0.2766,39.340463645943096],[-0.27620000000000006,39.340463645943096],[-0.27620000000000006,39.34026343519494]],[[-0.28340000000000004,39.34086406743941],[-0.28400000000000003,39.34086406743941],[-0.28400000000000003,39.340463645943096],[-0.28340000000000004,39.340463645943096],[-0.28340000000000004,39.34086406743941]],[[-0.28340000000000004,39.34026343519494],[-0.28280000000000005,39.34026343519494],[-0.28280000000000005,39.340463645943096],[-0.28340000000000004,39.340463645943096],[-0.28340000000000004,39.34026343519494]],[[-0.28780000000000006,39.34006322444679],[-0.28780000000000006,39.33986301369863],[-0.28700000000000003,39.33986301369863],[-0.28700000000000003,39.33966280295047],[-0.28680000000000005,39.33966280295047],[-0.28680000000000005,39.34026343519494],[-0.2866,39.34026343519494],[-0.2866,39.340463645943096],[-0.2872,39.340463645943096],[-0.2872,39.34066385669126],[-0.28740000000000004,39.34066385669126],[-0.28740000000000004,39.340463645943096],[-0.2876,39.340463645943096],[-0.2876,39.34006322444679],[-0.28780000000000006,39.34006322444679]],[[-0.28780000000000006,39.340463645943096],[-0.28800000000000003,39.340463645943096],[-0.28800000000000003,39.34006322444679],[-0.28780000000000006,39.34006322444679],[-0.28780000000000006,39.340463645943096]],[[-0.28800000000000003,39.33986301369863],[-0.28800000000000003,39.33966280295047],[-0.28780000000000006,39.33966280295047],[-0.28780000000000006,39.33986301369863],[-0.28800000000000003,39.33986301369863]],[[-0.28440000000000004,39.34026343519494],[-0.2842,39.34026343519494],[-0.2842,39.340463645943096],[-0.28440000000000004,39.340463645943096],[-0.28440000000000004,39.34026343519494]],[[-0.2836,39.33966280295047],[-0.2832,39.33966280295047],[-0.2832,39.33986301369863],[-0.28280000000000005,39.33986301369863],[-0.28280000000000005,39.34006322444679],[-0.2836,39.34006322444679],[-0.2836,39.34026343519494],[-0.28400000000000003,39.34026343519494],[-0.28400000000000003,39.33986301369863],[-0.2836,39.33986301369863],[-0.2836,39.33966280295047]],[[-0.281,39.33966280295047],[-0.281,39.33926238145416],[-0.2806,39.33926238145416],[-0.28040000000000004,39.33966280295047],[-0.2802,39.33966280295047],[-0.2802,39.33986301369863],[-0.28,39.33986301369863],[-0.28,39.34026343519494],[-0.28040000000000004,39.34026343519494],[-0.28040000000000004,39.33986301369863],[-0.28080000000000005,39.33986301369863],[-0.28080000000000005,39.33966280295047],[-0.281,39.33966280295047]],[[-0.28140000000000004,39.33926238145416],[-0.28140000000000004,39.33906217070601],[-0.281,39.33906217070601],[-0.281,39.33926238145416],[-0.28140000000000004,39.33926238145416]],[[-0.2756,39.34006322444679],[-0.2756,39.34026343519494],[-0.27580000000000005,39.34026343519494],[-0.276,39.33986301369863],[-0.27620000000000006,39.33986301369863],[-0.27620000000000006,39.34006322444679],[-0.27680000000000005,39.34006322444679],[-0.27680000000000005,39.33966280295047],[-0.27640000000000003,39.33966280295047],[-0.27640000000000003,39.33946259220232],[-0.2756,39.33966280295047],[-0.2756,39.33946259220232],[-0.27540000000000003,39.33946259220232],[-0.27520000000000006,39.33986301369863],[-0.2756,39.34006322444679]],[[-0.27720000000000006,39.33966280295047],[-0.27720000000000006,39.33946259220232],[-0.27680000000000005,39.33946259220232],[-0.27680000000000005,39.33966280295047],[-0.27720000000000006,39.33966280295047]],[[-0.2816,39.33966280295047],[-0.28140000000000004,39.33966280295047],[-0.28140000000000004,39.34006322444679],[-0.2816,39.34006322444679],[-0.2816,39.33966280295047]],[[-0.2776,39.33986301369863],[-0.2776,39.34006322444679],[-0.278,39.34006322444679],[-0.278,39.33986301369863],[-0.2776,39.33986301369863]],[[-0.27820000000000006,39.33986301369863],[-0.27820000000000006,39.33966280295047],[-0.278,39.33966280295047],[-0.278,39.33986301369863],[-0.27820000000000006,39.33986301369863]],[[-0.2866,39.33866174920969],[-0.2866,39.33926238145416],[-0.28680000000000005,39.33926238145416],[-0.28680000000000005,39.33946259220232],[-0.28700000000000003,39.33946259220232],[-0.28700000000000003,39.33906217070601],[-0.2872,39.33906217070601],[-0.2872,39.33926238145416],[-0.2876,39.33926238145416],[-0.2876,39.33906217070601],[-0.28800000000000003,39.33906217070601],[-0.28800000000000003,39.33886195995785],[-0.2882,39.33886195995785],[-0.2882,39.33926238145416],[-0.28800000000000003,39.33926238145416],[-0.28800000000000003,39.33946259220232],[-0.28840000000000005,39.33946259220232],[-0.28840000000000005,39.33926238145416],[-0.2886,39.33926238145416],[-0.2886,39.33946259220232],[-0.28900000000000003,39.33946259220232],[-0.28900000000000003,39.33926238145416],[-0.2892,39.33926238145416],[-0.28900000000000003,39.33886195995785],[-0.28840000000000005,39.33886195995785],[-0.28840000000000005,39.33866174920969],[-0.2882,39.33866174920969],[-0.2882,39.33846153846154],[-0.28840000000000005,39.33846153846154],[-0.2886,39.33806111696523],[-0.28800000000000003,39.33806111696523],[-0.28800000000000003,39.33846153846154],[-0.2876,39.33846153846154],[-0.28740000000000004,39.33806111696523],[-0.2872,39.33806111696523],[-0.2872,39.33866174920969],[-0.28700000000000003,39.33866174920969],[-0.28700000000000003,39.33826132771338],[-0.28680000000000005,39.33826132771338],[-0.28680000000000005,39.33846153846154],[-0.2866,39.33846153846154],[-0.2866,39.33826132771338],[-0.28600000000000003,39.33826132771338],[-0.28600000000000003,39.33866174920969],[-0.2866,39.33866174920969]],[[-0.28780000000000006,39.33826132771338],[-0.28780000000000006,39.33806111696523],[-0.2876,39.33806111696523],[-0.2876,39.33826132771338],[-0.28780000000000006,39.33826132771338]],[[-0.27740000000000004,39.33926238145416],[-0.2776,39.33926238145416],[-0.2776,39.33946259220232],[-0.27820000000000006,39.33946259220232],[-0.27820000000000006,39.33886195995785],[-0.278,39.33886195995785],[-0.278,39.33906217070601],[-0.27740000000000004,39.33906217070601],[-0.27740000000000004,39.33926238145416]],[[-0.28400000000000003,39.33906217070601],[-0.28380000000000005,39.33906217070601],[-0.28380000000000005,39.33926238145416],[-0.28400000000000003,39.33926238145416],[-0.28400000000000003,39.33906217070601]],[[-0.28040000000000004,39.33906217070601],[-0.28,39.33906217070601],[-0.28,39.33926238145416],[-0.28040000000000004,39.33926238145416],[-0.28040000000000004,39.33906217070601]],[[-0.2822,39.33866174920969],[-0.28180000000000005,39.33866174920969],[-0.28180000000000005,39.33906217070601],[-0.2822,39.33906217070601],[-0.2822,39.33866174920969]],[[-0.27580000000000005,39.337860906217074],[-0.2756,39.337860906217074],[-0.2756,39.33846153846154],[-0.27580000000000005,39.33846153846154],[-0.27580000000000005,39.33866174920969],[-0.2756,39.33866174920969],[-0.2756,39.33906217070601],[-0.27580000000000005,39.33906217070601],[-0.27580000000000005,39.33886195995785],[-0.27620000000000006,39.33886195995785],[-0.27620000000000006,39.33846153846154],[-0.276,39.33846153846154],[-0.276,39.33826132771338],[-0.27620000000000006,39.33826132771338],[-0.27620000000000006,39.337860906217074],[-0.27640000000000003,39.337860906217074],[-0.27640000000000003,39.33746048472076],[-0.27620000000000006,39.33746048472076],[-0.27620000000000006,39.33766069546891],[-0.27580000000000005,39.33766069546891],[-0.27580000000000005,39.337860906217074]],[[-0.2796,39.33846153846154],[-0.27940000000000004,39.33886195995785],[-0.27980000000000005,39.33886195995785],[-0.27980000000000005,39.33846153846154],[-0.2796,39.33846153846154]],[[-0.2802,39.33846153846154],[-0.2802,39.33806111696523],[-0.28,39.33806111696523],[-0.27980000000000005,39.33846153846154],[-0.2802,39.33846153846154]],[[-0.27680000000000005,39.33886195995785],[-0.2776,39.33886195995785],[-0.2776,39.33866174920969],[-0.278,39.33866174920969],[-0.278,39.33846153846154],[-0.27780000000000005,39.33846153846154],[-0.27780000000000005,39.33826132771338],[-0.27740000000000004,39.33826132771338],[-0.27740000000000004,39.33846153846154],[-0.27680000000000005,39.33846153846154],[-0.27680000000000005,39.33886195995785]],[[-0.27740000000000004,39.33806111696523],[-0.27780000000000005,39.33806111696523],[-0.27780000000000005,39.337860906217074],[-0.278,39.337860906217074],[-0.278,39.33746048472076],[-0.27740000000000004,39.33746048472076],[-0.27740000000000004,39.337860906217074],[-0.27720000000000006,39.337860906217074],[-0.27720000000000006,39.3372602739726],[-0.277,39.3372602739726],[-0.27680000000000005,39.33766069546891],[-0.2766,39.33766069546891],[-0.2766,39.33806111696523],[-0.27680000000000005,39.33806111696523],[-0.27680000000000005,39.33826132771338],[-0.27740000000000004,39.33826132771338],[-0.27740000000000004,39.33806111696523]],[[-0.28200000000000003,39.3372602739726],[-0.28240000000000004,39.3372602739726],[-0.28240000000000004,39.33746048472076],[-0.2826,39.33746048472076],[-0.2826,39.33766069546891],[-0.28200000000000003,39.33766069546891],[-0.28200000000000003,39.33806111696523],[-0.28240000000000004,39.33826132771338],[-0.28240000000000004,39.33866174920969],[-0.2826,39.33866174920969],[-0.2826,39.33846153846154],[-0.28300000000000003,39.33866174920969],[-0.2832,39.33826132771338],[-0.28340000000000004,39.33826132771338],[-0.28340000000000004,39.33766069546891],[-0.2836,39.33766069546891],[-0.28340000000000004,39.336859852476294],[-0.2832,39.336859852476294],[-0.2832,39.33665964172813],[-0.28280000000000005,39.33665964172813],[-0.28280000000000005,39.336859852476294],[-0.2822,39.336859852476294],[-0.2822,39.33665964172813],[-0.28240000000000004,39.33665964172813],[-0.28240000000000004,39.33645943097998],[-0.2822,39.33645943097998],[-0.2822,39.33605900948367],[-0.28180000000000005,39.33605900948367],[-0.2816,39.33565858798735],[-0.2812,39.33565858798735],[-0.2812,39.33605900948367],[-0.2816,39.33605900948367],[-0.28180000000000005,39.33645943097998],[-0.281,39.33645943097998],[-0.281,39.336859852476294],[-0.28140000000000004,39.33706006322445],[-0.28140000000000004,39.33746048472076],[-0.28200000000000003,39.33746048472076],[-0.28200000000000003,39.3372602739726]],[[-0.28240000000000004,39.33605900948367],[-0.28240000000000004,39.335858798735515],[-0.2822,39.335858798735515],[-0.2822,39.33605900948367],[-0.28240000000000004,39.33605900948367]],[[-0.28300000000000003,39.335858798735515],[-0.28300000000000003,39.336259220231824],[-0.2832,39.336259220231824],[-0.2832,39.33645943097998],[-0.28380000000000005,39.33645943097998],[-0.28380000000000005,39.336859852476294],[-0.28400000000000003,39.336859852476294],[-0.28400000000000003,39.33706006322445],[-0.2846,39.33706006322445],[-0.2846,39.33645943097998],[-0.2842,39.33665964172813],[-0.2842,39.33645943097998],[-0.28400000000000003,39.33645943097998],[-0.28400000000000003,39.33605900948367],[-0.2846,39.33605900948367],[-0.2846,39.336259220231824],[-0.28500000000000003,39.336259220231824],[-0.28500000000000003,39.335858798735515],[-0.28540000000000004,39.335858798735515],[-0.28540000000000004,39.33565858798735],[-0.28580000000000005,39.3354583772392],[-0.28580000000000005,39.335258166491045],[-0.2856,39.335258166491045],[-0.2856,39.334657534246574],[-0.28600000000000003,39.33445732349842],[-0.28600000000000003,39.33405690200211],[-0.2862,39.33405690200211],[-0.2862,39.333656480505795],[-0.2866,39.33345626975764],[-0.2866,39.33305584826133],[-0.2862,39.33305584826133],[-0.2862,39.33285563751317],[-0.28600000000000003,39.33285563751317],[-0.28580000000000005,39.33245521601686],[-0.2856,39.33245521601686],[-0.2856,39.33285563751317],[-0.28580000000000005,39.33285563751317],[-0.2856,39.333656480505795],[-0.28480000000000005,39.333656480505795],[-0.28480000000000005,39.33345626975764],[-0.28440000000000004,39.33345626975764],[-0.28440000000000004,39.333656480505795],[-0.2842,39.333656480505795],[-0.28400000000000003,39.333256059009486],[-0.28440000000000004,39.333256059009486],[-0.28440000000000004,39.33285563751317],[-0.2846,39.33285563751317],[-0.2846,39.332655426765015],[-0.2842,39.332655426765015],[-0.2842,39.332255005268706],[-0.28440000000000004,39.332255005268706],[-0.28440000000000004,39.33245521601686],[-0.2846,39.33245521601686],[-0.2846,39.332255005268706],[-0.28540000000000004,39.332255005268706],[-0.28540000000000004,39.33185458377239],[-0.28500000000000003,39.33185458377239],[-0.28500000000000003,39.33205479452055],[-0.2842,39.33205479452055],[-0.2842,39.33145416227608],[-0.28380000000000005,39.33125395152793],[-0.28380000000000005,39.331053740779765],[-0.2836,39.331053740779765],[-0.2836,39.331654373024236],[-0.28400000000000003,39.33185458377239],[-0.28400000000000003,39.33205479452055],[-0.28340000000000004,39.33205479452055],[-0.28340000000000004,39.33185458377239],[-0.2832,39.33185458377239],[-0.2832,39.33145416227608],[-0.28300000000000003,39.33145416227608],[-0.28300000000000003,39.331053740779765],[-0.2826,39.33085353003161],[-0.2826,39.330653319283456],[-0.28240000000000004,39.330653319283456],[-0.28240000000000004,39.33085353003161],[-0.28200000000000003,39.33085353003161],[-0.28200000000000003,39.33125395152793],[-0.28180000000000005,39.33125395152793],[-0.28180000000000005,39.331053740779765],[-0.2816,39.331053740779765],[-0.2816,39.330052687038986],[-0.2826,39.330052687038986],[-0.2826,39.32985247629083],[-0.28240000000000004,39.32985247629083],[-0.28240000000000004,39.32925184404637],[-0.2816,39.32925184404637],[-0.28180000000000005,39.32965226554268],[-0.28140000000000004,39.32985247629083],[-0.28140000000000004,39.3304531085353],[-0.2812,39.3304531085353],[-0.2812,39.33025289778715],[-0.28080000000000005,39.33025289778715],[-0.28080000000000005,39.330653319283456],[-0.2812,39.33085353003161],[-0.2812,39.33145416227608],[-0.281,39.33145416227608],[-0.28080000000000005,39.33185458377239],[-0.2806,39.33185458377239],[-0.2806,39.33205479452055],[-0.2802,39.33205479452055],[-0.2802,39.33245521601686],[-0.28040000000000004,39.33245521601686],[-0.28040000000000004,39.332655426765015],[-0.281,39.332655426765015],[-0.281,39.33285563751317],[-0.28040000000000004,39.33285563751317],[-0.28040000000000004,39.33305584826133],[-0.2806,39.33305584826133],[-0.2806,39.333656480505795],[-0.28040000000000004,39.333656480505795],[-0.28040000000000004,39.33385669125395],[-0.2802,39.33385669125395],[-0.2802,39.33345626975764],[-0.27980000000000005,39.33345626975764],[-0.2796,39.33385669125395],[-0.2786,39.33385669125395],[-0.2786,39.33405690200211],[-0.27780000000000005,39.33405690200211],[-0.2776,39.333656480505795],[-0.27820000000000006,39.333656480505795],[-0.27820000000000006,39.33345626975764],[-0.27840000000000004,39.33345626975764],[-0.27840000000000004,39.33305584826133],[-0.2786,39.33305584826133],[-0.2786,39.333256059009486],[-0.27880000000000005,39.333256059009486],[-0.27880000000000005,39.33305584826133],[-0.2792,39.33305584826133],[-0.2792,39.33285563751317],[-0.27880000000000005,39.33285563751317],[-0.2786,39.33245521601686],[-0.278,39.33245521601686],[-0.278,39.332655426765015],[-0.27720000000000006,39.332655426765015],[-0.27720000000000006,39.33285563751317],[-0.27640000000000003,39.33285563751317],[-0.27640000000000003,39.33305584826133],[-0.277,39.33305584826133],[-0.277,39.333256059009486],[-0.27720000000000006,39.333256059009486],[-0.27720000000000006,39.33305584826133],[-0.2776,39.33305584826133],[-0.2776,39.33345626975764],[-0.27720000000000006,39.33345626975764],[-0.27720000000000006,39.33385669125395],[-0.27680000000000005,39.33385669125395],[-0.27680000000000005,39.334257112750265],[-0.27720000000000006,39.334257112750265],[-0.27720000000000006,39.334657534246574],[-0.27740000000000004,39.334657534246574],[-0.27740000000000004,39.33485774499473],[-0.27780000000000005,39.33485774499473],[-0.27780000000000005,39.33505795574289],[-0.2786,39.335258166491045],[-0.2786,39.3354583772392],[-0.27820000000000006,39.3354583772392],[-0.27820000000000006,39.336259220231824],[-0.27840000000000004,39.336259220231824],[-0.27840000000000004,39.33665964172813],[-0.27820000000000006,39.33665964172813],[-0.27820000000000006,39.33766069546891],[-0.2786,39.33766069546891],[-0.2786,39.33746048472076],[-0.27880000000000005,39.33746048472076],[-0.27880000000000005,39.336859852476294],[-0.279,39.336859852476294],[-0.279,39.33665964172813],[-0.27980000000000005,39.33665964172813],[-0.27980000000000005,39.336859852476294],[-0.28,39.336859852476294],[-0.28,39.33665964172813],[-0.28040000000000004,39.33665964172813],[-0.28040000000000004,39.336259220231824],[-0.2796,39.336259220231824],[-0.2796,39.33645943097998],[-0.2792,39.33645943097998],[-0.2792,39.33605900948367],[-0.27940000000000004,39.33605900948367],[-0.27940000000000004,39.335858798735515],[-0.2796,39.335858798735515],[-0.2796,39.33605900948367],[-0.28,39.33605900948367],[-0.2802,39.33565858798735],[-0.28,39.33565858798735],[-0.28,39.3354583772392],[-0.279,39.3354583772392],[-0.279,39.33565858798735],[-0.27880000000000005,39.33565858798735],[-0.27880000000000005,39.335258166491045],[-0.279,39.335258166491045],[-0.279,39.33505795574289],[-0.27940000000000004,39.33505795574289],[-0.27940000000000004,39.33485774499473],[-0.27980000000000005,39.334657534246574],[-0.27980000000000005,39.33405690200211],[-0.28,39.33405690200211],[-0.28,39.334257112750265],[-0.281,39.334257112750265],[-0.281,39.33445732349842],[-0.28080000000000005,39.33445732349842],[-0.28080000000000005,39.33485774499473],[-0.2812,39.334657534246574],[-0.2812,39.334257112750265],[-0.28140000000000004,39.334257112750265],[-0.28140000000000004,39.33445732349842],[-0.28180000000000005,39.33445732349842],[-0.28180000000000005,39.334257112750265],[-0.28140000000000004,39.33405690200211],[-0.28140000000000004,39.33345626975764],[-0.281,39.33345626975764],[-0.281,39.333256059009486],[-0.28180000000000005,39.333256059009486],[-0.28180000000000005,39.33345626975764],[-0.2822,39.33345626975764],[-0.28240000000000004,39.332255005268706],[-0.28280000000000005,39.33205479452055],[-0.28280000000000005,39.331654373024236],[-0.28300000000000003,39.331654373024236],[-0.28300000000000003,39.33205479452055],[-0.2832,39.33205479452055],[-0.2832,39.332255005268706],[-0.2836,39.332255005268706],[-0.2836,39.33245521601686],[-0.2832,39.332655426765015],[-0.28340000000000004,39.33305584826133],[-0.28300000000000003,39.33305584826133],[-0.28280000000000005,39.33385669125395],[-0.28340000000000004,39.33385669125395],[-0.28340000000000004,39.334257112750265],[-0.28400000000000003,39.334257112750265],[-0.28400000000000003,39.33405690200211],[-0.28440000000000004,39.33405690200211],[-0.28440000000000004,39.33385669125395],[-0.28480000000000005,39.33385669125395],[-0.28480000000000005,39.33405690200211],[-0.28500000000000003,39.33405690200211],[-0.28500000000000003,39.334257112750265],[-0.2846,39.334257112750265],[-0.28480000000000005,39.334657534246574],[-0.2836,39.334657534246574],[-0.2836,39.33505795574289],[-0.28300000000000003,39.33505795574289],[-0.2832,39.334257112750265],[-0.2826,39.334257112750265],[-0.2826,39.33445732349842],[-0.28280000000000005,39.33445732349842],[-0.28280000000000005,39.33485774499473],[-0.2826,39.33485774499473],[-0.2826,39.3354583772392],[-0.28240000000000004,39.3354583772392],[-0.28240000000000004,39.335858798735515],[-0.28300000000000003,39.335858798735515]],[[-0.2856,39.335858798735515],[-0.28580000000000005,39.335858798735515],[-0.28580000000000005,39.33565858798735],[-0.2856,39.33565858798735],[-0.2856,39.335858798735515]],[[-0.28680000000000005,39.33305584826133],[-0.28680000000000005,39.333256059009486],[-0.28700000000000003,39.333256059009486],[-0.2872,39.333656480505795],[-0.28740000000000004,39.333656480505795],[-0.28740000000000004,39.333256059009486],[-0.2876,39.333256059009486],[-0.2876,39.33305584826133],[-0.28800000000000003,39.33305584826133],[-0.28800000000000003,39.33285563751317],[-0.28740000000000004,39.33285563751317],[-0.2876,39.33245521601686],[-0.2872,39.33245521601686],[-0.2872,39.332655426765015],[-0.2866,39.332655426765015],[-0.2866,39.33305584826133],[-0.28680000000000005,39.33305584826133]],[[-0.28740000000000004,39.33385669125395],[-0.28800000000000003,39.33385669125395],[-0.28800000000000003,39.33345626975764],[-0.28780000000000006,39.33345626975764],[-0.28780000000000006,39.333656480505795],[-0.28740000000000004,39.333656480505795],[-0.28740000000000004,39.33385669125395]],[[-0.2872,39.33385669125395],[-0.2872,39.33405690200211],[-0.2866,39.33405690200211],[-0.2866,39.33445732349842],[-0.28680000000000005,39.33445732349842],[-0.28700000000000003,39.33485774499473],[-0.28740000000000004,39.334657534246574],[-0.28740000000000004,39.33445732349842],[-0.28800000000000003,39.33445732349842],[-0.28800000000000003,39.334257112750265],[-0.28740000000000004,39.334257112750265],[-0.28740000000000004,39.33385669125395],[-0.2872,39.33385669125395]],[[-0.2872,39.33505795574289],[-0.28780000000000006,39.33505795574289],[-0.28780000000000006,39.33485774499473],[-0.2872,39.33485774499473],[-0.2872,39.33505795574289]],[[-0.28800000000000003,39.333256059009486],[-0.2882,39.333256059009486],[-0.2882,39.33305584826133],[-0.28800000000000003,39.33305584826133],[-0.28800000000000003,39.333256059009486]],[[-0.2846,39.333256059009486],[-0.2852,39.333256059009486],[-0.2852,39.33345626975764],[-0.28540000000000004,39.33345626975764],[-0.28540000000000004,39.33305584826133],[-0.2852,39.33305584826133],[-0.2852,39.33285563751317],[-0.2846,39.33285563751317],[-0.2846,39.333256059009486]],[[-0.28280000000000005,39.330653319283456],[-0.28280000000000005,39.3304531085353],[-0.2826,39.3304531085353],[-0.2826,39.330653319283456],[-0.28280000000000005,39.330653319283456]],[[-0.28080000000000005,39.33125395152793],[-0.2806,39.33125395152793],[-0.2806,39.330653319283456],[-0.27980000000000005,39.330653319283456],[-0.27980000000000005,39.33025289778715],[-0.27940000000000004,39.33025289778715],[-0.27940000000000004,39.33085353003161],[-0.2796,39.33085353003161],[-0.2796,39.33125395152793],[-0.27980000000000005,39.33125395152793],[-0.27980000000000005,39.33085353003161],[-0.2802,39.33085353003161],[-0.2802,39.33145416227608],[-0.2806,39.33145416227608],[-0.2806,39.331654373024236],[-0.28080000000000005,39.331654373024236],[-0.28080000000000005,39.33125395152793]],[[-0.27620000000000006,39.33305584826133],[-0.27620000000000006,39.333256059009486],[-0.27640000000000003,39.333256059009486],[-0.27640000000000003,39.33305584826133],[-0.27620000000000006,39.33305584826133]],[[-0.2766,39.334257112750265],[-0.2766,39.33445732349842],[-0.27680000000000005,39.33445732349842],[-0.27680000000000005,39.334257112750265],[-0.2766,39.334257112750265]],[[-0.28040000000000004,39.336859852476294],[-0.2806,39.336859852476294],[-0.2806,39.33665964172813],[-0.28040000000000004,39.33665964172813],[-0.28040000000000004,39.336859852476294]],[[-0.28080000000000005,39.336259220231824],[-0.28080000000000005,39.335858798735515],[-0.28040000000000004,39.335858798735515],[-0.28040000000000004,39.336259220231824],[-0.28080000000000005,39.336259220231824]],[[-0.28240000000000004,39.33445732349842],[-0.28240000000000004,39.334657534246574],[-0.2826,39.334657534246574],[-0.2826,39.33445732349842],[-0.28240000000000004,39.33445732349842]],[[-0.28240000000000004,39.33505795574289],[-0.28200000000000003,39.33505795574289],[-0.28200000000000003,39.3354583772392],[-0.28180000000000005,39.3354583772392],[-0.28180000000000005,39.33565858798735],[-0.2822,39.33565858798735],[-0.2822,39.3354583772392],[-0.28240000000000004,39.3354583772392],[-0.28240000000000004,39.33505795574289]],[[-0.2812,39.3354583772392],[-0.28140000000000004,39.3354583772392],[-0.28140000000000004,39.335258166491045],[-0.281,39.335258166491045],[-0.281,39.3354583772392],[-0.28040000000000004,39.3354583772392],[-0.28040000000000004,39.33565858798735],[-0.2812,39.33565858798735],[-0.2812,39.3354583772392]],[[-0.28080000000000005,39.33846153846154],[-0.2806,39.33846153846154],[-0.2806,39.33866174920969],[-0.28080000000000005,39.33866174920969],[-0.28080000000000005,39.33846153846154]],[[-0.2786,39.33826132771338],[-0.27820000000000006,39.33826132771338],[-0.27840000000000004,39.33866174920969],[-0.2786,39.33866174920969],[-0.2786,39.33826132771338]],[[-0.2892,39.33806111696523],[-0.28900000000000003,39.33806111696523],[-0.28880000000000006,39.33846153846154],[-0.2892,39.33846153846154],[-0.2892,39.33806111696523]],[[-0.2792,39.33766069546891],[-0.27940000000000004,39.33766069546891],[-0.27940000000000004,39.33746048472076],[-0.28,39.33746048472076],[-0.28,39.3372602739726],[-0.27980000000000005,39.3372602739726],[-0.27980000000000005,39.33706006322445],[-0.279,39.33706006322445],[-0.279,39.337860906217074],[-0.27880000000000005,39.337860906217074],[-0.27880000000000005,39.33826132771338],[-0.2792,39.33826132771338],[-0.2792,39.33766069546891]],[[-0.2862,39.337860906217074],[-0.28600000000000003,39.337860906217074],[-0.28600000000000003,39.33806111696523],[-0.2862,39.33806111696523],[-0.2862,39.337860906217074]],[[-0.2812,39.337860906217074],[-0.28080000000000005,39.337860906217074],[-0.28080000000000005,39.33806111696523],[-0.2812,39.33806111696523],[-0.2812,39.337860906217074]],[[-0.28780000000000006,39.337860906217074],[-0.28800000000000003,39.337860906217074],[-0.28800000000000003,39.33766069546891],[-0.28780000000000006,39.33766069546891],[-0.28780000000000006,39.337860906217074]],[[-0.28780000000000006,39.33746048472076],[-0.2876,39.33746048472076],[-0.2876,39.3372602739726],[-0.2872,39.3372602739726],[-0.28700000000000003,39.33766069546891],[-0.28780000000000006,39.33766069546891],[-0.28780000000000006,39.33746048472076]],[[-0.28700000000000003,39.336859852476294],[-0.2866,39.336859852476294],[-0.2866,39.33645943097998],[-0.28680000000000005,39.33645943097998],[-0.28700000000000003,39.33605900948367],[-0.28640000000000004,39.33605900948367],[-0.28640000000000004,39.33565858798735],[-0.28600000000000003,39.33565858798735],[-0.28600000000000003,39.336259220231824],[-0.2852,39.336259220231824],[-0.2852,39.33645943097998],[-0.2856,39.33645943097998],[-0.28540000000000004,39.336859852476294],[-0.28580000000000005,39.33706006322445],[-0.28580000000000005,39.33746048472076],[-0.2862,39.33746048472076],[-0.2862,39.33766069546891],[-0.28640000000000004,39.33766069546891],[-0.28640000000000004,39.33706006322445],[-0.2866,39.33706006322445],[-0.2866,39.3372602739726],[-0.28700000000000003,39.33746048472076],[-0.28700000000000003,39.336859852476294]],[[-0.2872,39.336859852476294],[-0.2872,39.33665964172813],[-0.28700000000000003,39.33665964172813],[-0.28700000000000003,39.336859852476294],[-0.2872,39.336859852476294]],[[-0.2892,39.336859852476294],[-0.2892,39.33665964172813],[-0.28900000000000003,39.33665964172813],[-0.28900000000000003,39.3372602739726],[-0.28880000000000006,39.3372602739726],[-0.28880000000000006,39.33746048472076],[-0.2892,39.33746048472076],[-0.2892,39.33766069546891],[-0.2902,39.33766069546891],[-0.29000000000000004,39.3372602739726],[-0.2896,39.33746048472076],[-0.2896,39.3372602739726],[-0.28940000000000005,39.3372602739726],[-0.28940000000000005,39.336859852476294],[-0.2892,39.336859852476294]],[[-0.2886,39.33746048472076],[-0.2886,39.33766069546891],[-0.28880000000000006,39.33766069546891],[-0.28880000000000006,39.33746048472076],[-0.2886,39.33746048472076]],[[-0.2886,39.33665964172813],[-0.2882,39.33645943097998],[-0.2882,39.336859852476294],[-0.28780000000000006,39.336859852476294],[-0.28780000000000006,39.33706006322445],[-0.2882,39.33706006322445],[-0.2882,39.3372602739726],[-0.2886,39.33746048472076],[-0.2886,39.33665964172813]],[[-0.2882,39.336259220231824],[-0.2876,39.336259220231824],[-0.28780000000000006,39.335858798735515],[-0.2882,39.335858798735515],[-0.2882,39.33505795574289],[-0.28800000000000003,39.33505795574289],[-0.28780000000000006,39.3354583772392],[-0.2876,39.3354583772392],[-0.2876,39.335858798735515],[-0.28740000000000004,39.335858798735515],[-0.28740000000000004,39.336259220231824],[-0.2872,39.336259220231824],[-0.2872,39.33645943097998],[-0.2882,39.33645943097998],[-0.2882,39.336259220231824]],[[-0.281,39.33706006322445],[-0.28080000000000005,39.33706006322445],[-0.28080000000000005,39.33766069546891],[-0.2812,39.33746048472076],[-0.281,39.33706006322445]],[[-0.28540000000000004,39.33706006322445],[-0.28500000000000003,39.33706006322445],[-0.28500000000000003,39.33746048472076],[-0.28540000000000004,39.33746048472076],[-0.28540000000000004,39.33706006322445]],[[-0.2766,39.33706006322445],[-0.2776,39.33706006322445],[-0.2776,39.3372602739726],[-0.278,39.3372602739726],[-0.278,39.336859852476294],[-0.2776,39.336859852476294],[-0.2776,39.33645943097998],[-0.27780000000000005,39.33645943097998],[-0.27780000000000005,39.336259220231824],[-0.27740000000000004,39.336259220231824],[-0.27720000000000006,39.33665964172813],[-0.277,39.33665964172813],[-0.277,39.336859852476294],[-0.2766,39.336859852476294],[-0.2766,39.33706006322445]],[[-0.29000000000000004,39.33645943097998],[-0.2896,39.33665964172813],[-0.2896,39.336859852476294],[-0.29000000000000004,39.336859852476294],[-0.29000000000000004,39.33645943097998]],[[-0.2932,39.33645943097998],[-0.29300000000000004,39.33645943097998],[-0.29300000000000004,39.33665964172813],[-0.2932,39.33665964172813],[-0.2932,39.33645943097998]],[[-0.2892,39.33605900948367],[-0.28940000000000005,39.33605900948367],[-0.28940000000000005,39.336259220231824],[-0.28980000000000006,39.336259220231824],[-0.28980000000000006,39.335858798735515],[-0.28940000000000005,39.335858798735515],[-0.28940000000000005,39.33565858798735],[-0.2892,39.33565858798735],[-0.2892,39.33605900948367]],[[-0.28880000000000006,39.33605900948367],[-0.2886,39.33605900948367],[-0.2886,39.336259220231824],[-0.28880000000000006,39.336259220231824],[-0.28880000000000006,39.33605900948367]],[[-0.28880000000000006,39.33565858798735],[-0.28900000000000003,39.33565858798735],[-0.28900000000000003,39.3354583772392],[-0.2886,39.3354583772392],[-0.2886,39.335858798735515],[-0.28880000000000006,39.335858798735515],[-0.28880000000000006,39.33565858798735]],[[-0.28680000000000005,39.33565858798735],[-0.2866,39.33565858798735],[-0.2866,39.335858798735515],[-0.28680000000000005,39.335858798735515],[-0.28680000000000005,39.33565858798735]],[[-0.2866,39.334657534246574],[-0.28640000000000004,39.334657534246574],[-0.28640000000000004,39.33485774499473],[-0.28600000000000003,39.33485774499473],[-0.28600000000000003,39.33505795574289],[-0.2862,39.33505795574289],[-0.2862,39.3354583772392],[-0.2866,39.335258166491045],[-0.2866,39.334657534246574]],[[-0.28,39.33505795574289],[-0.27980000000000005,39.33505795574289],[-0.27980000000000005,39.335258166491045],[-0.28,39.335258166491045],[-0.28,39.33505795574289]],[[-0.2822,39.334657534246574],[-0.28180000000000005,39.334657534246574],[-0.28180000000000005,39.33485774499473],[-0.2822,39.33485774499473],[-0.2822,39.334657534246574]],[[-0.28040000000000004,39.334657534246574],[-0.2806,39.334657534246574],[-0.2806,39.33445732349842],[-0.28,39.33445732349842],[-0.28,39.33485774499473],[-0.28040000000000004,39.33485774499473],[-0.28040000000000004,39.334657534246574]],[[-0.2822,39.333656480505795],[-0.2816,39.333656480505795],[-0.2816,39.33385669125395],[-0.2822,39.33385669125395],[-0.2822,39.333656480505795]],[[-0.2766,39.333656480505795],[-0.27680000000000005,39.333656480505795],[-0.27680000000000005,39.33345626975764],[-0.27640000000000003,39.33345626975764],[-0.27640000000000003,39.33385669125395],[-0.2766,39.33385669125395],[-0.2766,39.333656480505795]],[[-0.2792,39.33345626975764],[-0.2786,39.33345626975764],[-0.2786,39.333656480505795],[-0.2792,39.333656480505795],[-0.2792,39.33345626975764]],[[-0.2826,39.33305584826133],[-0.28240000000000004,39.33305584826133],[-0.28240000000000004,39.33345626975764],[-0.2826,39.33345626975764],[-0.2826,39.33305584826133]],[[-0.27940000000000004,39.33205479452055],[-0.2792,39.33205479452055],[-0.2792,39.332655426765015],[-0.2796,39.33245521601686],[-0.27940000000000004,39.33205479452055]],[[-0.28900000000000003,39.33205479452055],[-0.2886,39.33205479452055],[-0.2886,39.33245521601686],[-0.28900000000000003,39.33245521601686],[-0.28900000000000003,39.33205479452055]],[[-0.28600000000000003,39.331053740779765],[-0.2862,39.331053740779765],[-0.2862,39.33025289778715],[-0.28580000000000005,39.33025289778715],[-0.28580000000000005,39.3304531085353],[-0.2856,39.3304531085353],[-0.2856,39.330653319283456],[-0.28580000000000005,39.330653319283456],[-0.28580000000000005,39.33125395152793],[-0.2852,39.33125395152793],[-0.2852,39.331053740779765],[-0.28500000000000003,39.331053740779765],[-0.28500000000000003,39.33145416227608],[-0.28540000000000004,39.33145416227608],[-0.28540000000000004,39.331654373024236],[-0.28600000000000003,39.331654373024236],[-0.28600000000000003,39.33185458377239],[-0.28580000000000005,39.33185458377239],[-0.28600000000000003,39.332255005268706],[-0.2862,39.332255005268706],[-0.2862,39.33185458377239],[-0.28700000000000003,39.33185458377239],[-0.28700000000000003,39.33205479452055],[-0.28740000000000004,39.33205479452055],[-0.28740000000000004,39.331654373024236],[-0.2876,39.331654373024236],[-0.2876,39.33145416227608],[-0.28680000000000005,39.33145416227608],[-0.28680000000000005,39.331654373024236],[-0.2862,39.331654373024236],[-0.2862,39.33145416227608],[-0.28600000000000003,39.33145416227608],[-0.28600000000000003,39.331053740779765]],[[-0.2882,39.33185458377239],[-0.28800000000000003,39.33185458377239],[-0.28800000000000003,39.33205479452055],[-0.2882,39.33205479452055],[-0.2882,39.33185458377239]],[[-0.28480000000000005,39.33145416227608],[-0.2846,39.33145416227608],[-0.2846,39.331654373024236],[-0.28480000000000005,39.331654373024236],[-0.28480000000000005,39.33145416227608]],[[-0.28,39.33145416227608],[-0.27940000000000004,39.33145416227608],[-0.27940000000000004,39.331654373024236],[-0.28,39.331654373024236],[-0.28,39.33145416227608]],[[-0.28340000000000004,39.330653319283456],[-0.28380000000000005,39.330653319283456],[-0.28400000000000003,39.331053740779765],[-0.2846,39.331053740779765],[-0.2846,39.3304531085353],[-0.28440000000000004,39.3304531085353],[-0.28440000000000004,39.33025289778715],[-0.28380000000000005,39.33025289778715],[-0.28380000000000005,39.3304531085353],[-0.28340000000000004,39.33025289778715],[-0.28340000000000004,39.3304531085353],[-0.2832,39.3304531085353],[-0.2832,39.33085353003161],[-0.28340000000000004,39.33085353003161],[-0.28340000000000004,39.330653319283456]],[[-0.2866,39.3304531085353],[-0.28640000000000004,39.3304531085353],[-0.28640000000000004,39.330653319283456],[-0.2866,39.330653319283456],[-0.2866,39.3304531085353]],[[-0.28200000000000003,39.33025289778715],[-0.28180000000000005,39.33025289778715],[-0.28180000000000005,39.330653319283456],[-0.28200000000000003,39.330653319283456],[-0.28200000000000003,39.33025289778715]],[[-0.28080000000000005,39.32945205479452],[-0.28040000000000004,39.32945205479452],[-0.28040000000000004,39.32985247629083],[-0.2806,39.32985247629083],[-0.2806,39.330052687038986],[-0.28080000000000005,39.330052687038986],[-0.28080000000000005,39.32945205479452]],[[-0.2802,39.32925184404637],[-0.27940000000000004,39.32925184404637],[-0.2792,39.32965226554268],[-0.2796,39.32985247629083],[-0.2796,39.32945205479452],[-0.28,39.32945205479452],[-0.28,39.32985247629083],[-0.2802,39.32985247629083],[-0.2802,39.32925184404637]],[[-0.28300000000000003,39.32945205479452],[-0.28280000000000005,39.32945205479452],[-0.28280000000000005,39.32965226554268],[-0.28300000000000003,39.32965226554268],[-0.28300000000000003,39.32945205479452]],[[-0.2812,39.32945205479452],[-0.281,39.32945205479452],[-0.281,39.32965226554268],[-0.2812,39.32965226554268],[-0.2812,39.32945205479452]],[[-0.28240000000000004,39.32825079030559],[-0.28200000000000003,39.32845100105374],[-0.28200000000000003,39.32885142255005],[-0.28240000000000004,39.3286512118019],[-0.28240000000000004,39.32885142255005],[-0.2826,39.32885142255005],[-0.2826,39.32925184404637],[-0.28300000000000003,39.32925184404637],[-0.28300000000000003,39.3286512118019],[-0.28280000000000005,39.3286512118019],[-0.28280000000000005,39.32845100105374],[-0.2832,39.32845100105374],[-0.2832,39.32885142255005],[-0.28340000000000004,39.32885142255005],[-0.28340000000000004,39.32805057955743],[-0.2832,39.32805057955743],[-0.2832,39.32785036880927],[-0.28280000000000005,39.32785036880927],[-0.28280000000000005,39.32805057955743],[-0.28240000000000004,39.32805057955743],[-0.28240000000000004,39.32825079030559]],[[-0.28080000000000005,39.32905163329821],[-0.2806,39.32905163329821],[-0.2806,39.32925184404637],[-0.28080000000000005,39.32925184404637],[-0.28080000000000005,39.32905163329821]],[[-0.28,39.32905163329821],[-0.27980000000000005,39.3286512118019],[-0.27940000000000004,39.32885142255005],[-0.27940000000000004,39.32905163329821],[-0.28,39.32905163329821]],[[-0.28,39.3286512118019],[-0.28,39.32845100105374],[-0.27980000000000005,39.32845100105374],[-0.27980000000000005,39.3286512118019],[-0.28,39.3286512118019]],[[-0.2806,39.32845100105374],[-0.2806,39.3286512118019],[-0.28080000000000005,39.3286512118019],[-0.28080000000000005,39.32845100105374],[-0.2812,39.32845100105374],[-0.281,39.32885142255005],[-0.28140000000000004,39.32885142255005],[-0.28140000000000004,39.3286512118019],[-0.2816,39.3286512118019],[-0.28140000000000004,39.32825079030559],[-0.281,39.32825079030559],[-0.281,39.32765015806112],[-0.2806,39.32765015806112],[-0.2806,39.3272497365648],[-0.28040000000000004,39.3272497365648],[-0.28040000000000004,39.32805057955743],[-0.2802,39.32805057955743],[-0.28,39.32765015806112],[-0.27940000000000004,39.32765015806112],[-0.27940000000000004,39.32805057955743],[-0.2796,39.32805057955743],[-0.2796,39.32825079030559],[-0.28,39.32805057955743],[-0.28,39.32845100105374],[-0.2806,39.32845100105374]],[[-0.2792,39.32825079030559],[-0.2792,39.32845100105374],[-0.2796,39.32845100105374],[-0.2796,39.32825079030559],[-0.2792,39.32825079030559]],[[-0.27780000000000005,39.32785036880927],[-0.27780000000000005,39.32825079030559],[-0.27840000000000004,39.32825079030559],[-0.27840000000000004,39.32785036880927],[-0.27780000000000005,39.32785036880927]],[[-0.279,39.32785036880927],[-0.279,39.32765015806112],[-0.2786,39.32765015806112],[-0.2786,39.327449947312964],[-0.279,39.327449947312964],[-0.279,39.3272497365648],[-0.27940000000000004,39.3272497365648],[-0.27940000000000004,39.32704952581665],[-0.27980000000000005,39.32704952581665],[-0.27980000000000005,39.32684931506849],[-0.2796,39.32684931506849],[-0.2796,39.32664910432034],[-0.27880000000000005,39.32684931506849],[-0.27880000000000005,39.32664910432034],[-0.279,39.32664910432034],[-0.279,39.326448893572184],[-0.27880000000000005,39.326448893572184],[-0.27880000000000005,39.32604847207587],[-0.2792,39.32604847207587],[-0.2792,39.32564805057956],[-0.27880000000000005,39.325848261327714],[-0.27880000000000005,39.32524762908324],[-0.27840000000000004,39.32524762908324],[-0.2786,39.32564805057956],[-0.27840000000000004,39.32564805057956],[-0.27840000000000004,39.32604847207587],[-0.278,39.32624868282402],[-0.278,39.326448893572184],[-0.27780000000000005,39.326448893572184],[-0.27780000000000005,39.32684931506849],[-0.27820000000000006,39.32684931506849],[-0.27820000000000006,39.3272497365648],[-0.27780000000000005,39.3272497365648],[-0.27780000000000005,39.327449947312964],[-0.2776,39.327449947312964],[-0.2776,39.3272497365648],[-0.27720000000000006,39.3272497365648],[-0.27720000000000006,39.32684931506849],[-0.27680000000000005,39.32684931506849],[-0.27680000000000005,39.32704952581665],[-0.277,39.32704952581665],[-0.27680000000000005,39.32785036880927],[-0.27720000000000006,39.32785036880927],[-0.27720000000000006,39.32765015806112],[-0.27820000000000006,39.32765015806112],[-0.27820000000000006,39.327449947312964],[-0.27840000000000004,39.327449947312964],[-0.27840000000000004,39.32785036880927],[-0.279,39.32785036880927]],[[-0.28,39.32664910432034],[-0.28,39.32704952581665],[-0.28040000000000004,39.32704952581665],[-0.28040000000000004,39.32684931506849],[-0.2802,39.32684931506849],[-0.2802,39.32624868282402],[-0.27980000000000005,39.32624868282402],[-0.27980000000000005,39.325848261327714],[-0.28,39.325848261327714],[-0.28,39.32564805057956],[-0.2796,39.32564805057956],[-0.2796,39.32604847207587],[-0.27940000000000004,39.32604847207587],[-0.27940000000000004,39.32624868282402],[-0.2796,39.32624868282402],[-0.2796,39.32664910432034],[-0.28,39.32664910432034]],[[-0.27680000000000005,39.3272497365648],[-0.2766,39.3272497365648],[-0.2766,39.32684931506849],[-0.27620000000000006,39.32704952581665],[-0.27620000000000006,39.3272497365648],[-0.27640000000000003,39.3272497365648],[-0.27640000000000003,39.32765015806112],[-0.27680000000000005,39.327449947312964],[-0.27680000000000005,39.3272497365648]],[[-0.27620000000000006,39.32765015806112],[-0.27620000000000006,39.32785036880927],[-0.27640000000000003,39.32785036880927],[-0.27640000000000003,39.32765015806112],[-0.27620000000000006,39.32765015806112]],[[-0.2816,39.32785036880927],[-0.2812,39.32785036880927],[-0.2812,39.32805057955743],[-0.2816,39.32805057955743],[-0.2816,39.32785036880927]],[[-0.28200000000000003,39.32765015806112],[-0.28180000000000005,39.32765015806112],[-0.28180000000000005,39.32785036880927],[-0.28200000000000003,39.32785036880927],[-0.28200000000000003,39.32765015806112]],[[-0.28140000000000004,39.32765015806112],[-0.28140000000000004,39.327449947312964],[-0.28180000000000005,39.327449947312964],[-0.28180000000000005,39.32704952581665],[-0.2816,39.32704952581665],[-0.2816,39.3272497365648],[-0.2812,39.3272497365648],[-0.2812,39.32765015806112],[-0.28140000000000004,39.32765015806112]],[[-0.28200000000000003,39.32704952581665],[-0.28200000000000003,39.32684931506849],[-0.28180000000000005,39.32684931506849],[-0.28180000000000005,39.32704952581665],[-0.28200000000000003,39.32704952581665]],[[-0.28240000000000004,39.32704952581665],[-0.2822,39.32704952581665],[-0.2822,39.3272497365648],[-0.28240000000000004,39.3272497365648],[-0.28240000000000004,39.32704952581665]],[[-0.28080000000000005,39.32684931506849],[-0.28200000000000003,39.32664910432034],[-0.28180000000000005,39.325848261327714],[-0.2826,39.32604847207587],[-0.2826,39.325848261327714],[-0.2822,39.32564805057956],[-0.2822,39.325447839831405],[-0.28180000000000005,39.325447839831405],[-0.28180000000000005,39.32524762908324],[-0.28200000000000003,39.32524762908324],[-0.2822,39.324847207586934],[-0.2826,39.324847207586934],[-0.2826,39.32464699683878],[-0.28180000000000005,39.32464699683878],[-0.28180000000000005,39.324847207586934],[-0.2816,39.324847207586934],[-0.2816,39.32524762908324],[-0.2812,39.32524762908324],[-0.2812,39.32504741833509],[-0.28080000000000005,39.32524762908324],[-0.281,39.32564805057956],[-0.28080000000000005,39.32564805057956],[-0.28080000000000005,39.325848261327714],[-0.28040000000000004,39.325848261327714],[-0.28040000000000004,39.32624868282402],[-0.2806,39.32624868282402],[-0.2806,39.32664910432034],[-0.28080000000000005,39.32664910432034],[-0.28080000000000005,39.32684931506849]],[[-0.28280000000000005,39.325848261327714],[-0.28280000000000005,39.32604847207587],[-0.28300000000000003,39.32604847207587],[-0.28300000000000003,39.325447839831405],[-0.2826,39.325447839831405],[-0.2826,39.325848261327714],[-0.28280000000000005,39.325848261327714]],[[-0.281,39.324847207586934],[-0.28080000000000005,39.324847207586934],[-0.28080000000000005,39.32504741833509],[-0.281,39.32504741833509],[-0.281,39.324847207586934]],[[-0.2812,39.324847207586934],[-0.2812,39.32464699683878],[-0.28140000000000004,39.32464699683878],[-0.28140000000000004,39.324246575342464],[-0.28180000000000005,39.324246575342464],[-0.28180000000000005,39.324446786090625],[-0.28200000000000003,39.324446786090625],[-0.28200000000000003,39.32404636459431],[-0.281,39.32404636459431],[-0.281,39.324246575342464],[-0.28080000000000005,39.324246575342464],[-0.28080000000000005,39.324446786090625],[-0.281,39.324446786090625],[-0.281,39.324847207586934],[-0.2812,39.324847207586934]],[[-0.27680000000000005,39.32624868282402],[-0.27640000000000003,39.32624868282402],[-0.27640000000000003,39.32664910432034],[-0.27680000000000005,39.32664910432034],[-0.27680000000000005,39.32624868282402]],[[-0.2776,39.32624868282402],[-0.27740000000000004,39.32624868282402],[-0.27740000000000004,39.32604847207587],[-0.277,39.32604847207587],[-0.277,39.326448893572184],[-0.2776,39.326448893572184],[-0.2776,39.32624868282402]],[[-0.28400000000000003,39.32604847207587],[-0.28340000000000004,39.32604847207587],[-0.28340000000000004,39.32624868282402],[-0.28400000000000003,39.32624868282402],[-0.28400000000000003,39.32604847207587]],[[-0.28340000000000004,39.32524762908324],[-0.2832,39.32524762908324],[-0.2832,39.325447839831405],[-0.28340000000000004,39.325447839831405],[-0.28340000000000004,39.32524762908324]],[[-0.27980000000000005,39.32524762908324],[-0.28,39.32524762908324],[-0.28,39.325447839831405],[-0.2806,39.325447839831405],[-0.2806,39.32504741833509],[-0.28040000000000004,39.32504741833509],[-0.28040000000000004,39.324847207586934],[-0.2806,39.324847207586934],[-0.2806,39.324446786090625],[-0.28040000000000004,39.324446786090625],[-0.28040000000000004,39.324246575342464],[-0.28,39.324246575342464],[-0.28,39.32464699683878],[-0.2802,39.32464699683878],[-0.2802,39.324847207586934],[-0.27980000000000005,39.324847207586934],[-0.27980000000000005,39.32524762908324]],[[-0.2826,39.32504741833509],[-0.28240000000000004,39.32504741833509],[-0.28240000000000004,39.32524762908324],[-0.2826,39.32524762908324],[-0.2826,39.32504741833509]],[[-0.27940000000000004,39.32504741833509],[-0.2796,39.32504741833509],[-0.2796,39.324847207586934],[-0.27940000000000004,39.324847207586934],[-0.27940000000000004,39.32504741833509]],[[-0.27940000000000004,39.32464699683878],[-0.279,39.32464699683878],[-0.279,39.324847207586934],[-0.27940000000000004,39.324847207586934],[-0.27940000000000004,39.32464699683878]],[[-0.27880000000000005,39.32464699683878],[-0.27840000000000004,39.32464699683878],[-0.27840000000000004,39.32504741833509],[-0.27880000000000005,39.32504741833509],[-0.27880000000000005,39.32464699683878]],[[-0.2786,39.323245521601685],[-0.27840000000000004,39.322845100105376],[-0.27780000000000005,39.322845100105376],[-0.27780000000000005,39.323245521601685],[-0.27740000000000004,39.323245521601685],[-0.27740000000000004,39.32244467860906],[-0.27720000000000006,39.32244467860906],[-0.27720000000000006,39.323445732349846],[-0.27680000000000005,39.323445732349846],[-0.2766,39.32304531085353],[-0.27620000000000006,39.32304531085353],[-0.27620000000000006,39.323645943098],[-0.27740000000000004,39.323645943098],[-0.27720000000000006,39.324446786090625],[-0.27880000000000005,39.324446786090625],[-0.27880000000000005,39.323645943098],[-0.2786,39.323645943098],[-0.2786,39.32404636459431],[-0.27840000000000004,39.32404636459431],[-0.27840000000000004,39.324246575342464],[-0.27780000000000005,39.324246575342464],[-0.27780000000000005,39.323846153846155],[-0.2776,39.323846153846155],[-0.27780000000000005,39.323445732349846],[-0.27840000000000004,39.323445732349846],[-0.27840000000000004,39.323245521601685],[-0.2786,39.323245521601685]],[[-0.2792,39.323645943098],[-0.2792,39.32404636459431],[-0.27940000000000004,39.32404636459431],[-0.27940000000000004,39.323846153846155],[-0.2796,39.323846153846155],[-0.2796,39.32264488935722],[-0.27940000000000004,39.32264488935722],[-0.27940000000000004,39.32304531085353],[-0.2792,39.32304531085353],[-0.27940000000000004,39.323445732349846],[-0.27880000000000005,39.323445732349846],[-0.27880000000000005,39.323645943098],[-0.2792,39.323645943098]],[[-0.2792,39.322845100105376],[-0.27880000000000005,39.322845100105376],[-0.27880000000000005,39.32304531085353],[-0.2792,39.32304531085353],[-0.2792,39.322845100105376]],[[-0.28340000000000004,39.324246575342464],[-0.2836,39.324246575342464],[-0.2836,39.32404636459431],[-0.28340000000000004,39.32404636459431],[-0.28340000000000004,39.324246575342464]],[[-0.28380000000000005,39.32404636459431],[-0.28380000000000005,39.323846153846155],[-0.2836,39.323846153846155],[-0.2836,39.32404636459431],[-0.28380000000000005,39.32404636459431]],[[-0.28340000000000004,39.323846153846155],[-0.2832,39.323846153846155],[-0.2832,39.32404636459431],[-0.28340000000000004,39.32404636459431],[-0.28340000000000004,39.323846153846155]],[[-0.28200000000000003,39.323846153846155],[-0.28280000000000005,39.323846153846155],[-0.28280000000000005,39.323445732349846],[-0.2822,39.323445732349846],[-0.28200000000000003,39.323846153846155]],[[-0.28200000000000003,39.322845100105376],[-0.2816,39.322845100105376],[-0.2816,39.32304531085353],[-0.28180000000000005,39.32304531085353],[-0.28180000000000005,39.323645943098],[-0.28200000000000003,39.323645943098],[-0.28200000000000003,39.322845100105376]],[[-0.276,39.323245521601685],[-0.27580000000000005,39.323245521601685],[-0.27580000000000005,39.323445732349846],[-0.276,39.323445732349846],[-0.276,39.323245521601685]],[[-0.28240000000000004,39.32304531085353],[-0.2822,39.32304531085353],[-0.2822,39.323245521601685],[-0.28240000000000004,39.323245521601685],[-0.28240000000000004,39.32304531085353]],[[-0.28240000000000004,39.32244467860906],[-0.28200000000000003,39.32244467860906],[-0.28200000000000003,39.32264488935722],[-0.28240000000000004,39.32264488935722],[-0.28240000000000004,39.32244467860906]],[[-0.27980000000000005,39.32204425711275],[-0.27980000000000005,39.321844046364596],[-0.28,39.321844046364596],[-0.28,39.32144362486828],[-0.2796,39.32164383561644],[-0.2796,39.32244467860906],[-0.28,39.32244467860906],[-0.28,39.322244467860905],[-0.2802,39.322244467860905],[-0.2802,39.32204425711275],[-0.27980000000000005,39.32204425711275]],[[-0.28040000000000004,39.32204425711275],[-0.28040000000000004,39.321844046364596],[-0.2802,39.321844046364596],[-0.2802,39.32204425711275],[-0.28040000000000004,39.32204425711275]],[[-0.27880000000000005,39.32204425711275],[-0.2786,39.32204425711275],[-0.2786,39.32244467860906],[-0.27880000000000005,39.32244467860906],[-0.27880000000000005,39.32204425711275]],[[-0.2766,39.322244467860905],[-0.2766,39.32204425711275],[-0.27640000000000003,39.32204425711275],[-0.27640000000000003,39.32244467860906],[-0.27680000000000005,39.32244467860906],[-0.27680000000000005,39.322244467860905],[-0.2766,39.322244467860905]],[[-0.27720000000000006,39.322244467860905],[-0.27720000000000006,39.321844046364596],[-0.277,39.321844046364596],[-0.27680000000000005,39.322244467860905],[-0.27720000000000006,39.322244467860905]],[[-0.2792,39.32204425711275],[-0.279,39.32204425711275],[-0.279,39.322244467860905],[-0.2792,39.322244467860905],[-0.2792,39.32204425711275]],[[-0.27820000000000006,39.32144362486828],[-0.278,39.32144362486828],[-0.278,39.32204425711275],[-0.27840000000000004,39.32204425711275],[-0.27840000000000004,39.321844046364596],[-0.2786,39.321844046364596],[-0.2786,39.32144362486828],[-0.27880000000000005,39.32144362486828],[-0.27880000000000005,39.321243414120126],[-0.2786,39.321243414120126],[-0.2786,39.32064278187566],[-0.27820000000000006,39.32064278187566],[-0.27820000000000006,39.32104320337197],[-0.27840000000000004,39.32104320337197],[-0.27820000000000006,39.32144362486828]],[[-0.281,39.32164383561644],[-0.2806,39.32164383561644],[-0.2806,39.321844046364596],[-0.281,39.321844046364596],[-0.281,39.32164383561644]],[[-0.27740000000000004,39.321243414120126],[-0.27720000000000006,39.321243414120126],[-0.27720000000000006,39.32164383561644],[-0.27740000000000004,39.32164383561644],[-0.27740000000000004,39.321243414120126]],[[-0.27980000000000005,39.320242360379346],[-0.2792,39.320242360379346],[-0.2792,39.3204425711275],[-0.279,39.3204425711275],[-0.279,39.32104320337197],[-0.27940000000000004,39.32104320337197],[-0.27940000000000004,39.321243414120126],[-0.28,39.321243414120126],[-0.28,39.32084299262382],[-0.27980000000000005,39.32084299262382],[-0.27980000000000005,39.320242360379346]],[[-0.27740000000000004,39.3204425711275],[-0.27740000000000004,39.32064278187566],[-0.2776,39.32064278187566],[-0.2776,39.3204425711275],[-0.27740000000000004,39.3204425711275]],[[-0.27840000000000004,39.3204425711275],[-0.27840000000000004,39.31984193888304],[-0.278,39.31984193888304],[-0.27780000000000005,39.320242360379346],[-0.2776,39.320242360379346],[-0.2776,39.3204425711275],[-0.27840000000000004,39.3204425711275]],[[-0.2792,39.32004214963119],[-0.2796,39.32004214963119],[-0.2796,39.31964172813488],[-0.2792,39.31964172813488],[-0.2792,39.32004214963119]],[[-0.2792,39.31924130663857],[-0.27880000000000005,39.31904109589041],[-0.27880000000000005,39.31944151738672],[-0.279,39.31944151738672],[-0.279,39.31964172813488],[-0.2792,39.31964172813488],[-0.2792,39.31924130663857]],[[-0.2832,39.31964172813488],[-0.28300000000000003,39.31964172813488],[-0.28300000000000003,39.31984193888304],[-0.2832,39.31984193888304],[-0.2832,39.31964172813488]],[[-0.2816,39.31763962065332],[-0.2812,39.31763962065332],[-0.2812,39.31844046364594],[-0.28080000000000005,39.31844046364594],[-0.28080000000000005,39.318640674394096],[-0.2802,39.318640674394096],[-0.2802,39.31884088514226],[-0.28040000000000004,39.31884088514226],[-0.28040000000000004,39.31904109589041],[-0.2802,39.31904109589041],[-0.2802,39.31984193888304],[-0.2806,39.31984193888304],[-0.2806,39.31964172813488],[-0.2812,39.31964172813488],[-0.2812,39.31904109589041],[-0.28140000000000004,39.31904109589041],[-0.2816,39.31824025289779],[-0.28200000000000003,39.31824025289779],[-0.28180000000000005,39.31783983140148],[-0.2816,39.31783983140148],[-0.2816,39.31763962065332]],[[-0.277,39.31964172813488],[-0.27720000000000006,39.31964172813488],[-0.27720000000000006,39.31984193888304],[-0.2776,39.31984193888304],[-0.2776,39.31924130663857],[-0.27720000000000006,39.31924130663857],[-0.277,39.31964172813488]],[[-0.27840000000000004,39.31944151738672],[-0.27820000000000006,39.31944151738672],[-0.27820000000000006,39.31964172813488],[-0.27840000000000004,39.31964172813488],[-0.27840000000000004,39.31944151738672]],[[-0.278,39.31924130663857],[-0.27780000000000005,39.31924130663857],[-0.27780000000000005,39.31944151738672],[-0.278,39.31944151738672],[-0.278,39.31924130663857]],[[-0.27720000000000006,39.31904109589041],[-0.2776,39.31884088514226],[-0.27740000000000004,39.31844046364594],[-0.27780000000000005,39.31844046364594],[-0.27780000000000005,39.31804004214963],[-0.27720000000000006,39.31804004214963],[-0.27720000000000006,39.31844046364594],[-0.277,39.31844046364594],[-0.277,39.318640674394096],[-0.27720000000000006,39.318640674394096],[-0.27720000000000006,39.31904109589041]],[[-0.27620000000000006,39.31884088514226],[-0.2766,39.31884088514226],[-0.2766,39.31904109589041],[-0.27680000000000005,39.31904109589041],[-0.27680000000000005,39.318640674394096],[-0.27620000000000006,39.318640674394096],[-0.27620000000000006,39.31884088514226]],[[-0.27620000000000006,39.31844046364594],[-0.276,39.31844046364594],[-0.276,39.318640674394096],[-0.27620000000000006,39.318640674394096],[-0.27620000000000006,39.31844046364594]],[[-0.279,39.318640674394096],[-0.2796,39.318640674394096],[-0.2796,39.31884088514226],[-0.27980000000000005,39.31884088514226],[-0.28,39.31844046364594],[-0.279,39.31844046364594],[-0.279,39.318640674394096]],[[-0.278,39.31844046364594],[-0.27840000000000004,39.318640674394096],[-0.27840000000000004,39.31783983140148],[-0.278,39.31804004214963],[-0.278,39.31844046364594]],[[-0.2826,39.31824025289779],[-0.28240000000000004,39.31824025289779],[-0.28240000000000004,39.31844046364594],[-0.2826,39.31844046364594],[-0.2826,39.31824025289779]],[[-0.2826,39.31743940990516],[-0.28240000000000004,39.31743940990516],[-0.28240000000000004,39.31783983140148],[-0.28280000000000005,39.31763962065332],[-0.28280000000000005,39.31723919915701],[-0.2826,39.31723919915701],[-0.2826,39.31743940990516]],[[-0.2766,39.31663856691254],[-0.27640000000000003,39.31663856691254],[-0.27640000000000003,39.3168387776607],[-0.2766,39.3168387776607],[-0.2766,39.31663856691254]],[[-0.28040000000000004,39.315437302423604],[-0.2806,39.315437302423604],[-0.2806,39.31583772391992],[-0.2802,39.316037934668074],[-0.2802,39.31623814541623],[-0.2806,39.31623814541623],[-0.2806,39.316037934668074],[-0.28080000000000005,39.316037934668074],[-0.28080000000000005,39.31643835616438],[-0.281,39.31643835616438],[-0.281,39.31663856691254],[-0.28140000000000004,39.31663856691254],[-0.28140000000000004,39.31623814541623],[-0.281,39.31623814541623],[-0.281,39.31523709167545],[-0.28040000000000004,39.31523709167545],[-0.28040000000000004,39.315437302423604]],[[-0.2802,39.31583772391992],[-0.27980000000000005,39.31583772391992],[-0.27980000000000005,39.316037934668074],[-0.2802,39.316037934668074],[-0.2802,39.31583772391992]],[[-0.27740000000000004,39.31623814541623],[-0.277,39.31623814541623],[-0.277,39.31643835616438],[-0.27740000000000004,39.31643835616438],[-0.27740000000000004,39.31623814541623]],[[-0.27680000000000005,39.31583772391992],[-0.27640000000000003,39.31583772391992],[-0.27640000000000003,39.316037934668074],[-0.27680000000000005,39.316037934668074],[-0.27680000000000005,39.31583772391992]],[[-0.28380000000000005,39.31523709167545],[-0.2836,39.31523709167545],[-0.2836,39.31563751317176],[-0.28380000000000005,39.31563751317176],[-0.28380000000000005,39.31523709167545]],[[-0.2832,39.315036880927295],[-0.28300000000000003,39.315036880927295],[-0.28300000000000003,39.315437302423604],[-0.2832,39.315437302423604],[-0.2832,39.315036880927295]],[[-0.2816,39.31523709167545],[-0.28140000000000004,39.31523709167545],[-0.28140000000000004,39.315437302423604],[-0.2816,39.315437302423604],[-0.2816,39.31523709167545]],[[-0.2832,39.31463645943098],[-0.28300000000000003,39.31463645943098],[-0.28300000000000003,39.31483667017913],[-0.2832,39.31483667017913],[-0.2832,39.31463645943098]],[[-0.2836,39.31423603793467],[-0.2832,39.31423603793467],[-0.28340000000000004,39.31463645943098],[-0.2836,39.31463645943098],[-0.2836,39.31423603793467]],[[-0.2812,39.31423603793467],[-0.281,39.31423603793467],[-0.281,39.31463645943098],[-0.2812,39.31463645943098],[-0.2812,39.31423603793467]],[[-0.2822,39.313435194942045],[-0.28200000000000003,39.313435194942045],[-0.28200000000000003,39.3136354056902],[-0.2822,39.3136354056902],[-0.2822,39.313435194942045]],[[-0.28500000000000003,39.31223393045311],[-0.2846,39.31223393045311],[-0.2846,39.312434141201265],[-0.28500000000000003,39.312434141201265],[-0.28500000000000003,39.31223393045311]]]},"properties":{"area_sqm":2416536.2,"area_ha":241.65,"area_km2":2.4165,"backscatter_change_db":-4.58,"flood_confidence":0.175,"pixel_count":6322,"source":"Sentinel-1 RTC COG log-ratio \u0394\u03c3\u00b0 < \u22123 dB"}}]}